year,month,price,mileage,car_type,brand
2016,1,80000,21.1,Pickup,Tesla
2016,1,120000,28.4,Sedan,Audi
2016,1,18000,33.8,Pickup,Toyota
2016,1,25000,31.5,Convertible,Mazda
2016,1,55000,32.4,Sedan,Honda
2016,1,18000,29.6,Coupe,BMW
2016,1,35000,40.2,Convertible,Mazda
2016,1,65000,47.9,SUV,Honda
2016,1,32000,34.2,Pickup,Chevrolet
2016,1,80000,17.5,SUV,Mercedes
2016,1,20000,45.8,Convertible,Ford
2016,1,70000,40.9,Coupe,Mercedes
2016,1,22000,24.6,Hatchback,Toyota
2016,1,65000,27.9,SUV,BMW
2016,1,38000,28.1,Pickup,Chevrolet
2016,1,60000,34.3,Convertible,Honda
2016,1,22000,38.4,SUV,Nissan
2016,1,32000,43.4,Sedan,Nissan
2016,1,50000,22.8,Hatchback,BMW
2016,1,38000,31.4,SUV,Kia
2016,1,15000,36.6,Sedan,Chevrolet
2016,1,45000,33.4,Pickup,Subaru
2016,1,20000,44.6,SUV,Ford
2016,1,48000,39.1,SUV,Toyota
2016,1,45000,28.2,SUV,Subaru
2016,1,90000,25.0,SUV,Tesla
2016,1,80000,30.8,Sedan,Audi
2016,1,25000,16.2,SUV,Kia
2016,1,18000,25.5,SUV,Honda
2016,1,60000,49.8,Convertible,Toyota
2016,1,38000,35.8,SUV,Nissan
2016,1,48000,34.0,Coupe,BMW
2016,1,65000,18.3,Hatchback,Audi
2016,1,65000,20.7,Hatchback,Honda
2016,1,65000,35.7,Coupe,Audi
2016,1,28000,23.1,Sedan,Hyundai
2016,1,32000,21.3,Pickup,Toyota
2016,1,38000,48.7,SUV,Hyundai
2016,1,28000,42.8,SUV,Hyundai
2016,1,15000,31.7,Sedan,Nissan
2016,1,35000,21.6,SUV,Ford
2016,1,35000,25.7,Hatchback,Ford
2016,1,55000,34.8,Sedan,Honda
2016,1,40000,40.4,Sedan,Nissan
2016,1,75000,40.6,Convertible,Tesla
2016,1,48000,24.4,Hatchback,Honda
2016,1,38000,49.2,Sedan,Hyundai
2016,1,90000,42.2,SUV,Mercedes
2016,1,48000,49.4,Pickup,BMW
2016,1,65000,40.8,SUV,BMW
2016,1,45000,38.1,SUV,Honda
2016,1,55000,33.2,Sedan,BMW
2016,1,120000,20.3,Convertible,Mercedes
2016,1,55000,42.1,SUV,Toyota
2016,1,65000,24.9,Coupe,Audi
2016,1,32000,17.3,Convertible,BMW
2016,1,28000,18.2,Coupe,Hyundai
2016,1,42000,49.4,SUV,Honda
2016,1,55000,41.6,Sedan,Toyota
2016,1,25000,27.9,SUV,Kia
2016,1,38000,15.8,Sedan,Toyota
2016,1,120000,35.7,Coupe,Audi
2016,1,42000,37.9,Coupe,Toyota
2016,1,18000,23.8,SUV,Toyota
2016,1,22000,16.1,Sedan,Nissan
2016,1,50000,24.4,Convertible,Toyota
2016,1,40000,49.3,SUV,Kia
2016,1,48000,34.7,SUV,Subaru
2016,1,100000,36.3,Sedan,BMW
2016,1,55000,46.2,Pickup,Honda
2016,1,25000,27.2,Pickup,Chevrolet
2016,1,32000,26.8,Hatchback,Chevrolet
2016,1,120000,47.4,Pickup,Audi
2016,1,75000,40.8,SUV,BMW
2016,1,25000,29.9,Sedan,Chevrolet
2016,1,65000,23.5,Sedan,BMW
2016,1,22000,27.7,Sedan,Ford
2016,1,38000,15.5,SUV,Toyota
2016,1,35000,39.7,Convertible,Ford
2016,1,75000,47.8,Sedan,Mercedes
2016,2,45000,44.5,Sedan,Toyota
2016,2,28000,38.8,SUV,Honda
2016,2,40000,29.4,Sedan,Hyundai
2016,2,48000,20.5,Sedan,Subaru
2016,2,18000,48.5,Sedan,Toyota
2016,2,40000,24.7,Sedan,Toyota
2016,2,75000,24.0,Sedan,BMW
2016,2,70000,28.1,Sedan,BMW
2016,2,15000,23.5,SUV,Kia
2016,2,50000,31.7,Coupe,Audi
2016,2,22000,47.1,Sedan,Toyota
2016,2,75000,30.0,Sedan,BMW
2016,2,18000,32.5,Hatchback,Hyundai
2016,2,55000,40.4,Sedan,Honda
2016,2,60000,30.8,Sedan,BMW
2016,2,35000,29.3,SUV,Hyundai
2016,2,100000,16.8,Sedan,BMW
2016,2,45000,34.6,Sedan,Subaru
2016,2,40000,16.9,SUV,Toyota
2016,2,55000,30.7,Sedan,Toyota
2016,2,40000,36.0,SUV,Hyundai
2016,2,20000,35.0,SUV,Ford
2016,2,48000,28.2,Pickup,Toyota
2016,2,42000,45.9,SUV,Ford
2016,2,120000,39.2,SUV,Tesla
2016,2,75000,48.5,SUV,Mercedes
2016,2,20000,30.5,SUV,Honda
2016,2,42000,21.3,SUV,Toyota
2016,2,15000,23.8,Coupe,Toyota
2016,2,65000,27.7,SUV,Toyota
2016,2,35000,27.0,Sedan,Ford
2016,2,25000,24.9,Pickup,Chevrolet
2016,2,32000,47.4,Coupe,Hyundai
2016,2,40000,30.2,Coupe,Toyota
2016,2,90000,41.5,Sedan,BMW
2016,2,15000,20.8,Pickup,Ford
2016,2,50000,23.8,SUV,Audi
2016,2,70000,27.6,Sedan,BMW
2016,2,45000,44.6,Pickup,Audi
2016,2,25000,36.5,SUV,Toyota
2016,2,48000,35.0,Sedan,Toyota
2016,2,45000,18.1,SUV,Audi
2016,2,32000,27.8,Sedan,Honda
2016,2,18000,40.1,SUV,Toyota
2016,2,18000,19.9,Sedan,Ford
2016,2,100000,41.9,Hatchback,Tesla
2016,2,18000,24.7,Sedan,Hyundai
2016,2,42000,17.9,Hatchback,Toyota
2016,2,60000,24.4,SUV,Toyota
2016,2,30000,25.6,Sedan,Nissan
2016,2,35000,19.7,SUV,Honda
2016,2,80000,26.5,Coupe,Mercedes
2016,2,100000,40.7,Convertible,Mercedes
2016,2,35000,42.0,Convertible,Ford
2016,2,35000,33.1,SUV,Hyundai
2016,2,65000,36.5,SUV,Honda
2016,2,75000,34.0,Hatchback,BMW
2016,2,38000,48.4,SUV,Toyota
2016,2,50000,20.7,Pickup,Audi
2016,2,42000,39.8,SUV,Hyundai
2016,2,60000,16.3,Sedan,Audi
2016,2,65000,20.3,SUV,Audi
2016,2,40000,28.6,Pickup,Chevrolet
2016,2,40000,23.3,Sedan,Nissan
2016,2,100000,18.6,Coupe,BMW
2016,2,60000,25.5,SUV,Audi
2016,2,65000,46.0,SUV,Toyota
2016,2,30000,26.7,SUV,Nissan
2016,2,65000,20.7,Convertible,BMW
2016,2,35000,30.6,Coupe,BMW
2016,2,35000,21.4,Coupe,Audi
2016,2,38000,47.2,Sedan,Toyota
2016,2,120000,43.2,Sedan,BMW
2016,2,48000,18.8,SUV,Audi
2016,2,75000,25.0,Convertible,Tesla
2016,2,22000,49.4,Coupe,BMW
2016,2,25000,42.3,Pickup,Toyota
2016,2,100000,38.8,Hatchback,BMW
2016,2,75000,36.6,SUV,Mercedes
2016,2,60000,40.9,Sedan,Audi
2016,3,28000,40.2,Convertible,Ford
2016,3,65000,27.1,Hatchback,BMW
2016,3,20000,40.3,Sedan,Honda
2016,3,50000,16.1,Pickup,BMW
2016,3,15000,17.6,Coupe,Toyota
2016,3,60000,27.1,Pickup,Toyota
2016,3,22000,20.6,Sedan,Honda
2016,3,70000,16.2,Sedan,Tesla
2016,3,45000,47.8,SUV,Honda
2016,3,40000,21.5,Sedan,Nissan
2016,3,18000,16.6,Convertible,Ford
2016,3,75000,38.2,Sedan,Audi
2016,3,20000,22.7,Sedan,Honda
2016,3,65000,19.2,Convertible,Honda
2016,3,70000,28.2,Pickup,Audi
2016,3,15000,38.4,Sedan,Honda
2016,3,42000,48.5,Coupe,Toyota
2016,3,50000,37.6,Sedan,Audi
2016,3,15000,25.5,Hatchback,Hyundai
2016,3,75000,41.6,Hatchback,Mercedes
2016,3,65000,18.7,Convertible,Toyota
2016,3,22000,30.0,Sedan,Kia
2016,3,50000,23.8,SUV,BMW
2016,3,38000,49.0,Sedan,Toyota
2016,3,48000,21.8,Pickup,Toyota
2016,3,120000,47.7,SUV,Mercedes
2016,3,22000,32.4,Sedan,Hyundai
2016,3,42000,49.1,Sedan,Toyota
2016,3,75000,42.3,Coupe,Tesla
2016,3,42000,20.5,Sedan,Kia
2016,3,80000,37.0,SUV,Mercedes
2016,3,50000,36.8,Hatchback,Honda
2016,3,48000,48.8,SUV,Toyota
2016,3,75000,32.4,Coupe,Tesla
2016,3,70000,17.5,Sedan,Tesla
2016,3,50000,35.1,Sedan,Honda
2016,3,35000,38.7,Convertible,Mazda
2016,3,50000,15.2,SUV,Audi
2016,3,25000,24.6,Convertible,BMW
2016,3,50000,31.5,SUV,BMW
2016,3,80000,40.4,Hatchback,BMW
2016,3,45000,38.6,Sedan,Toyota
2016,3,120000,25.8,Sedan,Mercedes
2016,3,20000,25.0,Hatchback,Hyundai
2016,3,55000,16.0,SUV,Honda
2016,3,75000,33.9,SUV,Mercedes
2016,3,15000,35.4,SUV,Hyundai
2016,3,60000,42.8,Sedan,Audi
2016,3,60000,30.8,Coupe,BMW
2016,3,90000,28.3,SUV,BMW
2016,3,22000,29.0,SUV,Honda
2016,3,15000,38.7,SUV,Toyota
2016,3,50000,44.2,Sedan,Subaru
2016,3,35000,28.3,SUV,Nissan
2016,3,45000,36.7,Sedan,Audi
2016,3,20000,49.3,SUV,Ford
2016,3,25000,28.0,Hatchback,Hyundai
2016,3,40000,15.3,SUV,Ford
2016,3,65000,17.2,Sedan,Toyota
2016,3,22000,40.1,Coupe,Audi
2016,3,40000,46.4,SUV,Kia
2016,3,100000,27.2,Sedan,BMW
2016,3,35000,38.8,Sedan,Kia
2016,3,30000,46.9,Coupe,BMW
2016,3,25000,27.6,Sedan,Toyota
2016,3,32000,27.4,Pickup,Chevrolet
2016,3,25000,15.3,Sedan,Toyota
2016,3,75000,24.2,Hatchback,BMW
2016,3,65000,25.2,SUV,Audi
2016,3,42000,44.7,Coupe,Audi
2016,3,40000,25.9,Sedan,Kia
2016,3,38000,25.8,Sedan,Nissan
2016,3,42000,19.0,Sedan,Toyota
2016,3,48000,19.4,Convertible,BMW
2016,3,35000,37.0,SUV,Hyundai
2016,3,38000,26.9,Sedan,Hyundai
2016,3,65000,20.5,Hatchback,Audi
2016,3,50000,17.8,Sedan,Toyota
2016,3,25000,47.5,Pickup,Ford
2016,3,50000,37.1,SUV,Audi
2016,4,38000,34.1,SUV,Hyundai
2016,4,75000,27.5,Convertible,BMW
2016,4,28000,35.3,SUV,Hyundai
2016,4,15000,40.3,Sedan,Hyundai
2016,4,20000,19.9,SUV,Ford
2016,4,25000,18.8,Pickup,Ford
2016,4,28000,24.8,Coupe,Audi
2016,4,45000,46.4,Sedan,Toyota
2016,4,20000,34.7,Sedan,Honda
2016,4,70000,44.8,SUV,BMW
2016,4,100000,43.6,SUV,Mercedes
2016,4,30000,24.4,Sedan,Hyundai
2016,4,70000,31.5,SUV,BMW
2016,4,70000,49.7,Pickup,Mercedes
2016,4,25000,42.5,Pickup,Ford
2016,4,40000,30.7,Sedan,Hyundai
2016,4,18000,37.1,Sedan,Honda
2016,4,35000,24.2,SUV,Honda
2016,4,18000,48.6,SUV,Hyundai
2016,4,60000,38.1,Hatchback,Toyota
2016,4,75000,31.9,Sedan,Audi
2016,4,20000,18.9,SUV,Honda
2016,4,35000,15.9,SUV,Ford
2016,4,35000,19.6,SUV,Hyundai
2016,4,60000,24.2,Hatchback,Subaru
2016,4,60000,23.9,Sedan,Audi
2016,4,28000,30.9,Convertible,Ford
2016,4,65000,41.0,SUV,BMW
2016,4,40000,30.4,Sedan,Nissan
2016,4,40000,47.8,Sedan,Toyota
2016,4,28000,35.0,Pickup,Ford
2016,4,42000,22.6,Sedan,Hyundai
2016,4,65000,34.5,Coupe,BMW
2016,4,38000,48.8,Convertible,BMW
2016,4,32000,25.2,SUV,Honda
2016,4,25000,33.1,Pickup,Toyota
2016,4,120000,32.4,SUV,Mercedes
2016,4,38000,34.3,Sedan,Kia
2016,4,50000,44.1,SUV,BMW
2016,4,30000,38.5,SUV,Nissan
2016,4,45000,39.5,SUV,Honda
2016,4,38000,22.2,SUV,Honda
2016,4,42000,29.3,Pickup,Ford
2016,4,32000,23.4,Sedan,Toyota
2016,4,70000,49.0,Sedan,Audi
2016,4,45000,43.4,Convertible,Subaru
2016,4,100000,24.7,Sedan,Audi
2016,4,22000,17.2,Convertible,Ford
2016,4,30000,39.2,Sedan,Nissan
2016,4,60000,20.6,SUV,Audi
2016,4,20000,29.0,SUV,Kia
2016,4,50000,30.9,Sedan,Audi
2016,4,40000,17.7,Sedan,Honda
2016,4,75000,49.8,SUV,BMW
2016,4,38000,46.0,SUV,Hyundai
2016,4,75000,21.0,Pickup,BMW
2016,4,42000,29.4,SUV,Toyota
2016,4,35000,17.6,SUV,Ford
2016,4,70000,33.5,Coupe,BMW
2016,4,65000,15.2,SUV,Honda
2016,4,45000,32.0,Convertible,Toyota
2016,4,30000,47.5,SUV,Hyundai
2016,4,22000,22.5,SUV,Honda
2016,4,100000,30.4,Pickup,Mercedes
2016,4,100000,29.2,Sedan,BMW
2016,4,70000,17.5,Sedan,BMW
2016,4,100000,22.4,SUV,Audi
2016,4,90000,31.1,SUV,Audi
2016,4,45000,33.1,SUV,BMW
2016,4,55000,40.6,Hatchback,Subaru
2016,4,32000,30.2,Coupe,Toyota
2016,4,18000,37.1,Sedan,Hyundai
2016,4,38000,33.3,Sedan,Hyundai
2016,4,45000,24.5,Pickup,Toyota
2016,4,48000,48.6,Sedan,Toyota
2016,4,28000,37.2,Sedan,Honda
2016,4,20000,27.6,SUV,Toyota
2016,4,45000,36.1,SUV,Audi
2016,4,75000,42.9,Sedan,BMW
2016,4,15000,15.2,Sedan,Honda
2016,5,45000,44.5,Sedan,Toyota
2016,5,100000,47.3,Coupe,BMW
2016,5,32000,18.6,Coupe,Toyota
2016,5,32000,30.1,SUV,Toyota
2016,5,20000,34.2,Pickup,Chevrolet
2016,5,40000,16.7,SUV,Toyota
2016,5,32000,44.6,Hatchback,Toyota
2016,5,30000,23.1,SUV,Toyota
2016,5,50000,48.4,SUV,Honda
2016,5,80000,31.9,Sedan,Audi
2016,5,75000,30.2,Sedan,Mercedes
2016,5,18000,32.9,Sedan,Hyundai
2016,5,25000,34.7,SUV,Toyota
2016,5,15000,45.7,Sedan,Honda
2016,5,50000,16.1,Hatchback,Toyota
2016,5,75000,22.6,SUV,BMW
2016,5,15000,29.2,Sedan,Ford
2016,5,40000,24.3,Coupe,Audi
2016,5,120000,43.4,Hatchback,Tesla
2016,5,45000,35.1,SUV,Toyota
2016,5,38000,17.2,SUV,Honda
2016,5,50000,20.6,Sedan,BMW
2016,5,75000,28.8,Hatchback,Mercedes
2016,5,70000,17.4,Pickup,Tesla
2016,5,60000,19.4,SUV,BMW
2016,5,48000,35.1,Sedan,Toyota
2016,5,32000,44.6,SUV,Honda
2016,5,35000,33.1,Coupe,Audi
2016,5,45000,42.1,Sedan,BMW
2016,5,75000,18.6,Sedan,BMW
2016,5,120000,46.7,Sedan,BMW
2016,5,15000,17.8,Sedan,Ford
2016,5,60000,43.8,SUV,Toyota
2016,5,55000,31.7,SUV,BMW
2016,5,90000,28.7,Hatchback,BMW
2016,5,48000,17.6,SUV,Audi
2016,5,50000,34.0,Sedan,BMW
2016,5,90000,34.0,Sedan,Tesla
2016,5,75000,25.8,Pickup,Tesla
2016,5,70000,22.1,Pickup,Audi
2016,5,32000,49.0,SUV,Ford
2016,5,42000,34.1,SUV,Kia
2016,5,65000,28.4,SUV,Subaru
2016,5,120000,17.8,SUV,Audi
2016,5,100000,36.1,SUV,Tesla
2016,5,45000,32.0,SUV,Toyota
2016,5,80000,29.1,SUV,Tesla
2016,5,50000,19.6,SUV,Toyota
2016,5,38000,31.7,Hatchback,Ford
2016,5,90000,49.1,Sedan,Mercedes
2016,5,60000,21.7,Pickup,Audi
2016,5,15000,23.5,Sedan,Honda
2016,5,15000,17.5,Sedan,Toyota
2016,5,20000,33.6,Hatchback,Toyota
2016,5,40000,22.9,SUV,Ford
2016,5,15000,16.4,Convertible,BMW
2016,5,70000,33.0,Hatchback,Audi
2016,5,80000,43.2,SUV,Audi
2016,5,15000,24.7,SUV,Ford
2016,5,90000,47.7,SUV,BMW
2016,5,50000,40.3,SUV,Subaru
2016,5,45000,24.3,Sedan,Subaru
2016,5,25000,49.2,Coupe,Audi
2016,5,38000,46.3,SUV,Toyota
2016,5,25000,21.1,Sedan,Ford
2016,5,55000,35.3,Hatchback,Honda
2016,5,48000,37.7,Pickup,Toyota
2016,5,75000,40.3,Pickup,Mercedes
2016,5,25000,17.7,Sedan,Honda
2016,5,15000,34.0,SUV,Hyundai
2016,5,55000,29.2,SUV,Toyota
2016,5,35000,31.4,SUV,Kia
2016,5,45000,39.5,Pickup,Audi
2016,5,30000,44.7,Convertible,BMW
2016,5,90000,19.6,SUV,Tesla
2016,5,30000,33.3,SUV,Toyota
2016,5,90000,27.5,Sedan,Mercedes
2016,5,28000,28.8,Coupe,Audi
2016,5,15000,20.1,SUV,Toyota
2016,5,90000,35.2,SUV,Mercedes
2016,6,35000,28.9,Sedan,Chevrolet
2016,6,75000,46.7,Convertible,Audi
2016,6,15000,49.9,Pickup,Ford
2016,6,100000,24.6,Hatchback,Mercedes
2016,6,80000,42.1,Sedan,BMW
2016,6,25000,29.5,Hatchback,Honda
2016,6,22000,18.6,Convertible,BMW
2016,6,90000,20.1,Coupe,BMW
2016,6,75000,35.6,SUV,Mercedes
2016,6,70000,15.6,Coupe,Mercedes
2016,6,70000,20.7,SUV,BMW
2016,6,90000,47.1,Sedan,Audi
2016,6,30000,30.5,Sedan,Honda
2016,6,120000,44.3,Coupe,BMW
2016,6,30000,29.9,Convertible,Mazda
2016,6,50000,15.6,Convertible,Audi
2016,6,22000,48.8,Coupe,BMW
2016,6,80000,45.2,Hatchback,Audi
2016,6,60000,39.8,Pickup,Subaru
2016,6,120000,28.8,Sedan,BMW
2016,6,18000,23.5,Sedan,Toyota
2016,6,120000,44.1,Sedan,Mercedes
2016,6,70000,36.3,Convertible,Mercedes
2016,6,48000,41.5,Sedan,Toyota
2016,6,90000,32.8,Sedan,Mercedes
2016,6,55000,49.1,SUV,BMW
2016,6,40000,20.5,SUV,Toyota
2016,6,18000,41.9,Coupe,BMW
2016,6,45000,19.1,Sedan,Subaru
2016,6,45000,34.2,Sedan,BMW
2016,6,45000,29.0,SUV,Honda
2016,6,80000,38.1,Pickup,Mercedes
2016,6,35000,17.6,SUV,Hyundai
2016,6,30000,32.4,SUV,Toyota
2016,6,75000,25.6,SUV,Mercedes
2016,6,20000,49.7,SUV,Toyota
2016,6,30000,34.7,SUV,Nissan
2016,6,42000,41.3,Sedan,Nissan
2016,6,120000,44.0,Sedan,Audi
2016,6,120000,42.5,Sedan,Mercedes
2016,6,42000,18.3,Pickup,Ford
2016,6,40000,33.2,Sedan,Ford
2016,6,18000,34.6,SUV,Toyota
2016,6,20000,39.1,Sedan,Chevrolet
2016,6,75000,39.7,SUV,Tesla
2016,6,32000,38.6,SUV,Nissan
2016,6,75000,38.1,Sedan,BMW
2016,6,100000,43.4,Sedan,Mercedes
2016,6,120000,42.8,SUV,BMW
2016,6,48000,32.4,SUV,Subaru
2016,6,15000,38.6,SUV,Hyundai
2016,6,15000,16.1,Convertible,BMW
2016,6,70000,26.7,SUV,Audi
2016,6,120000,25.1,Hatchback,BMW
2016,6,25000,38.2,Sedan,Chevrolet
2016,6,75000,43.6,Sedan,Mercedes
2016,6,120000,26.3,SUV,BMW
2016,6,25000,28.1,SUV,Toyota
2016,6,90000,39.3,SUV,Tesla
2016,6,60000,15.5,Pickup,Audi
2016,6,60000,17.0,Coupe,Audi
2016,6,30000,33.1,Hatchback,Honda
2016,6,48000,36.2,Sedan,Honda
2016,6,42000,19.7,Sedan,Nissan
2016,6,20000,42.9,Sedan,Ford
2016,6,48000,21.8,SUV,BMW
2016,6,22000,30.7,SUV,Toyota
2016,6,75000,49.3,Sedan,Tesla
2016,6,48000,37.6,SUV,Honda
2016,6,15000,29.0,SUV,Toyota
2016,6,50000,38.8,Pickup,Audi
2016,6,100000,46.6,SUV,Audi
2016,6,45000,28.7,Convertible,Honda
2016,6,42000,26.9,SUV,Hyundai
2016,6,18000,27.4,SUV,Honda
2016,6,48000,47.3,SUV,Audi
2016,6,28000,39.2,SUV,Hyundai
2016,6,18000,15.5,SUV,Hyundai
2016,6,42000,16.6,SUV,Toyota
2016,6,65000,19.3,Pickup,Honda
2016,7,100000,39.6,SUV,Mercedes
2016,7,45000,44.1,SUV,Toyota
2016,7,42000,45.2,SUV,Hyundai
2016,7,15000,33.5,Coupe,Hyundai
2016,7,120000,39.4,Coupe,Mercedes
2016,7,90000,18.9,Sedan,Mercedes
2016,7,70000,38.3,Sedan,Mercedes
2016,7,100000,20.8,Sedan,Tesla
2016,7,18000,22.0,SUV,Kia
2016,7,40000,31.4,SUV,Nissan
2016,7,18000,23.6,Coupe,Audi
2016,7,35000,25.6,Sedan,Ford
2016,7,28000,44.2,Hatchback,Toyota
2016,7,22000,44.2,SUV,Hyundai
2016,7,45000,24.7,SUV,Audi
2016,7,65000,31.8,SUV,Toyota
2016,7,18000,26.5,Pickup,Ford
2016,7,42000,19.0,SUV,Toyota
2016,7,18000,15.4,SUV,Toyota
2016,7,32000,31.5,SUV,Toyota
2016,7,120000,34.9,Sedan,Mercedes
2016,7,25000,20.8,SUV,Honda
2016,7,20000,44.4,Convertible,Mazda
2016,7,38000,31.1,SUV,Honda
2016,7,25000,36.6,SUV,Honda
2016,7,60000,17.3,Sedan,BMW
2016,7,48000,38.9,Pickup,BMW
2016,7,42000,20.5,Sedan,Toyota
2016,7,48000,22.7,Sedan,Subaru
2016,7,70000,33.9,SUV,Tesla
2016,7,100000,20.9,Sedan,Audi
2016,7,15000,40.7,Hatchback,Ford
2016,7,50000,24.8,Sedan,BMW
2016,7,15000,42.5,Pickup,Ford
2016,7,32000,31.5,SUV,Toyota
2016,7,45000,22.6,SUV,Toyota
2016,7,42000,30.0,Sedan,Chevrolet
2016,7,32000,20.7,SUV,Toyota
2016,7,38000,20.9,Sedan,Toyota
2016,7,48000,41.7,SUV,Honda
2016,7,120000,22.9,Pickup,Mercedes
2016,7,18000,28.9,Sedan,Hyundai
2016,7,25000,47.2,SUV,Ford
2016,7,80000,28.2,SUV,Mercedes
2016,7,28000,22.8,SUV,Toyota
2016,7,32000,19.8,SUV,Nissan
2016,7,22000,19.5,Coupe,Hyundai
2016,7,90000,19.2,Sedan,Audi
2016,7,70000,49.9,Coupe,Mercedes
2016,7,80000,24.7,Sedan,Audi
2016,7,18000,37.1,Sedan,Chevrolet
2016,7,32000,22.0,Hatchback,Toyota
2016,7,30000,21.7,SUV,Hyundai
2016,7,30000,40.5,Sedan,Honda
2016,7,35000,34.3,Pickup,Ford
2016,7,48000,35.7,Hatchback,Audi
2016,7,40000,22.4,Sedan,Hyundai
2016,7,55000,16.8,Coupe,Audi
2016,7,45000,16.6,SUV,Honda
2016,7,70000,24.5,SUV,BMW
2016,7,22000,30.7,SUV,Toyota
2016,7,90000,26.5,SUV,Mercedes
2016,7,18000,39.3,Pickup,Chevrolet
2016,7,90000,39.4,SUV,Mercedes
2016,7,40000,45.0,SUV,Hyundai
2016,7,38000,47.8,Sedan,Hyundai
2016,7,42000,25.7,SUV,Ford
2016,7,45000,46.8,SUV,Honda
2016,7,60000,48.2,Sedan,Honda
2016,7,80000,17.1,Sedan,Mercedes
2016,7,45000,28.6,SUV,Toyota
2016,7,50000,43.6,Hatchback,Audi
2016,7,25000,15.2,Sedan,Honda
2016,7,55000,32.0,SUV,Honda
2016,7,18000,16.9,SUV,Ford
2016,7,22000,24.4,Sedan,Honda
2016,7,20000,32.6,Sedan,Nissan
2016,7,60000,49.8,SUV,Audi
2016,7,32000,32.1,Sedan,Honda
2016,7,80000,22.4,Hatchback,Mercedes
2016,8,65000,27.0,SUV,Honda
2016,8,25000,24.6,Convertible,BMW
2016,8,90000,22.2,Coupe,Mercedes
2016,8,65000,40.8,SUV,Honda
2016,8,80000,41.5,Hatchback,Audi
2016,8,38000,42.7,Sedan,Honda
2016,8,55000,47.1,Sedan,Subaru
2016,8,60000,49.0,Pickup,Audi
2016,8,120000,27.9,SUV,Mercedes
2016,8,25000,28.0,Hatchback,Ford
2016,8,50000,18.3,Hatchback,Subaru
2016,8,48000,49.7,Pickup,BMW
2016,8,45000,24.0,SUV,Audi
2016,8,48000,17.3,SUV,Subaru
2016,8,18000,38.0,Sedan,Nissan
2016,8,50000,21.6,Hatchback,Honda
2016,8,32000,48.0,Pickup,Chevrolet
2016,8,90000,32.2,SUV,Audi
2016,8,45000,49.5,Sedan,Subaru
2016,8,60000,22.7,Pickup,Audi
2016,8,18000,25.4,SUV,Kia
2016,8,40000,28.9,Coupe,BMW
2016,8,48000,17.3,Convertible,BMW
2016,8,75000,29.7,SUV,BMW
2016,8,80000,33.0,Hatchback,Mercedes
2016,8,20000,44.6,Sedan,Ford
2016,8,45000,35.9,Sedan,Audi
2016,8,75000,25.4,Hatchback,Tesla
2016,8,90000,36.3,Pickup,Tesla
2016,8,65000,41.6,SUV,Audi
2016,8,22000,18.0,Sedan,Toyota
2016,8,120000,19.5,Sedan,BMW
2016,8,65000,24.4,Sedan,Toyota
2016,8,70000,23.4,Pickup,Audi
2016,8,15000,18.6,SUV,Honda
2016,8,45000,19.5,Pickup,Toyota
2016,8,80000,32.1,Convertible,BMW
2016,8,65000,44.9,Coupe,Toyota
2016,8,70000,43.7,Pickup,BMW
2016,8,45000,15.9,Sedan,Toyota
2016,8,90000,41.0,Coupe,Tesla
2016,8,40000,38.2,SUV,Toyota
2016,8,65000,26.6,Sedan,BMW
2016,8,60000,40.0,Sedan,Honda
2016,8,25000,36.3,SUV,Toyota
2016,8,48000,36.4,Hatchback,Audi
2016,8,22000,30.4,Sedan,Toyota
2016,8,28000,33.5,SUV,Hyundai
2016,8,50000,18.8,Sedan,BMW
2016,8,30000,29.1,Sedan,Chevrolet
2016,8,42000,46.5,Convertible,BMW
2016,8,42000,37.7,Coupe,Toyota
2016,8,48000,33.7,SUV,Toyota
2016,8,60000,28.6,SUV,BMW
2016,8,40000,46.9,SUV,Toyota
2016,8,55000,28.6,Convertible,Honda
2016,8,30000,43.8,SUV,Ford
2016,8,42000,27.5,Pickup,Chevrolet
2016,8,20000,18.2,SUV,Hyundai
2016,8,100000,35.7,SUV,Mercedes
2016,8,22000,28.0,SUV,Toyota
2016,8,60000,25.3,Sedan,BMW
2016,8,25000,23.1,SUV,Kia
2016,8,80000,37.4,Sedan,BMW
2016,8,65000,27.9,Sedan,BMW
2016,8,50000,17.1,SUV,Toyota
2016,8,75000,39.4,Pickup,Audi
2016,8,75000,40.4,Sedan,Tesla
2016,8,15000,38.3,Sedan,Nissan
2016,8,40000,47.7,Sedan,Hyundai
2016,8,50000,42.7,SUV,Audi
2016,8,50000,34.9,Hatchback,Toyota
2016,8,65000,49.8,Hatchback,Honda
2016,8,42000,23.7,Convertible,Mazda
2016,8,50000,27.9,SUV,BMW
2016,8,15000,18.0,Sedan,Nissan
2016,8,100000,41.4,Sedan,Audi
2016,8,15000,41.1,SUV,Toyota
2016,8,35000,18.1,Pickup,Toyota
2016,8,38000,45.2,Convertible,Ford
2016,9,70000,46.9,SUV,Mercedes
2016,9,75000,48.2,Coupe,Mercedes
2016,9,35000,49.4,Sedan,Toyota
2016,9,30000,26.5,SUV,Hyundai
2016,9,100000,35.3,Sedan,Tesla
2016,9,55000,43.3,SUV,Honda
2016,9,50000,31.7,Hatchback,Honda
2016,9,60000,36.2,Sedan,Honda
2016,9,28000,31.5,SUV,Hyundai
2016,9,28000,37.8,SUV,Honda
2016,9,55000,21.8,SUV,Toyota
2016,9,50000,45.5,Pickup,Toyota
2016,9,65000,49.2,Pickup,Subaru
2016,9,70000,32.7,Coupe,Mercedes
2016,9,45000,48.3,SUV,BMW
2016,9,28000,41.3,Sedan,Honda
2016,9,25000,42.8,Coupe,Toyota
2016,9,18000,15.9,Pickup,Chevrolet
2016,9,100000,21.5,Hatchback,Tesla
2016,9,80000,16.2,Coupe,Mercedes
2016,9,70000,36.4,SUV,Audi
2016,9,48000,34.7,Sedan,Audi
2016,9,35000,28.3,SUV,Hyundai
2016,9,100000,38.5,SUV,Tesla
2016,9,20000,24.3,SUV,Toyota
2016,9,48000,24.3,Convertible,Audi
2016,9,60000,26.3,Hatchback,Toyota
2016,9,90000,45.6,Sedan,Audi
2016,9,50000,34.5,Sedan,BMW
2016,9,75000,48.8,Pickup,Audi
2016,9,18000,25.1,Sedan,Hyundai
2016,9,32000,23.5,Sedan,Hyundai
2016,9,50000,49.5,Sedan,Honda
2016,9,38000,35.3,SUV,Hyundai
2016,9,42000,25.7,Sedan,Kia
2016,9,32000,37.5,Sedan,Toyota
2016,9,48000,18.9,SUV,Subaru
2016,9,100000,27.1,SUV,Mercedes
2016,9,50000,23.0,Hatchback,Subaru
2016,9,70000,40.8,Sedan,Audi
2016,9,70000,43.8,Convertible,BMW
2016,9,70000,26.9,Pickup,Tesla
2016,9,60000,32.7,Sedan,Audi
2016,9,32000,39.0,SUV,Honda
2016,9,35000,22.3,Hatchback,Kia
2016,9,22000,43.3,Convertible,Ford
2016,9,60000,46.0,Sedan,Audi
2016,9,22000,16.1,Hatchback,Kia
2016,9,22000,18.5,SUV,Hyundai
2016,9,25000,40.5,SUV,Nissan
2016,9,65000,23.0,Sedan,Audi
2016,9,40000,30.2,SUV,Kia
2016,9,65000,42.9,Convertible,Subaru
2016,9,45000,46.6,Hatchback,Audi
2016,9,30000,25.1,SUV,Hyundai
2016,9,50000,33.1,Coupe,Audi
2016,9,42000,41.3,Convertible,Ford
2016,9,100000,43.9,Sedan,Mercedes
2016,9,40000,43.5,SUV,Ford
2016,9,48000,41.7,Pickup,Toyota
2016,9,42000,34.0,Convertible,Mazda
2016,9,22000,17.0,Hatchback,Honda
2016,9,75000,28.3,Coupe,Mercedes
2016,9,32000,33.2,Pickup,Toyota
2016,9,40000,25.7,Sedan,Hyundai
2016,9,42000,16.7,SUV,Honda
2016,9,15000,44.4,Hatchback,Hyundai
2016,9,48000,48.2,Hatchback,Audi
2016,9,22000,26.6,Sedan,Kia
2016,9,75000,45.5,SUV,Tesla
2016,9,50000,23.0,SUV,Honda
2016,9,65000,21.1,Sedan,BMW
2016,9,38000,20.6,Sedan,Nissan
2016,9,35000,34.1,Hatchback,Toyota
2016,9,120000,21.6,SUV,Audi
2016,9,30000,36.3,Sedan,Hyundai
2016,9,15000,21.1,SUV,Toyota
2016,9,60000,41.9,SUV,Subaru
2016,9,65000,38.1,Pickup,Honda
2016,9,75000,15.2,Hatchback,Audi
2016,10,75000,40.7,Sedan,Tesla
2016,10,75000,18.2,Coupe,Mercedes
2016,10,55000,45.6,Coupe,Honda
2016,10,90000,19.0,Hatchback,Audi
2016,10,28000,37.8,Convertible,BMW
2016,10,30000,37.0,Hatchback,Honda
2016,10,15000,27.7,Sedan,Kia
2016,10,100000,25.6,Hatchback,BMW
2016,10,120000,34.4,Coupe,Tesla
2016,10,30000,25.6,SUV,Hyundai
2016,10,55000,45.4,Hatchback,BMW
2016,10,22000,40.0,Hatchback,Kia
2016,10,75000,46.2,Sedan,BMW
2016,10,40000,45.2,SUV,Hyundai
2016,10,55000,25.6,SUV,Audi
2016,10,45000,34.4,Coupe,Toyota
2016,10,35000,42.9,Sedan,Nissan
2016,10,60000,47.9,SUV,Toyota
2016,10,80000,44.0,Pickup,Mercedes
2016,10,20000,44.9,SUV,Toyota
2016,10,28000,29.5,Coupe,Toyota
2016,10,32000,42.6,SUV,Honda
2016,10,120000,35.6,Pickup,BMW
2016,10,30000,48.2,Coupe,Hyundai
2016,10,32000,23.0,Sedan,Nissan
2016,10,22000,17.6,Convertible,BMW
2016,10,40000,44.7,Hatchback,Hyundai
2016,10,25000,25.1,Sedan,Honda
2016,10,80000,34.5,SUV,BMW
2016,10,28000,23.9,Pickup,Chevrolet
2016,10,45000,35.8,Sedan,BMW
2016,10,60000,25.8,Sedan,Toyota
2016,10,120000,23.1,Convertible,Mercedes
2016,10,18000,25.3,SUV,Honda
2016,10,50000,28.1,Hatchback,Subaru
2016,10,45000,30.7,Sedan,BMW
2016,10,120000,33.2,Sedan,Audi
2016,10,55000,23.9,Sedan,Toyota
2016,10,60000,38.4,Hatchback,BMW
2016,10,32000,49.2,Coupe,Audi
2016,10,55000,18.8,SUV,Audi
2016,10,35000,40.8,SUV,Kia
2016,10,65000,20.5,SUV,Honda
2016,10,75000,26.5,Pickup,BMW
2016,10,25000,43.1,Hatchback,Toyota
2016,10,45000,30.6,Coupe,Audi
2016,10,35000,26.0,Sedan,Nissan
2016,10,75000,20.6,SUV,Audi
2016,10,70000,45.1,SUV,BMW
2016,10,18000,38.9,SUV,Hyundai
2016,10,65000,21.7,SUV,Honda
2016,10,42000,48.8,Hatchback,Toyota
2016,10,55000,43.6,SUV,Subaru
2016,10,65000,37.4,SUV,Audi
2016,10,90000,27.2,Hatchback,Mercedes
2016,10,70000,19.8,Hatchback,Mercedes
2016,10,32000,19.9,Sedan,Honda
2016,10,100000,24.0,Sedan,Audi
2016,10,55000,32.5,SUV,BMW
2016,10,20000,23.3,Coupe,Audi
2016,10,20000,49.5,Coupe,BMW
2016,10,70000,44.1,SUV,BMW
2016,10,80000,36.7,Hatchback,Tesla
2016,10,32000,20.0,SUV,Toyota
2016,10,42000,23.9,SUV,Ford
2016,10,42000,43.1,Sedan,Toyota
2016,10,120000,45.0,Convertible,Mercedes
2016,10,32000,44.9,Coupe,BMW
2016,10,70000,45.3,Sedan,Mercedes
2016,10,40000,40.1,SUV,Nissan
2016,10,28000,18.8,Sedan,Kia
2016,10,22000,43.8,Convertible,Mazda
2016,10,15000,36.5,Sedan,Hyundai
2016,10,22000,28.3,SUV,Toyota
2016,10,100000,37.3,Hatchback,Audi
2016,10,15000,20.8,SUV,Honda
2016,10,45000,32.9,Hatchback,Toyota
2016,10,55000,33.4,Sedan,Audi
2016,10,42000,46.6,Sedan,Nissan
2016,10,28000,45.7,SUV,Nissan
2016,11,65000,45.2,Coupe,Subaru
2016,11,20000,42.6,Sedan,Toyota
2016,11,65000,18.1,Sedan,BMW
2016,11,32000,30.2,Sedan,Toyota
2016,11,42000,24.5,Hatchback,Hyundai
2016,11,32000,35.2,Pickup,Ford
2016,11,45000,34.4,Sedan,Subaru
2016,11,90000,47.0,Coupe,Mercedes
2016,11,38000,17.1,Sedan,Toyota
2016,11,38000,21.5,Sedan,Honda
2016,11,60000,24.2,SUV,BMW
2016,11,20000,48.5,SUV,Hyundai
2016,11,42000,43.4,Sedan,Toyota
2016,11,120000,39.3,SUV,Tesla
2016,11,45000,22.9,Coupe,BMW
2016,11,80000,26.1,Sedan,BMW
2016,11,60000,46.7,SUV,Audi
2016,11,55000,33.0,Pickup,Toyota
2016,11,70000,27.1,Sedan,Tesla
2016,11,45000,42.5,Convertible,Audi
2016,11,60000,24.0,Hatchback,Honda
2016,11,80000,41.1,SUV,Tesla
2016,11,45000,20.9,SUV,Subaru
2016,11,25000,27.9,Convertible,BMW
2016,11,90000,32.9,Hatchback,Tesla
2016,11,60000,18.1,Sedan,Audi
2016,11,40000,48.9,SUV,Toyota
2016,11,75000,49.3,SUV,Mercedes
2016,11,55000,35.0,Coupe,Audi
2016,11,50000,19.1,SUV,Toyota
2016,11,90000,38.0,Hatchback,Tesla
2016,11,60000,45.9,SUV,Subaru
2016,11,100000,39.9,Pickup,Audi
2016,11,42000,27.4,Sedan,Toyota
2016,11,80000,38.9,Sedan,Mercedes
2016,11,35000,25.3,SUV,Toyota
2016,11,90000,48.3,Sedan,Audi
2016,11,45000,36.8,SUV,Subaru
2016,11,25000,29.8,Sedan,Chevrolet
2016,11,48000,29.0,Sedan,Audi
2016,11,45000,48.1,SUV,Honda
2016,11,40000,16.1,Sedan,Honda
2016,11,30000,21.2,SUV,Honda
2016,11,20000,43.1,SUV,Honda
2016,11,45000,18.1,SUV,Honda
2016,11,45000,45.9,SUV,Honda
2016,11,90000,28.6,SUV,Mercedes
2016,11,70000,28.7,Hatchback,BMW
2016,11,90000,45.8,SUV,Mercedes
2016,11,38000,20.9,SUV,Kia
2016,11,30000,35.9,SUV,Kia
2016,11,22000,17.7,SUV,Ford
2016,11,120000,44.9,SUV,Tesla
2016,11,48000,26.8,Sedan,Audi
2016,11,38000,45.6,SUV,Kia
2016,11,55000,19.1,SUV,Subaru
2016,11,18000,44.0,Hatchback,Toyota
2016,11,22000,26.0,Sedan,Toyota
2016,11,48000,18.1,Sedan,Audi
2016,11,35000,25.7,SUV,Kia
2016,11,30000,21.0,SUV,Ford
2016,11,48000,26.7,Sedan,BMW
2016,11,100000,25.9,Sedan,Tesla
2016,11,40000,23.5,SUV,Toyota
2016,11,18000,49.2,SUV,Toyota
2016,11,28000,47.7,SUV,Hyundai
2016,11,65000,28.0,Pickup,Audi
2016,11,65000,30.9,Hatchback,Audi
2016,11,42000,25.6,SUV,Ford
2016,11,80000,30.1,Sedan,Tesla
2016,11,22000,40.6,Hatchback,Toyota
2016,11,22000,21.9,SUV,Toyota
2016,11,75000,19.6,Hatchback,Audi
2016,11,120000,47.0,SUV,BMW
2016,11,60000,37.0,Sedan,BMW
2016,11,55000,41.5,Hatchback,Toyota
2016,11,48000,48.3,SUV,Honda
2016,11,75000,28.2,Sedan,BMW
2016,11,38000,29.9,Convertible,BMW
2016,11,18000,48.1,Convertible,BMW
2016,12,20000,18.3,Pickup,Ford
2016,12,60000,47.2,SUV,Toyota
2016,12,100000,19.0,Sedan,Mercedes
2016,12,120000,38.3,SUV,Tesla
2016,12,70000,37.7,SUV,Audi
2016,12,40000,33.2,Hatchback,Nissan
2016,12,55000,49.5,SUV,Subaru
2016,12,60000,33.3,Pickup,BMW
2016,12,35000,24.2,SUV,Kia
2016,12,38000,27.6,SUV,Hyundai
2016,12,22000,22.6,SUV,Toyota
2016,12,20000,32.9,SUV,Nissan
2016,12,60000,15.5,SUV,Subaru
2016,12,20000,26.2,Coupe,Hyundai
2016,12,35000,17.1,Sedan,Toyota
2016,12,28000,21.8,Convertible,Mazda
2016,12,90000,31.7,Sedan,Mercedes
2016,12,100000,37.1,SUV,Audi
2016,12,55000,34.9,Convertible,Audi
2016,12,20000,39.6,Pickup,Toyota
2016,12,55000,21.5,Pickup,Subaru
2016,12,42000,49.9,Hatchback,Toyota
2016,12,38000,37.6,Sedan,Honda
2016,12,100000,26.3,SUV,BMW
2016,12,18000,23.9,Hatchback,Chevrolet
2016,12,100000,17.2,Convertible,BMW
2016,12,75000,46.0,SUV,Mercedes
2016,12,60000,42.6,SUV,Audi
2016,12,80000,26.4,SUV,Audi
2016,12,65000,49.7,Sedan,BMW
2016,12,30000,44.5,Sedan,Nissan
2016,12,20000,28.5,Sedan,Chevrolet
2016,12,45000,49.8,SUV,Honda
2016,12,120000,16.6,Sedan,Mercedes
2016,12,40000,26.7,SUV,Toyota
2016,12,50000,36.9,SUV,Toyota
2016,12,75000,15.1,Coupe,BMW
2016,12,32000,35.5,SUV,Kia
2016,12,38000,25.0,SUV,Honda
2016,12,75000,35.6,Sedan,Mercedes
2016,12,45000,21.3,SUV,Honda
2016,12,25000,28.9,SUV,Honda
2016,12,32000,32.0,Pickup,Chevrolet
2016,12,100000,47.9,SUV,Audi
2016,12,100000,28.1,SUV,Mercedes
2016,12,20000,39.9,Sedan,Hyundai
2016,12,75000,29.3,Convertible,BMW
2016,12,90000,26.9,SUV,Tesla
2016,12,38000,25.5,Sedan,Toyota
2016,12,25000,22.9,Pickup,Chevrolet
2016,12,28000,45.2,Hatchback,Honda
2016,12,18000,32.9,Pickup,Ford
2016,12,18000,42.2,SUV,Honda
2016,12,90000,39.6,Sedan,Audi
2016,12,100000,24.3,Pickup,BMW
2016,12,70000,18.6,Pickup,Audi
2016,12,35000,40.8,Sedan,Toyota
2016,12,50000,42.4,Sedan,BMW
2016,12,45000,39.1,Pickup,Audi
2016,12,120000,28.7,Coupe,Audi
2016,12,100000,34.8,Hatchback,BMW
2016,12,48000,26.2,Coupe,BMW
2016,12,28000,25.8,SUV,Hyundai
2016,12,90000,30.1,Convertible,BMW
2016,12,15000,15.4,Sedan,Ford
2016,12,50000,43.6,Sedan,Toyota
2016,12,100000,34.7,Sedan,Audi
2016,12,42000,32.2,Sedan,Toyota
2016,12,25000,18.4,Sedan,Toyota
2016,12,22000,41.0,Sedan,Toyota
2016,12,65000,37.7,Coupe,Toyota
2016,12,50000,17.9,Sedan,BMW
2016,12,25000,41.0,Sedan,Toyota
2016,12,48000,43.3,Hatchback,BMW
2016,12,70000,41.5,Sedan,Tesla
2016,12,50000,35.0,SUV,BMW
2016,12,60000,24.8,Sedan,Toyota
2016,12,38000,49.0,Coupe,Hyundai
2016,12,32000,36.4,Pickup,Chevrolet
2016,12,38000,42.5,Convertible,Mazda
2017,1,100000,29.0,Hatchback,BMW
2017,1,30000,36.9,SUV,Hyundai
2017,1,20000,43.5,Hatchback,Honda
2017,1,45000,37.2,Pickup,BMW
2017,1,35000,37.6,Sedan,Ford
2017,1,22000,16.2,Pickup,Chevrolet
2017,1,22000,40.3,Sedan,Toyota
2017,1,22000,46.8,SUV,Kia
2017,1,55000,15.0,SUV,BMW
2017,1,38000,26.5,Coupe,Toyota
2017,1,40000,24.7,SUV,Nissan
2017,1,48000,32.8,SUV,Honda
2017,1,80000,42.2,SUV,BMW
2017,1,50000,45.0,SUV,Toyota
2017,1,75000,22.5,SUV,Audi
2017,1,70000,34.6,SUV,Mercedes
2017,1,120000,35.8,Convertible,Tesla
2017,1,45000,24.6,SUV,Audi
2017,1,15000,32.0,Convertible,BMW
2017,1,90000,26.8,Convertible,Tesla
2017,1,80000,20.6,SUV,Mercedes
2017,1,40000,42.8,SUV,Honda
2017,1,38000,37.4,Sedan,Honda
2017,1,18000,24.7,Coupe,BMW
2017,1,30000,49.7,Hatchback,Honda
2017,1,75000,31.1,Coupe,BMW
2017,1,80000,49.3,SUV,BMW
2017,1,60000,19.4,Hatchback,Subaru
2017,1,45000,41.5,Sedan,BMW
2017,1,42000,23.5,SUV,Honda
2017,1,60000,26.9,Hatchback,BMW
2017,1,25000,27.1,Sedan,Honda
2017,1,32000,49.6,Pickup,Chevrolet
2017,1,65000,25.7,Sedan,Audi
2017,1,90000,48.7,SUV,BMW
2017,1,48000,27.8,Sedan,BMW
2017,1,60000,24.5,SUV,Toyota
2017,1,22000,44.7,Sedan,Hyundai
2017,1,38000,30.9,SUV,Toyota
2017,1,22000,24.3,Sedan,Nissan
2017,1,45000,33.0,Sedan,Audi
2017,1,40000,15.6,SUV,Honda
2017,1,60000,25.0,Sedan,Toyota
2017,1,15000,42.5,Convertible,Mazda
2017,1,42000,19.5,SUV,Kia
2017,1,45000,37.5,Coupe,Audi
2017,1,35000,29.7,Coupe,BMW
2017,1,40000,22.3,Sedan,Hyundai
2017,1,70000,18.1,SUV,Audi
2017,1,22000,43.5,Convertible,Mazda
2017,1,65000,45.0,Sedan,Honda
2017,1,100000,25.8,SUV,Audi
2017,1,42000,15.7,SUV,Hyundai
2017,1,50000,32.9,Sedan,Honda
2017,1,35000,30.3,SUV,Toyota
2017,1,40000,45.4,SUV,Hyundai
2017,1,35000,26.5,Hatchback,Honda
2017,1,30000,20.5,Coupe,Toyota
2017,1,35000,33.8,Sedan,Toyota
2017,1,35000,23.0,Hatchback,Chevrolet
2017,1,32000,34.5,Sedan,Honda
2017,1,90000,20.1,Sedan,BMW
2017,1,55000,31.8,SUV,Toyota
2017,1,90000,49.1,SUV,Mercedes
2017,1,90000,39.3,Pickup,BMW
2017,1,65000,22.9,Hatchback,Audi
2017,1,28000,42.4,Pickup,Toyota
2017,1,70000,40.0,Pickup,Tesla
2017,1,50000,25.2,SUV,Toyota
2017,1,100000,29.2,SUV,Mercedes
2017,1,65000,46.6,Pickup,Subaru
2017,1,60000,15.6,Sedan,Audi
2017,1,55000,46.7,Hatchback,BMW
2017,1,15000,44.8,SUV,Hyundai
2017,1,28000,30.2,Convertible,Ford
2017,1,70000,34.5,SUV,Mercedes
2017,1,22000,21.5,Hatchback,Hyundai
2017,1,38000,17.9,Hatchback,Toyota
2017,1,35000,41.9,Sedan,Honda
2017,1,38000,28.0,SUV,Hyundai
2017,2,20000,45.5,Convertible,Mazda
2017,2,60000,23.4,Coupe,Audi
2017,2,100000,40.4,Hatchback,Mercedes
2017,2,120000,34.9,Sedan,Mercedes
2017,2,38000,30.5,Pickup,Chevrolet
2017,2,38000,42.9,Coupe,Hyundai
2017,2,120000,20.8,SUV,Tesla
2017,2,28000,32.6,Coupe,Audi
2017,2,22000,31.5,SUV,Honda
2017,2,32000,36.6,Sedan,Nissan
2017,2,28000,47.5,Sedan,Toyota
2017,2,65000,25.8,SUV,Audi
2017,2,50000,36.0,Hatchback,Toyota
2017,2,18000,29.5,Sedan,Toyota
2017,2,70000,25.0,Sedan,Tesla
2017,2,90000,24.5,Hatchback,Audi
2017,2,38000,25.3,Sedan,Hyundai
2017,2,25000,20.0,Pickup,Ford
2017,2,25000,31.4,SUV,Honda
2017,2,70000,25.9,SUV,BMW
2017,2,20000,21.3,Sedan,Toyota
2017,2,32000,32.5,SUV,Hyundai
2017,2,80000,37.7,SUV,Audi
2017,2,120000,41.3,Convertible,Tesla
2017,2,42000,24.0,Sedan,Chevrolet
2017,2,40000,18.4,SUV,Hyundai
2017,2,90000,26.9,SUV,Audi
2017,2,32000,20.7,Sedan,Ford
2017,2,100000,21.1,SUV,Tesla
2017,2,48000,15.4,Sedan,Honda
2017,2,60000,35.7,Sedan,Toyota
2017,2,30000,41.6,Hatchback,Toyota
2017,2,80000,22.1,Coupe,Mercedes
2017,2,48000,49.3,SUV,Honda
2017,2,50000,48.8,Hatchback,Toyota
2017,2,100000,33.5,SUV,Mercedes
2017,2,15000,43.9,SUV,Honda
2017,2,30000,16.5,Sedan,Toyota
2017,2,90000,38.8,Sedan,Audi
2017,2,35000,34.7,Sedan,Toyota
2017,2,25000,30.5,Convertible,BMW
2017,2,120000,23.5,Hatchback,BMW
2017,2,60000,17.1,Sedan,Honda
2017,2,55000,38.0,SUV,Audi
2017,2,75000,31.4,SUV,Audi
2017,2,45000,32.5,Coupe,Audi
2017,2,15000,16.1,Sedan,Ford
2017,2,90000,30.3,Sedan,Mercedes
2017,2,80000,31.2,Convertible,Mercedes
2017,2,70000,21.3,SUV,Mercedes
2017,2,55000,38.2,Sedan,Honda
2017,2,22000,40.4,Pickup,Toyota
2017,2,65000,23.7,Hatchback,Audi
2017,2,18000,20.3,SUV,Toyota
2017,2,15000,20.0,Sedan,Honda
2017,2,50000,16.8,Sedan,Toyota
2017,2,90000,20.4,SUV,BMW
2017,2,45000,32.1,SUV,Honda
2017,2,18000,38.2,Pickup,Toyota
2017,2,18000,21.5,Hatchback,Honda
2017,2,60000,33.5,SUV,Honda
2017,2,25000,29.2,SUV,Hyundai
2017,2,15000,15.9,Hatchback,Chevrolet
2017,2,32000,17.6,Sedan,Chevrolet
2017,2,20000,41.8,Sedan,Nissan
2017,2,50000,23.0,Coupe,BMW
2017,2,35000,48.9,Hatchback,Honda
2017,2,80000,17.3,Sedan,BMW
2017,2,50000,18.6,Pickup,Subaru
2017,2,30000,34.0,Convertible,BMW
2017,2,40000,43.2,Sedan,Chevrolet
2017,2,100000,33.4,Sedan,Audi
2017,2,38000,40.0,SUV,Hyundai
2017,2,100000,21.7,Pickup,Audi
2017,2,50000,47.4,Sedan,Audi
2017,2,22000,42.5,SUV,Honda
2017,2,50000,28.7,SUV,BMW
2017,2,90000,49.3,Pickup,Tesla
2017,2,30000,48.8,Coupe,BMW
2017,2,42000,27.3,Sedan,Hyundai
2017,3,18000,31.5,Hatchback,Hyundai
2017,3,75000,38.9,Hatchback,Mercedes
2017,3,22000,44.6,Coupe,BMW
2017,3,42000,47.0,Sedan,Honda
2017,3,45000,16.5,Coupe,BMW
2017,3,30000,24.3,Sedan,Toyota
2017,3,25000,47.4,Sedan,Hyundai
2017,3,50000,46.7,SUV,Honda
2017,3,35000,18.7,Hatchback,Kia
2017,3,45000,47.2,Sedan,Toyota
2017,3,25000,30.5,Pickup,Chevrolet
2017,3,22000,46.9,Sedan,Hyundai
2017,3,100000,28.0,Hatchback,Mercedes
2017,3,80000,31.5,SUV,Tesla
2017,3,55000,17.1,SUV,Subaru
2017,3,30000,23.1,SUV,Toyota
2017,3,100000,15.3,SUV,BMW
2017,3,15000,32.7,SUV,Hyundai
2017,3,42000,20.4,SUV,Ford
2017,3,65000,46.2,Sedan,Audi
2017,3,15000,31.3,Hatchback,Toyota
2017,3,32000,45.1,Hatchback,Honda
2017,3,18000,25.1,Sedan,Honda
2017,3,38000,49.7,Sedan,Nissan
2017,3,30000,22.8,Sedan,Kia
2017,3,100000,20.1,Sedan,Audi
2017,3,75000,31.4,Convertible,Tesla
2017,3,100000,27.5,SUV,BMW
2017,3,120000,37.5,Sedan,Tesla
2017,3,32000,38.1,Pickup,Chevrolet
2017,3,50000,36.9,SUV,Honda
2017,3,42000,45.7,Sedan,Kia
2017,3,70000,46.6,Sedan,Audi
2017,3,35000,41.9,Hatchback,Honda
2017,3,50000,40.8,Convertible,Subaru
2017,3,120000,45.4,Sedan,Mercedes
2017,3,90000,38.4,Sedan,Audi
2017,3,40000,48.4,Sedan,Nissan
2017,3,120000,47.3,SUV,Audi
2017,3,30000,38.1,Coupe,Hyundai
2017,3,32000,15.2,Coupe,BMW
2017,3,70000,31.1,Convertible,Mercedes
2017,3,30000,30.3,SUV,Hyundai
2017,3,90000,29.4,Sedan,Mercedes
2017,3,22000,29.5,Sedan,Nissan
2017,3,25000,37.1,SUV,Honda
2017,3,65000,40.1,Sedan,Subaru
2017,3,45000,31.7,SUV,Audi
2017,3,20000,32.9,SUV,Ford
2017,3,100000,42.3,SUV,Mercedes
2017,3,48000,23.9,SUV,BMW
2017,3,55000,22.5,SUV,Toyota
2017,3,65000,28.9,Sedan,Honda
2017,3,30000,28.1,Sedan,Toyota
2017,3,75000,22.8,SUV,Mercedes
2017,3,40000,26.3,Convertible,Ford
2017,3,120000,35.1,Pickup,BMW
2017,3,55000,22.4,Sedan,Toyota
2017,3,120000,37.3,SUV,Audi
2017,3,48000,41.4,Hatchback,Toyota
2017,3,48000,26.3,Sedan,Audi
2017,3,42000,30.3,Sedan,Hyundai
2017,3,42000,22.5,SUV,Toyota
2017,3,100000,48.2,Convertible,Mercedes
2017,3,18000,23.7,SUV,Kia
2017,3,28000,23.2,SUV,Toyota
2017,3,15000,32.4,Hatchback,Kia
2017,3,70000,45.3,Sedan,Audi
2017,3,60000,36.4,Convertible,Toyota
2017,3,75000,45.2,SUV,Audi
2017,3,80000,42.3,SUV,Tesla
2017,3,25000,40.5,Pickup,Toyota
2017,3,90000,48.9,Sedan,Mercedes
2017,3,22000,38.1,Hatchback,Honda
2017,3,75000,29.6,Hatchback,Tesla
2017,3,25000,44.5,SUV,Honda
2017,3,32000,37.9,SUV,Honda
2017,3,120000,21.4,Sedan,Audi
2017,3,15000,48.2,Coupe,BMW
2017,3,75000,32.0,SUV,Mercedes
2017,4,50000,46.5,Sedan,Toyota
2017,4,65000,44.5,Pickup,BMW
2017,4,100000,46.2,Hatchback,Tesla
2017,4,30000,42.8,Pickup,Toyota
2017,4,40000,19.8,Coupe,BMW
2017,4,30000,33.9,Sedan,Nissan
2017,4,70000,20.3,Sedan,Tesla
2017,4,65000,35.9,Pickup,Subaru
2017,4,50000,19.3,Sedan,Honda
2017,4,30000,40.7,SUV,Honda
2017,4,18000,45.2,Sedan,Honda
2017,4,48000,36.0,Coupe,Toyota
2017,4,35000,34.6,SUV,Kia
2017,4,48000,33.8,SUV,BMW
2017,4,40000,43.6,SUV,Ford
2017,4,30000,15.2,Sedan,Hyundai
2017,4,35000,43.1,SUV,Honda
2017,4,22000,35.7,Sedan,Nissan
2017,4,40000,19.1,Sedan,Honda
2017,4,25000,28.2,Sedan,Hyundai
2017,4,22000,45.5,Convertible,Mazda
2017,4,120000,20.0,Sedan,Mercedes
2017,4,20000,15.2,SUV,Kia
2017,4,65000,29.3,Coupe,Honda
2017,4,45000,36.3,Pickup,Honda
2017,4,120000,19.3,Pickup,BMW
2017,4,65000,33.8,Hatchback,BMW
2017,4,30000,23.6,Pickup,Ford
2017,4,38000,19.2,Sedan,Hyundai
2017,4,25000,25.1,Pickup,Toyota
2017,4,35000,42.3,Sedan,Hyundai
2017,4,32000,39.1,SUV,Kia
2017,4,20000,22.9,Sedan,Hyundai
2017,4,28000,26.7,Coupe,BMW
2017,4,50000,25.6,Convertible,Toyota
2017,4,120000,47.9,Sedan,Mercedes
2017,4,80000,20.9,SUV,Audi
2017,4,30000,37.9,SUV,Toyota
2017,4,15000,29.2,Pickup,Ford
2017,4,20000,25.4,Sedan,Honda
2017,4,42000,30.9,Hatchback,Toyota
2017,4,42000,43.1,Convertible,Ford
2017,4,45000,37.1,Convertible,Audi
2017,4,90000,31.8,SUV,Tesla
2017,4,55000,35.9,SUV,Audi
2017,4,35000,24.2,Coupe,BMW
2017,4,120000,48.4,Sedan,Audi
2017,4,90000,41.2,SUV,Mercedes
2017,4,20000,35.1,Sedan,Honda
2017,4,42000,32.8,SUV,Nissan
2017,4,18000,34.7,SUV,Hyundai
2017,4,40000,43.5,SUV,Toyota
2017,4,100000,43.2,SUV,Audi
2017,4,65000,47.0,Sedan,BMW
2017,4,32000,25.4,SUV,Kia
2017,4,40000,40.9,Pickup,Toyota
2017,4,35000,25.0,SUV,Nissan
2017,4,90000,16.4,Sedan,BMW
2017,4,18000,15.2,Pickup,Toyota
2017,4,120000,44.7,SUV,BMW
2017,4,18000,48.2,SUV,Toyota
2017,4,65000,35.2,SUV,Audi
2017,4,18000,49.4,Convertible,Mazda
2017,4,120000,20.2,SUV,Audi
2017,4,100000,21.0,SUV,Tesla
2017,4,35000,21.9,Pickup,Ford
2017,4,100000,35.3,Sedan,Audi
2017,4,70000,22.3,Hatchback,Tesla
2017,4,22000,43.2,Sedan,Hyundai
2017,4,120000,28.6,Sedan,BMW
2017,4,32000,34.6,Hatchback,Kia
2017,4,25000,34.1,Sedan,Kia
2017,4,65000,38.1,SUV,BMW
2017,4,42000,30.5,Sedan,Toyota
2017,4,48000,23.6,SUV,Toyota
2017,4,100000,20.0,Pickup,BMW
2017,4,42000,22.9,Pickup,Chevrolet
2017,4,22000,40.9,Hatchback,Honda
2017,4,65000,49.0,Sedan,Honda
2017,4,60000,44.5,Sedan,Toyota
2017,5,30000,21.4,Sedan,Ford
2017,5,60000,46.1,Convertible,Audi
2017,5,25000,24.9,Sedan,Chevrolet
2017,5,75000,34.5,Sedan,Audi
2017,5,45000,25.1,Sedan,Toyota
2017,5,28000,48.8,Sedan,Toyota
2017,5,48000,43.0,Pickup,BMW
2017,5,15000,42.1,SUV,Nissan
2017,5,28000,44.9,SUV,Toyota
2017,5,48000,47.0,SUV,Toyota
2017,5,45000,30.9,SUV,Audi
2017,5,30000,31.9,Hatchback,Toyota
2017,5,90000,46.3,SUV,Audi
2017,5,65000,32.1,Hatchback,Audi
2017,5,28000,26.6,Coupe,BMW
2017,5,60000,20.0,SUV,Audi
2017,5,65000,21.8,SUV,BMW
2017,5,120000,41.8,Sedan,Tesla
2017,5,100000,22.9,Hatchback,Mercedes
2017,5,55000,15.7,Hatchback,BMW
2017,5,80000,43.3,SUV,Audi
2017,5,32000,44.8,Hatchback,Nissan
2017,5,45000,28.8,SUV,Honda
2017,5,38000,34.0,Pickup,Chevrolet
2017,5,15000,29.0,Sedan,Ford
2017,5,45000,16.0,Pickup,Toyota
2017,5,48000,43.2,Pickup,Toyota
2017,5,20000,37.7,Pickup,Ford
2017,5,120000,40.8,SUV,BMW
2017,5,48000,41.4,Sedan,Honda
2017,5,20000,44.1,Coupe,Toyota
2017,5,35000,44.0,Coupe,BMW
2017,5,60000,28.6,Hatchback,Toyota
2017,5,22000,17.3,SUV,Toyota
2017,5,30000,30.3,Coupe,Audi
2017,5,45000,34.7,SUV,Audi
2017,5,45000,42.5,Sedan,Toyota
2017,5,32000,20.5,Sedan,Toyota
2017,5,22000,44.7,SUV,Ford
2017,5,30000,32.7,SUV,Hyundai
2017,5,35000,31.6,SUV,Nissan
2017,5,75000,31.0,SUV,Tesla
2017,5,50000,35.5,Sedan,Audi
2017,5,55000,48.0,Sedan,Subaru
2017,5,18000,22.9,SUV,Toyota
2017,5,65000,48.3,Hatchback,BMW
2017,5,22000,44.2,Sedan,Honda
2017,5,55000,18.5,Sedan,BMW
2017,5,55000,30.9,Sedan,BMW
2017,5,70000,16.1,SUV,Mercedes
2017,5,28000,41.9,SUV,Kia
2017,5,45000,28.3,SUV,BMW
2017,5,22000,47.7,Sedan,Toyota
2017,5,35000,42.0,SUV,Toyota
2017,5,50000,49.2,SUV,Honda
2017,5,42000,23.6,Sedan,Toyota
2017,5,40000,15.2,SUV,Honda
2017,5,60000,17.4,Convertible,BMW
2017,5,22000,48.6,Sedan,Toyota
2017,5,18000,15.1,Coupe,BMW
2017,5,75000,45.0,Sedan,Audi
2017,5,38000,27.5,SUV,Nissan
2017,5,55000,38.2,SUV,Toyota
2017,5,15000,24.2,SUV,Honda
2017,5,25000,33.8,Pickup,Toyota
2017,5,28000,42.9,Hatchback,Hyundai
2017,5,35000,30.1,SUV,Toyota
2017,5,28000,41.7,SUV,Hyundai
2017,5,28000,49.1,SUV,Hyundai
2017,5,65000,40.6,Pickup,Subaru
2017,5,42000,41.9,Pickup,Chevrolet
2017,5,45000,21.5,SUV,Audi
2017,5,80000,48.7,Sedan,Mercedes
2017,5,100000,17.6,SUV,BMW
2017,5,100000,20.4,SUV,BMW
2017,5,18000,25.2,Sedan,Honda
2017,5,48000,17.8,Sedan,Toyota
2017,5,20000,23.6,Hatchback,Nissan
2017,5,120000,34.0,Sedan,Mercedes
2017,5,15000,35.2,SUV,Honda
2017,6,100000,19.1,SUV,Mercedes
2017,6,28000,18.1,Pickup,Ford
2017,6,55000,44.0,SUV,Toyota
2017,6,45000,15.3,Hatchback,Toyota
2017,6,38000,15.6,Coupe,Toyota
2017,6,50000,26.4,Sedan,BMW
2017,6,40000,47.4,SUV,Ford
2017,6,70000,38.1,SUV,Mercedes
2017,6,25000,32.3,Sedan,Toyota
2017,6,18000,22.8,Pickup,Toyota
2017,6,90000,30.8,SUV,Mercedes
2017,6,15000,16.4,Sedan,Toyota
2017,6,75000,28.1,SUV,BMW
2017,6,50000,28.8,Pickup,Honda
2017,6,32000,35.2,Pickup,Ford
2017,6,100000,29.6,Coupe,BMW
2017,6,70000,37.7,SUV,Mercedes
2017,6,48000,45.7,Coupe,BMW
2017,6,120000,25.4,Coupe,BMW
2017,6,70000,48.9,SUV,BMW
2017,6,25000,30.1,Sedan,Nissan
2017,6,70000,33.0,Pickup,Mercedes
2017,6,38000,25.1,Sedan,Toyota
2017,6,30000,29.7,SUV,Honda
2017,6,55000,43.2,Sedan,Subaru
2017,6,30000,17.9,SUV,Honda
2017,6,20000,35.6,SUV,Hyundai
2017,6,28000,31.7,SUV,Ford
2017,6,75000,31.7,Hatchback,Audi
2017,6,90000,19.6,Pickup,Audi
2017,6,60000,39.7,Coupe,Honda
2017,6,20000,41.0,Pickup,Chevrolet
2017,6,40000,27.3,Coupe,Toyota
2017,6,45000,18.1,Hatchback,Audi
2017,6,15000,36.9,Sedan,Toyota
2017,6,25000,19.3,Pickup,Chevrolet
2017,6,18000,16.1,SUV,Hyundai
2017,6,40000,21.5,Sedan,Nissan
2017,6,20000,32.4,Sedan,Honda
2017,6,18000,17.5,SUV,Ford
2017,6,65000,28.1,Sedan,Audi
2017,6,32000,49.4,Sedan,Toyota
2017,6,35000,28.2,SUV,Toyota
2017,6,75000,45.0,SUV,BMW
2017,6,28000,38.1,Pickup,Ford
2017,6,50000,28.5,Coupe,Subaru
2017,6,40000,40.4,Sedan,Toyota
2017,6,35000,41.2,Convertible,Mazda
2017,6,90000,15.5,SUV,Tesla
2017,6,28000,29.7,Sedan,Nissan
2017,6,100000,37.5,Convertible,Mercedes
2017,6,60000,22.1,Convertible,Toyota
2017,6,55000,24.9,Sedan,BMW
2017,6,35000,31.5,Hatchback,Nissan
2017,6,32000,42.4,Hatchback,Ford
2017,6,35000,31.6,Sedan,Honda
2017,6,25000,38.7,SUV,Nissan
2017,6,90000,25.1,SUV,Tesla
2017,6,42000,43.4,SUV,Nissan
2017,6,80000,25.1,Coupe,Tesla
2017,6,50000,20.6,Sedan,Toyota
2017,6,30000,48.9,SUV,Hyundai
2017,6,90000,28.4,Sedan,BMW
2017,6,55000,38.9,Hatchback,Subaru
2017,6,38000,38.3,SUV,Honda
2017,6,75000,23.2,Sedan,Audi
2017,6,22000,26.8,Sedan,Chevrolet
2017,6,32000,17.6,Pickup,Ford
2017,6,100000,40.7,Sedan,Tesla
2017,6,70000,37.5,SUV,Mercedes
2017,6,42000,36.7,SUV,Toyota
2017,6,35000,49.7,Pickup,Ford
2017,6,18000,48.4,Sedan,Ford
2017,6,50000,16.6,Convertible,BMW
2017,6,100000,43.3,Convertible,Mercedes
2017,6,65000,48.7,Sedan,BMW
2017,6,48000,33.4,Sedan,Honda
2017,6,22000,15.2,Hatchback,Ford
2017,6,120000,22.5,SUV,Mercedes
2017,6,22000,42.1,Coupe,BMW
2017,7,50000,23.5,SUV,Audi
2017,7,65000,39.7,Sedan,Toyota
2017,7,32000,39.3,Convertible,Ford
2017,7,30000,24.2,SUV,Kia
2017,7,90000,17.0,Pickup,Audi
2017,7,32000,22.6,SUV,Honda
2017,7,100000,23.9,Pickup,Mercedes
2017,7,35000,23.1,SUV,Toyota
2017,7,65000,36.0,SUV,Subaru
2017,7,15000,25.4,Pickup,Toyota
2017,7,100000,28.9,SUV,Mercedes
2017,7,90000,16.8,SUV,BMW
2017,7,40000,29.1,Pickup,Chevrolet
2017,7,40000,21.1,Sedan,Honda
2017,7,45000,46.6,Pickup,Toyota
2017,7,48000,40.6,SUV,Audi
2017,7,40000,21.1,Hatchback,Ford
2017,7,55000,32.0,Hatchback,Audi
2017,7,80000,44.8,Coupe,BMW
2017,7,25000,18.1,Coupe,BMW
2017,7,28000,36.4,Sedan,Honda
2017,7,120000,30.4,SUV,Mercedes
2017,7,45000,29.3,Pickup,Toyota
2017,7,30000,25.7,Sedan,Toyota
2017,7,120000,17.6,Hatchback,BMW
2017,7,55000,28.9,SUV,BMW
2017,7,120000,16.5,Hatchback,Audi
2017,7,50000,16.0,Coupe,Honda
2017,7,30000,37.7,Sedan,Ford
2017,7,50000,37.7,Sedan,Audi
2017,7,42000,40.8,Sedan,Chevrolet
2017,7,42000,24.9,Sedan,Honda
2017,7,65000,45.8,Sedan,Subaru
2017,7,32000,26.9,Coupe,Audi
2017,7,38000,34.7,Sedan,Ford
2017,7,40000,37.0,SUV,Toyota
2017,7,35000,28.7,Hatchback,Chevrolet
2017,7,22000,44.9,SUV,Kia
2017,7,20000,48.1,Pickup,Ford
2017,7,65000,16.2,Hatchback,Toyota
2017,7,42000,20.1,Hatchback,Toyota
2017,7,42000,24.4,Sedan,Honda
2017,7,40000,17.4,SUV,Nissan
2017,7,75000,19.0,Hatchback,Tesla
2017,7,15000,48.1,Convertible,Mazda
2017,7,35000,35.6,Convertible,Ford
2017,7,20000,43.2,Pickup,Chevrolet
2017,7,42000,38.0,Convertible,Mazda
2017,7,48000,15.3,Sedan,Honda
2017,7,40000,16.8,SUV,Honda
2017,7,42000,20.3,SUV,Hyundai
2017,7,30000,43.2,Coupe,Hyundai
2017,7,45000,29.4,Hatchback,Audi
2017,7,48000,26.0,SUV,Audi
2017,7,45000,25.4,SUV,Toyota
2017,7,22000,29.3,Sedan,Ford
2017,7,55000,30.5,Coupe,BMW
2017,7,80000,36.3,Coupe,BMW
2017,7,80000,28.0,Sedan,Audi
2017,7,25000,27.8,SUV,Hyundai
2017,7,40000,42.2,Coupe,Toyota
2017,7,28000,38.6,Convertible,BMW
2017,7,30000,19.2,Sedan,Nissan
2017,7,40000,21.7,Convertible,Mazda
2017,7,65000,47.7,SUV,Toyota
2017,7,32000,39.2,Sedan,Nissan
2017,7,45000,50.0,Hatchback,Audi
2017,7,18000,43.8,Sedan,Toyota
2017,7,28000,41.1,Sedan,Hyundai
2017,7,80000,47.5,SUV,BMW
2017,7,25000,46.2,Sedan,Hyundai
2017,7,120000,30.0,SUV,BMW
2017,7,40000,36.8,Sedan,Chevrolet
2017,7,48000,37.4,Sedan,Audi
2017,7,80000,38.2,SUV,Tesla
2017,7,18000,17.0,Sedan,Honda
2017,7,48000,37.2,Hatchback,Honda
2017,7,55000,26.3,Sedan,Audi
2017,7,60000,33.7,Hatchback,Toyota
2017,7,70000,21.5,SUV,Tesla
2017,8,22000,34.7,Sedan,Nissan
2017,8,32000,36.6,SUV,Kia
2017,8,32000,19.0,Sedan,Toyota
2017,8,90000,26.5,Sedan,Mercedes
2017,8,75000,33.2,Sedan,BMW
2017,8,65000,35.0,Sedan,Toyota
2017,8,60000,38.8,Sedan,Audi
2017,8,28000,25.7,Coupe,Toyota
2017,8,30000,37.5,Sedan,Honda
2017,8,20000,44.1,Coupe,Toyota
2017,8,60000,29.2,Sedan,Toyota
2017,8,120000,27.6,Sedan,Mercedes
2017,8,48000,34.2,SUV,Honda
2017,8,22000,39.6,Hatchback,Honda
2017,8,45000,20.2,SUV,Audi
2017,8,32000,27.7,Sedan,Ford
2017,8,65000,31.5,Coupe,Toyota
2017,8,50000,47.1,Convertible,Audi
2017,8,65000,35.6,Coupe,Toyota
2017,8,80000,16.0,SUV,Mercedes
2017,8,30000,20.3,Hatchback,Hyundai
2017,8,50000,44.2,Sedan,BMW
2017,8,80000,42.7,Pickup,Mercedes
2017,8,55000,32.6,Convertible,Audi
2017,8,100000,32.2,SUV,BMW
2017,8,22000,36.0,Sedan,Toyota
2017,8,22000,49.5,Sedan,Honda
2017,8,70000,39.5,SUV,Mercedes
2017,8,20000,21.7,SUV,Toyota
2017,8,42000,31.2,SUV,Toyota
2017,8,120000,16.1,Convertible,Audi
2017,8,65000,19.9,SUV,Subaru
2017,8,38000,20.2,Sedan,Chevrolet
2017,8,55000,35.1,Sedan,Honda
2017,8,48000,27.7,Sedan,Honda
2017,8,75000,32.1,SUV,Mercedes
2017,8,40000,18.3,Sedan,Toyota
2017,8,70000,33.5,SUV,Audi
2017,8,75000,41.8,Sedan,Mercedes
2017,8,50000,25.5,SUV,Subaru
2017,8,120000,32.5,Sedan,Tesla
2017,8,32000,33.7,SUV,Honda
2017,8,120000,45.9,SUV,Tesla
2017,8,28000,40.9,Hatchback,Ford
2017,8,22000,17.6,SUV,Toyota
2017,8,70000,16.5,Sedan,Mercedes
2017,8,50000,30.2,Sedan,Honda
2017,8,80000,39.7,Coupe,BMW
2017,8,50000,45.3,SUV,Audi
2017,8,15000,47.6,Sedan,Toyota
2017,8,70000,33.8,Sedan,Audi
2017,8,28000,42.4,Pickup,Ford
2017,8,32000,31.8,SUV,Toyota
2017,8,35000,22.9,Hatchback,Ford
2017,8,20000,16.4,SUV,Toyota
2017,8,90000,41.6,Sedan,Tesla
2017,8,32000,24.5,Pickup,Ford
2017,8,45000,15.5,Sedan,Audi
2017,8,15000,44.0,Sedan,Honda
2017,8,30000,36.9,SUV,Ford
2017,8,65000,32.1,Coupe,Subaru
2017,8,50000,15.5,Pickup,Toyota
2017,8,15000,21.6,Convertible,Mazda
2017,8,20000,45.3,Hatchback,Toyota
2017,8,22000,43.6,SUV,Hyundai
2017,8,80000,15.2,Pickup,Audi
2017,8,65000,46.9,SUV,Honda
2017,8,32000,21.1,Pickup,Chevrolet
2017,8,32000,23.7,Sedan,Ford
2017,8,90000,45.1,Coupe,Audi
2017,8,50000,47.2,SUV,Audi
2017,8,40000,25.9,Hatchback,Honda
2017,8,55000,31.5,Hatchback,Audi
2017,8,35000,40.0,SUV,Toyota
2017,8,40000,19.4,SUV,Toyota
2017,8,48000,34.8,Sedan,BMW
2017,8,90000,41.8,Sedan,BMW
2017,8,32000,20.6,Sedan,Honda
2017,8,38000,44.7,Hatchback,Toyota
2017,8,75000,18.1,SUV,Mercedes
2017,9,35000,45.8,Hatchback,Kia
2017,9,100000,35.9,Hatchback,Tesla
2017,9,65000,15.6,Hatchback,BMW
2017,9,32000,33.2,SUV,Toyota
2017,9,80000,35.6,SUV,BMW
2017,9,65000,38.3,SUV,Audi
2017,9,15000,29.7,Pickup,Ford
2017,9,45000,49.1,Hatchback,Honda
2017,9,18000,31.8,Hatchback,Toyota
2017,9,18000,30.1,SUV,Ford
2017,9,55000,47.5,SUV,Subaru
2017,9,32000,26.2,Hatchback,Kia
2017,9,35000,18.0,Sedan,Toyota
2017,9,20000,24.4,Sedan,Honda
2017,9,120000,18.9,SUV,Tesla
2017,9,42000,39.5,SUV,Hyundai
2017,9,60000,19.5,Convertible,Toyota
2017,9,50000,19.0,Pickup,Toyota
2017,9,70000,17.3,SUV,Audi
2017,9,15000,15.9,Hatchback,Honda
2017,9,18000,33.8,Coupe,Audi
2017,9,28000,37.9,Hatchback,Hyundai
2017,9,75000,23.8,Convertible,BMW
2017,9,48000,22.0,Sedan,Honda
2017,9,35000,29.1,SUV,Toyota
2017,9,35000,42.3,Sedan,Kia
2017,9,38000,38.8,SUV,Ford
2017,9,60000,23.0,Sedan,BMW
2017,9,32000,49.1,SUV,Toyota
2017,9,60000,19.3,SUV,Honda
2017,9,45000,34.0,Sedan,Audi
2017,9,80000,27.1,Hatchback,Mercedes
2017,9,45000,21.1,Sedan,BMW
2017,9,32000,25.1,Sedan,Nissan
2017,9,100000,43.7,Sedan,BMW
2017,9,35000,34.4,Sedan,Toyota
2017,9,38000,20.6,Pickup,Ford
2017,9,70000,16.6,Coupe,Audi
2017,9,32000,22.3,Sedan,Toyota
2017,9,35000,24.0,Sedan,Honda
2017,9,30000,35.5,Sedan,Honda
2017,9,38000,49.0,Convertible,Ford
2017,9,28000,34.1,SUV,Toyota
2017,9,65000,37.9,SUV,BMW
2017,9,100000,23.0,SUV,BMW
2017,9,42000,18.3,Coupe,Hyundai
2017,9,50000,49.3,Hatchback,Toyota
2017,9,20000,18.4,Sedan,Hyundai
2017,9,90000,19.5,Sedan,BMW
2017,9,15000,15.5,SUV,Kia
2017,9,65000,49.0,Coupe,Honda
2017,9,15000,36.6,Hatchback,Honda
2017,9,45000,39.8,Pickup,Audi
2017,9,50000,46.3,Sedan,Honda
2017,9,45000,47.2,Convertible,Honda
2017,9,90000,46.1,Coupe,Tesla
2017,9,28000,49.7,Hatchback,Toyota
2017,9,40000,25.0,SUV,Hyundai
2017,9,42000,33.4,Hatchback,Hyundai
2017,9,65000,27.4,SUV,Honda
2017,9,35000,16.6,SUV,Honda
2017,9,40000,45.8,Pickup,Ford
2017,9,120000,18.0,Sedan,BMW
2017,9,28000,20.0,SUV,Hyundai
2017,9,25000,48.3,Sedan,Kia
2017,9,100000,21.3,SUV,Tesla
2017,9,30000,18.5,Sedan,Toyota
2017,9,28000,28.9,Sedan,Kia
2017,9,30000,28.6,Sedan,Kia
2017,9,30000,49.5,Sedan,Hyundai
2017,9,40000,26.5,Pickup,Toyota
2017,9,32000,27.8,Pickup,Chevrolet
2017,9,120000,37.7,SUV,Audi
2017,9,38000,46.3,SUV,Honda
2017,9,20000,28.7,Sedan,Honda
2017,9,20000,29.3,Hatchback,Hyundai
2017,9,20000,39.0,Convertible,Mazda
2017,9,45000,27.4,SUV,BMW
2017,9,60000,25.8,Pickup,Toyota
2017,9,18000,15.7,Sedan,Toyota
2017,10,30000,43.0,Sedan,Hyundai
2017,10,32000,25.9,Sedan,Toyota
2017,10,45000,46.1,SUV,Toyota
2017,10,20000,23.3,Hatchback,Kia
2017,10,45000,29.5,Sedan,Subaru
2017,10,65000,36.9,Pickup,Honda
2017,10,100000,30.4,Convertible,BMW
2017,10,28000,15.3,Sedan,Toyota
2017,10,18000,45.2,Hatchback,Nissan
2017,10,90000,31.6,SUV,BMW
2017,10,90000,29.3,Sedan,Mercedes
2017,10,48000,45.6,Sedan,BMW
2017,10,32000,27.1,Hatchback,Honda
2017,10,40000,43.1,Sedan,Hyundai
2017,10,45000,38.8,Pickup,Honda
2017,10,120000,17.3,Hatchback,Mercedes
2017,10,65000,42.0,Pickup,Audi
2017,10,35000,35.7,SUV,Ford
2017,10,60000,39.1,Sedan,BMW
2017,10,80000,15.8,SUV,Audi
2017,10,32000,36.0,SUV,Honda
2017,10,28000,18.3,SUV,Kia
2017,10,22000,20.6,Convertible,Ford
2017,10,32000,19.3,Sedan,Nissan
2017,10,32000,27.8,Pickup,Toyota
2017,10,25000,31.0,Hatchback,Hyundai
2017,10,60000,20.6,SUV,Toyota
2017,10,32000,15.6,Hatchback,Hyundai
2017,10,90000,37.4,Hatchback,Mercedes
2017,10,55000,29.5,SUV,Audi
2017,10,42000,38.6,SUV,Hyundai
2017,10,90000,29.2,Hatchback,Mercedes
2017,10,38000,32.6,Sedan,Hyundai
2017,10,15000,45.8,SUV,Hyundai
2017,10,25000,28.5,SUV,Kia
2017,10,90000,44.9,Sedan,BMW
2017,10,42000,18.5,SUV,Hyundai
2017,10,120000,30.6,Convertible,Mercedes
2017,10,40000,34.4,Pickup,Ford
2017,10,100000,32.6,SUV,Tesla
2017,10,60000,28.1,Sedan,Audi
2017,10,40000,20.5,Convertible,BMW
2017,10,38000,16.2,Sedan,Kia
2017,10,80000,24.9,Coupe,Tesla
2017,10,15000,30.1,Sedan,Nissan
2017,10,50000,23.5,Sedan,BMW
2017,10,100000,36.4,SUV,Mercedes
2017,10,40000,15.3,Hatchback,Toyota
2017,10,70000,27.3,Coupe,Audi
2017,10,22000,36.5,Sedan,Toyota
2017,10,15000,33.9,SUV,Kia
2017,10,22000,24.8,SUV,Toyota
2017,10,18000,46.9,Coupe,Toyota
2017,10,90000,47.8,SUV,BMW
2017,10,100000,28.4,Sedan,Tesla
2017,10,55000,24.7,SUV,Subaru
2017,10,20000,46.0,SUV,Kia
2017,10,18000,49.2,Sedan,Honda
2017,10,70000,28.0,Sedan,Tesla
2017,10,20000,19.3,Sedan,Hyundai
2017,10,20000,48.4,Coupe,Hyundai
2017,10,25000,28.9,SUV,Toyota
2017,10,20000,38.7,Sedan,Nissan
2017,10,120000,24.6,Pickup,Mercedes
2017,10,18000,24.5,SUV,Ford
2017,10,25000,16.6,Sedan,Honda
2017,10,50000,19.2,Pickup,Honda
2017,10,38000,41.5,Sedan,Hyundai
2017,10,18000,15.2,Convertible,BMW
2017,10,70000,25.5,Sedan,BMW
2017,10,90000,30.3,Coupe,Mercedes
2017,10,15000,19.9,Sedan,Nissan
2017,10,38000,43.8,Sedan,Honda
2017,10,40000,22.5,SUV,Hyundai
2017,10,40000,15.6,SUV,Toyota
2017,10,50000,40.1,Hatchback,Audi
2017,10,35000,29.0,Pickup,Ford
2017,10,28000,44.8,Sedan,Nissan
2017,10,18000,30.3,Sedan,Honda
2017,10,80000,19.1,SUV,Audi
2017,11,48000,23.6,Pickup,Toyota
2017,11,20000,40.4,Pickup,Chevrolet
2017,11,65000,17.5,SUV,Toyota
2017,11,30000,32.6,Pickup,Toyota
2017,11,18000,20.6,Convertible,Mazda
2017,11,45000,32.2,SUV,Toyota
2017,11,70000,38.0,SUV,Tesla
2017,11,42000,29.7,Coupe,BMW
2017,11,22000,47.9,SUV,Hyundai
2017,11,35000,19.8,Sedan,Hyundai
2017,11,65000,48.5,Sedan,Honda
2017,11,18000,46.2,Sedan,Toyota
2017,11,45000,28.3,Sedan,Toyota
2017,11,75000,28.3,Convertible,Tesla
2017,11,25000,34.6,Sedan,Honda
2017,11,38000,24.6,Pickup,Ford
2017,11,120000,41.1,Convertible,BMW
2017,11,40000,16.5,SUV,Honda
2017,11,48000,34.9,SUV,Honda
2017,11,120000,47.0,Sedan,Mercedes
2017,11,20000,21.3,Sedan,Hyundai
2017,11,18000,46.8,Sedan,Honda
2017,11,48000,28.7,Sedan,BMW
2017,11,80000,39.2,SUV,Mercedes
2017,11,25000,46.2,SUV,Toyota
2017,11,120000,17.1,Hatchback,Mercedes
2017,11,50000,39.7,Sedan,Audi
2017,11,22000,22.7,Sedan,Honda
2017,11,22000,25.5,SUV,Ford
2017,11,25000,45.0,SUV,Kia
2017,11,65000,31.6,Sedan,Toyota
2017,11,35000,38.2,SUV,Toyota
2017,11,28000,39.1,SUV,Kia
2017,11,15000,27.5,Hatchback,Hyundai
2017,11,18000,30.4,SUV,Kia
2017,11,45000,33.0,SUV,BMW
2017,11,22000,36.1,Sedan,Chevrolet
2017,11,55000,39.1,SUV,Subaru
2017,11,20000,46.7,SUV,Hyundai
2017,11,100000,20.1,SUV,BMW
2017,11,32000,49.8,Sedan,Ford
2017,11,18000,24.4,Sedan,Honda
2017,11,30000,27.6,Sedan,Toyota
2017,11,35000,47.7,Pickup,Ford
2017,11,15000,21.5,SUV,Nissan
2017,11,80000,22.0,SUV,BMW
2017,11,20000,17.2,Convertible,BMW
2017,11,38000,41.4,SUV,Toyota
2017,11,18000,26.9,SUV,Hyundai
2017,11,15000,16.3,SUV,Toyota
2017,11,25000,43.6,Sedan,Chevrolet
2017,11,48000,29.5,SUV,Audi
2017,11,80000,43.0,Sedan,Audi
2017,11,50000,25.7,Sedan,Toyota
2017,11,40000,17.7,Sedan,Honda
2017,11,60000,18.7,Sedan,BMW
2017,11,48000,47.7,SUV,BMW
2017,11,42000,40.5,SUV,Honda
2017,11,75000,29.2,SUV,Mercedes
2017,11,42000,44.8,SUV,Hyundai
2017,11,30000,26.5,SUV,Nissan
2017,11,120000,24.7,Sedan,Tesla
2017,11,15000,25.5,SUV,Hyundai
2017,11,80000,34.1,Sedan,Mercedes
2017,11,40000,32.0,SUV,Honda
2017,11,28000,32.6,Pickup,Toyota
2017,11,32000,42.2,Sedan,Honda
2017,11,55000,25.7,Hatchback,Audi
2017,11,60000,44.3,SUV,Toyota
2017,11,45000,37.6,Hatchback,BMW
2017,11,38000,32.3,Pickup,Chevrolet
2017,11,18000,46.7,Sedan,Chevrolet
2017,11,20000,32.1,SUV,Nissan
2017,11,60000,43.7,Sedan,BMW
2017,11,80000,33.9,Pickup,Audi
2017,11,55000,46.9,Sedan,BMW
2017,11,100000,48.9,Convertible,Audi
2017,11,30000,19.8,Convertible,Ford
2017,11,60000,45.4,Sedan,BMW
2017,11,100000,19.2,Pickup,Mercedes
2017,12,50000,32.8,Sedan,BMW
2017,12,50000,18.4,SUV,Honda
2017,12,48000,40.7,SUV,Audi
2017,12,42000,41.3,SUV,Nissan
2017,12,20000,41.4,Convertible,BMW
2017,12,25000,42.9,Convertible,BMW
2017,12,120000,27.2,Sedan,Mercedes
2017,12,120000,47.2,SUV,Mercedes
2017,12,100000,26.9,SUV,Mercedes
2017,12,28000,30.6,Sedan,Chevrolet
2017,12,70000,26.9,Convertible,Audi
2017,12,45000,40.4,Hatchback,Subaru
2017,12,100000,16.4,SUV,Audi
2017,12,25000,39.6,Sedan,Honda
2017,12,35000,19.6,Sedan,Toyota
2017,12,30000,18.2,Sedan,Hyundai
2017,12,48000,47.8,SUV,Honda
2017,12,48000,42.7,SUV,Audi
2017,12,15000,31.2,SUV,Honda
2017,12,20000,23.9,Sedan,Ford
2017,12,15000,42.7,SUV,Hyundai
2017,12,32000,35.2,SUV,Hyundai
2017,12,50000,42.9,SUV,Audi
2017,12,100000,48.5,Hatchback,Tesla
2017,12,22000,37.0,Sedan,Toyota
2017,12,70000,36.1,Hatchback,Tesla
2017,12,65000,32.0,Sedan,Audi
2017,12,60000,21.2,Sedan,Audi
2017,12,100000,21.4,Convertible,Tesla
2017,12,40000,31.8,SUV,Kia
2017,12,45000,21.6,Hatchback,BMW
2017,12,35000,38.8,SUV,Honda
2017,12,30000,45.0,Sedan,Chevrolet
2017,12,55000,19.9,SUV,Honda
2017,12,22000,21.7,Hatchback,Toyota
2017,12,42000,18.4,Sedan,Nissan
2017,12,55000,42.8,SUV,Subaru
2017,12,80000,30.9,Sedan,Audi
2017,12,22000,48.0,SUV,Ford
2017,12,25000,21.7,Convertible,BMW
2017,12,15000,48.1,Hatchback,Toyota
2017,12,50000,48.6,SUV,Audi
2017,12,100000,44.6,Coupe,BMW
2017,12,40000,28.8,SUV,Honda
2017,12,30000,19.8,Coupe,Audi
2017,12,120000,25.4,Sedan,Audi
2017,12,48000,45.2,Coupe,Toyota
2017,12,80000,41.5,Sedan,BMW
2017,12,18000,32.0,SUV,Kia
2017,12,32000,31.0,Coupe,BMW
2017,12,18000,24.2,SUV,Ford
2017,12,50000,23.8,Sedan,Subaru
2017,12,28000,17.0,SUV,Ford
2017,12,30000,42.8,Sedan,Toyota
2017,12,50000,18.9,Sedan,Toyota
2017,12,45000,16.3,SUV,Audi
2017,12,15000,25.5,SUV,Ford
2017,12,38000,36.8,Sedan,Ford
2017,12,32000,23.6,Convertible,Mazda
2017,12,55000,48.3,Sedan,BMW
2017,12,40000,16.9,SUV,Honda
2017,12,35000,46.5,Sedan,Nissan
2017,12,45000,22.8,Sedan,Honda
2017,12,22000,40.1,Sedan,Ford
2017,12,75000,18.6,Convertible,Audi
2017,12,30000,41.9,Sedan,Toyota
2017,12,55000,45.9,Coupe,Audi
2017,12,15000,21.7,Sedan,Toyota
2017,12,120000,20.4,SUV,Mercedes
2017,12,65000,34.8,Sedan,BMW
2017,12,60000,46.4,Sedan,Honda
2017,12,100000,19.6,Sedan,BMW
2017,12,28000,17.6,Convertible,Mazda
2017,12,20000,30.7,Hatchback,Toyota
2017,12,25000,34.8,SUV,Honda
2017,12,35000,22.9,SUV,Honda
2017,12,55000,41.1,Sedan,Toyota
2017,12,30000,46.0,Hatchback,Hyundai
2017,12,30000,36.0,Convertible,Ford
2017,12,48000,24.1,Coupe,BMW
2018,1,60000,25.9,Convertible,Honda
2018,1,80000,39.5,SUV,BMW
2018,1,55000,30.4,SUV,Subaru
2018,1,18000,29.2,SUV,Hyundai
2018,1,30000,25.2,Sedan,Nissan
2018,1,70000,41.4,Hatchback,Mercedes
2018,1,60000,21.1,Hatchback,BMW
2018,1,22000,48.8,SUV,Hyundai
2018,1,55000,32.0,SUV,Toyota
2018,1,22000,23.5,Sedan,Honda
2018,1,30000,25.5,Sedan,Toyota
2018,1,70000,46.3,Sedan,Mercedes
2018,1,50000,36.4,SUV,Honda
2018,1,25000,35.1,Coupe,Toyota
2018,1,40000,38.5,SUV,Ford
2018,1,42000,30.6,Coupe,BMW
2018,1,120000,17.4,Sedan,Audi
2018,1,45000,21.3,Coupe,Audi
2018,1,48000,19.6,Sedan,Toyota
2018,1,42000,19.0,Sedan,Hyundai
2018,1,48000,46.7,SUV,Audi
2018,1,90000,22.1,SUV,Mercedes
2018,1,30000,24.2,Hatchback,Ford
2018,1,32000,36.2,Hatchback,Honda
2018,1,42000,27.0,SUV,Honda
2018,1,25000,37.8,Pickup,Chevrolet
2018,1,42000,19.2,SUV,Ford
2018,1,55000,42.2,SUV,Toyota
2018,1,50000,33.2,SUV,Toyota
2018,1,55000,22.4,SUV,Honda
2018,1,48000,49.9,SUV,Audi
2018,1,80000,15.3,Pickup,BMW
2018,1,25000,15.4,SUV,Toyota
2018,1,48000,21.1,Sedan,Toyota
2018,1,38000,46.5,Coupe,BMW
2018,1,48000,15.1,SUV,BMW
2018,1,40000,33.4,SUV,Toyota
2018,1,100000,49.6,Sedan,Audi
2018,1,35000,44.7,Pickup,Chevrolet
2018,1,15000,40.2,Sedan,Toyota
2018,1,20000,29.9,SUV,Kia
2018,1,35000,32.2,SUV,Hyundai
2018,1,65000,47.9,Hatchback,BMW
2018,1,50000,27.4,Coupe,Toyota
2018,1,120000,17.0,SUV,Mercedes
2018,1,35000,48.2,SUV,Ford
2018,1,18000,49.3,Sedan,Chevrolet
2018,1,32000,39.0,Sedan,Toyota
2018,1,80000,36.1,Pickup,BMW
2018,1,30000,45.1,SUV,Toyota
2018,1,60000,28.2,Convertible,Toyota
2018,1,35000,48.4,Convertible,Mazda
2018,1,100000,46.7,Hatchback,Mercedes
2018,1,65000,24.8,Pickup,Toyota
2018,1,25000,46.3,Convertible,Ford
2018,1,65000,27.5,Hatchback,Toyota
2018,1,80000,24.8,SUV,Audi
2018,1,22000,18.7,Convertible,Mazda
2018,1,120000,48.5,SUV,BMW
2018,1,100000,47.0,SUV,Tesla
2018,1,65000,49.2,Hatchback,Subaru
2018,1,35000,23.8,SUV,Toyota
2018,1,80000,47.2,Sedan,Tesla
2018,1,120000,24.2,Pickup,Mercedes
2018,1,60000,29.8,Sedan,Honda
2018,1,25000,33.1,SUV,Kia
2018,1,75000,23.8,Hatchback,BMW
2018,1,15000,27.1,Sedan,Nissan
2018,1,70000,47.1,Sedan,Mercedes
2018,1,25000,36.8,Hatchback,Toyota
2018,1,60000,38.2,Sedan,Subaru
2018,1,28000,28.9,SUV,Hyundai
2018,1,40000,20.8,SUV,Honda
2018,1,48000,43.3,Hatchback,Audi
2018,1,42000,19.2,SUV,Kia
2018,1,75000,28.5,Sedan,Mercedes
2018,1,25000,28.7,SUV,Hyundai
2018,1,22000,38.5,Sedan,Honda
2018,1,42000,20.0,Pickup,Toyota
2018,1,100000,40.6,Sedan,Mercedes
2018,2,45000,28.1,Pickup,Subaru
2018,2,15000,24.9,SUV,Honda
2018,2,15000,26.2,Sedan,Chevrolet
2018,2,42000,49.9,SUV,Hyundai
2018,2,100000,45.5,Sedan,BMW
2018,2,42000,23.4,Convertible,Mazda
2018,2,18000,35.0,Sedan,Chevrolet
2018,2,120000,15.8,Convertible,Audi
2018,2,22000,32.2,SUV,Toyota
2018,2,70000,23.0,Hatchback,Tesla
2018,2,30000,42.1,Convertible,Mazda
2018,2,65000,29.7,Hatchback,Toyota
2018,2,90000,35.4,SUV,Mercedes
2018,2,70000,15.6,Coupe,Tesla
2018,2,42000,35.8,Hatchback,Honda
2018,2,18000,27.5,SUV,Toyota
2018,2,65000,27.4,Sedan,Subaru
2018,2,42000,39.7,Convertible,Mazda
2018,2,30000,27.4,Hatchback,Toyota
2018,2,32000,34.6,Sedan,Honda
2018,2,55000,19.1,Sedan,Toyota
2018,2,75000,28.4,Convertible,Tesla
2018,2,75000,31.3,SUV,Tesla
2018,2,42000,36.3,Sedan,Hyundai
2018,2,35000,34.4,Sedan,Nissan
2018,2,42000,40.3,Convertible,Mazda
2018,2,38000,20.6,Hatchback,Toyota
2018,2,15000,39.2,Convertible,BMW
2018,2,35000,23.6,Coupe,Toyota
2018,2,18000,44.7,Convertible,Mazda
2018,2,55000,43.1,Pickup,Toyota
2018,2,40000,29.1,SUV,Kia
2018,2,42000,21.0,Hatchback,Honda
2018,2,40000,25.3,SUV,Honda
2018,2,50000,23.1,Coupe,Audi
2018,2,120000,32.3,Sedan,BMW
2018,2,100000,43.7,Coupe,Mercedes
2018,2,90000,22.5,Sedan,Tesla
2018,2,25000,35.4,SUV,Ford
2018,2,60000,30.5,SUV,Audi
2018,2,28000,45.6,Pickup,Toyota
2018,2,15000,22.8,Coupe,BMW
2018,2,70000,21.6,SUV,Audi
2018,2,65000,43.1,SUV,BMW
2018,2,45000,32.0,SUV,BMW
2018,2,42000,22.8,SUV,Nissan
2018,2,20000,18.5,Sedan,Honda
2018,2,35000,38.0,Sedan,Toyota
2018,2,30000,23.2,Sedan,Ford
2018,2,38000,49.3,Pickup,Toyota
2018,2,100000,48.2,SUV,Tesla
2018,2,48000,39.2,Convertible,Honda
2018,2,100000,18.7,SUV,Mercedes
2018,2,38000,35.6,Sedan,Ford
2018,2,28000,46.8,Sedan,Honda
2018,2,55000,49.1,Sedan,Audi
2018,2,20000,25.9,Sedan,Honda
2018,2,22000,48.1,Pickup,Chevrolet
2018,2,32000,20.2,Sedan,Honda
2018,2,48000,32.5,Pickup,BMW
2018,2,75000,43.1,Sedan,Tesla
2018,2,18000,37.9,SUV,Toyota
2018,2,55000,36.1,Hatchback,Toyota
2018,2,35000,38.7,SUV,Toyota
2018,2,20000,47.9,Sedan,Chevrolet
2018,2,35000,19.2,SUV,Honda
2018,2,60000,35.8,Sedan,Audi
2018,2,75000,33.2,SUV,BMW
2018,2,30000,37.5,Convertible,Mazda
2018,2,15000,18.6,SUV,Nissan
2018,2,20000,24.5,SUV,Honda
2018,2,80000,24.7,Hatchback,Audi
2018,2,70000,21.4,SUV,Audi
2018,2,45000,23.9,Sedan,Subaru
2018,2,22000,26.7,SUV,Hyundai
2018,2,42000,49.5,Sedan,Nissan
2018,2,22000,22.1,Sedan,Hyundai
2018,2,80000,17.1,Sedan,Tesla
2018,2,32000,43.7,SUV,Hyundai
2018,2,28000,17.2,SUV,Honda
2018,3,45000,19.4,Sedan,Honda
2018,3,55000,39.1,SUV,Toyota
2018,3,35000,46.7,SUV,Toyota
2018,3,18000,33.3,Hatchback,Honda
2018,3,28000,25.4,Sedan,Nissan
2018,3,15000,40.8,Sedan,Hyundai
2018,3,65000,18.0,SUV,Honda
2018,3,120000,39.5,Sedan,Audi
2018,3,100000,47.3,Hatchback,Tesla
2018,3,38000,48.2,Sedan,Honda
2018,3,32000,48.5,Pickup,Ford
2018,3,42000,22.9,Coupe,Toyota
2018,3,70000,43.8,SUV,BMW
2018,3,35000,42.3,Sedan,Toyota
2018,3,80000,40.8,SUV,BMW
2018,3,80000,19.1,SUV,Audi
2018,3,15000,38.5,Hatchback,Hyundai
2018,3,30000,24.0,Sedan,Toyota
2018,3,38000,15.2,Hatchback,Kia
2018,3,48000,29.0,SUV,Honda
2018,3,35000,49.4,Sedan,Honda
2018,3,50000,47.7,Hatchback,Toyota
2018,3,90000,16.7,Coupe,Tesla
2018,3,15000,19.7,Coupe,Audi
2018,3,90000,27.0,Sedan,Tesla
2018,3,60000,38.2,Sedan,Toyota
2018,3,25000,24.7,SUV,Kia
2018,3,120000,34.8,Hatchback,BMW
2018,3,38000,18.8,SUV,Nissan
2018,3,20000,42.3,Sedan,Kia
2018,3,60000,37.5,SUV,Toyota
2018,3,22000,39.4,Sedan,Kia
2018,3,90000,16.0,SUV,Mercedes
2018,3,38000,46.9,Sedan,Kia
2018,3,75000,35.5,SUV,Audi
2018,3,42000,40.2,Pickup,Ford
2018,3,48000,15.8,Hatchback,Honda
2018,3,120000,48.2,SUV,Mercedes
2018,3,80000,45.9,Sedan,BMW
2018,3,45000,36.3,Sedan,Subaru
2018,3,30000,23.6,Sedan,Toyota
2018,3,55000,43.8,Sedan,Audi
2018,3,50000,15.4,Sedan,BMW
2018,3,60000,35.0,Pickup,BMW
2018,3,100000,42.5,Sedan,Tesla
2018,3,80000,40.0,SUV,Tesla
2018,3,15000,45.1,SUV,Hyundai
2018,3,70000,41.8,Pickup,Tesla
2018,3,30000,26.0,Sedan,Hyundai
2018,3,100000,47.6,Convertible,BMW
2018,3,45000,42.3,Sedan,Honda
2018,3,100000,38.3,Sedan,Tesla
2018,3,50000,20.9,Hatchback,BMW
2018,3,25000,32.9,Sedan,Honda
2018,3,30000,30.0,Sedan,Toyota
2018,3,20000,44.2,Hatchback,Toyota
2018,3,80000,48.4,SUV,Audi
2018,3,100000,30.6,SUV,Audi
2018,3,32000,45.7,Coupe,Audi
2018,3,18000,46.3,Sedan,Nissan
2018,3,65000,32.9,SUV,Subaru
2018,3,28000,36.4,Hatchback,Kia
2018,3,48000,15.1,Pickup,Toyota
2018,3,25000,21.3,Sedan,Honda
2018,3,15000,19.4,Convertible,Ford
2018,3,22000,37.9,Convertible,Mazda
2018,3,45000,21.0,Sedan,Toyota
2018,3,25000,43.5,SUV,Toyota
2018,3,35000,16.2,SUV,Nissan
2018,3,75000,47.5,Pickup,Mercedes
2018,3,100000,49.1,SUV,BMW
2018,3,15000,17.5,Sedan,Honda
2018,3,48000,32.6,SUV,Honda
2018,3,15000,21.7,Sedan,Nissan
2018,3,80000,44.4,Sedan,Audi
2018,3,75000,27.8,Coupe,Mercedes
2018,3,60000,35.3,SUV,Subaru
2018,3,35000,17.7,Sedan,Honda
2018,3,100000,25.9,Sedan,Mercedes
2018,3,30000,46.0,SUV,Honda
2018,4,48000,49.4,Sedan,Subaru
2018,4,15000,46.0,SUV,Nissan
2018,4,25000,49.0,Pickup,Toyota
2018,4,70000,33.1,SUV,Mercedes
2018,4,90000,16.2,Coupe,Tesla
2018,4,18000,49.2,Pickup,Ford
2018,4,65000,27.0,Convertible,BMW
2018,4,30000,23.5,Convertible,Mazda
2018,4,32000,37.5,SUV,Kia
2018,4,22000,21.6,SUV,Kia
2018,4,48000,40.1,Sedan,Audi
2018,4,65000,20.6,Sedan,Subaru
2018,4,50000,32.6,SUV,Audi
2018,4,35000,38.5,SUV,Honda
2018,4,90000,41.1,Sedan,Mercedes
2018,4,65000,35.0,Hatchback,BMW
2018,4,22000,39.1,SUV,Kia
2018,4,45000,47.6,SUV,Audi
2018,4,40000,17.0,Sedan,Hyundai
2018,4,48000,43.6,Convertible,Toyota
2018,4,25000,18.4,SUV,Toyota
2018,4,55000,39.7,Sedan,BMW
2018,4,38000,16.2,Sedan,Toyota
2018,4,75000,21.2,Sedan,Audi
2018,4,65000,32.3,SUV,BMW
2018,4,60000,39.0,Pickup,Subaru
2018,4,120000,40.5,Sedan,BMW
2018,4,70000,41.4,Sedan,Audi
2018,4,15000,40.8,SUV,Ford
2018,4,18000,26.8,Sedan,Honda
2018,4,15000,40.5,Pickup,Toyota
2018,4,50000,32.2,Pickup,Audi
2018,4,30000,25.9,Coupe,BMW
2018,4,75000,42.8,SUV,Audi
2018,4,18000,21.1,SUV,Hyundai
2018,4,48000,28.0,Hatchback,Honda
2018,4,28000,20.5,SUV,Kia
2018,4,70000,38.1,Sedan,BMW
2018,4,32000,39.2,SUV,Nissan
2018,4,65000,35.6,SUV,Honda
2018,4,48000,20.9,Sedan,BMW
2018,4,80000,40.3,Convertible,Mercedes
2018,4,15000,28.1,SUV,Ford
2018,4,80000,37.1,SUV,BMW
2018,4,18000,47.7,SUV,Kia
2018,4,40000,19.8,SUV,Hyundai
2018,4,65000,36.8,SUV,BMW
2018,4,50000,17.6,Sedan,Toyota
2018,4,100000,17.4,Pickup,BMW
2018,4,90000,48.7,Sedan,BMW
2018,4,40000,43.2,SUV,Hyundai
2018,4,48000,20.5,Hatchback,Toyota
2018,4,50000,22.4,Sedan,BMW
2018,4,100000,33.7,SUV,Mercedes
2018,4,35000,34.8,Sedan,Hyundai
2018,4,90000,43.3,Sedan,Tesla
2018,4,18000,16.4,SUV,Toyota
2018,4,30000,22.0,SUV,Nissan
2018,4,55000,44.5,Convertible,Subaru
2018,4,70000,37.6,Sedan,Tesla
2018,4,40000,18.2,Hatchback,Nissan
2018,4,38000,22.8,Hatchback,Hyundai
2018,4,15000,47.7,SUV,Honda
2018,4,28000,29.3,SUV,Toyota
2018,4,40000,22.2,Sedan,Kia
2018,4,42000,46.0,SUV,Ford
2018,4,22000,44.3,Sedan,Honda
2018,4,80000,45.2,Sedan,BMW
2018,4,28000,46.9,SUV,Toyota
2018,4,65000,25.0,Hatchback,BMW
2018,4,42000,24.2,Sedan,Nissan
2018,4,18000,45.2,Pickup,Ford
2018,4,50000,34.9,Convertible,Audi
2018,4,48000,24.3,Hatchback,Subaru
2018,4,45000,43.7,Coupe,Toyota
2018,4,60000,31.8,Sedan,Toyota
2018,4,70000,17.8,Sedan,Audi
2018,4,22000,35.2,Convertible,Mazda
2018,4,28000,42.4,SUV,Toyota
2018,4,65000,38.1,Sedan,Subaru
2018,5,90000,39.5,Sedan,Audi
2018,5,40000,25.9,SUV,Toyota
2018,5,20000,33.0,Hatchback,Toyota
2018,5,38000,28.5,Sedan,Ford
2018,5,30000,26.6,Sedan,Ford
2018,5,65000,33.7,SUV,Audi
2018,5,48000,23.7,Sedan,BMW
2018,5,38000,38.9,Sedan,Honda
2018,5,65000,33.8,Convertible,Audi
2018,5,32000,24.0,Convertible,Mazda
2018,5,38000,26.5,Sedan,Hyundai
2018,5,30000,45.1,Hatchback,Toyota
2018,5,45000,24.0,Sedan,BMW
2018,5,60000,43.8,SUV,Audi
2018,5,15000,16.2,Sedan,Toyota
2018,5,120000,27.9,Coupe,Tesla
2018,5,20000,45.0,Sedan,Ford
2018,5,100000,19.5,Sedan,BMW
2018,5,120000,20.6,SUV,BMW
2018,5,75000,46.2,Sedan,Mercedes
2018,5,50000,15.1,Coupe,Subaru
2018,5,80000,16.4,Coupe,Audi
2018,5,30000,23.6,SUV,Ford
2018,5,15000,30.2,Sedan,Toyota
2018,5,40000,38.7,SUV,Toyota
2018,5,30000,27.2,SUV,Nissan
2018,5,80000,30.8,Coupe,BMW
2018,5,22000,26.1,Sedan,Hyundai
2018,5,30000,19.4,Convertible,Ford
2018,5,30000,26.7,Sedan,Toyota
2018,5,48000,19.7,Sedan,Toyota
2018,5,18000,24.9,Sedan,Chevrolet
2018,5,20000,15.2,Coupe,Hyundai
2018,5,25000,27.3,Sedan,Ford
2018,5,22000,41.8,Sedan,Toyota
2018,5,100000,33.8,Sedan,BMW
2018,5,38000,31.5,Coupe,Toyota
2018,5,28000,21.9,Coupe,BMW
2018,5,42000,44.9,Hatchback,Honda
2018,5,40000,42.0,Pickup,Toyota
2018,5,15000,30.8,Sedan,Honda
2018,5,50000,44.6,SUV,Audi
2018,5,38000,16.2,SUV,Toyota
2018,5,22000,37.6,Pickup,Ford
2018,5,48000,27.9,Sedan,Honda
2018,5,75000,32.9,Coupe,BMW
2018,5,25000,34.6,Sedan,Honda
2018,5,70000,43.2,Hatchback,Mercedes
2018,5,50000,43.6,Hatchback,BMW
2018,5,32000,18.7,SUV,Nissan
2018,5,38000,28.2,SUV,Kia
2018,5,100000,23.5,Convertible,Audi
2018,5,28000,34.0,Pickup,Ford
2018,5,32000,15.5,Sedan,Toyota
2018,5,20000,24.4,Sedan,Honda
2018,5,20000,18.5,SUV,Honda
2018,5,35000,43.7,Pickup,Chevrolet
2018,5,80000,21.8,Hatchback,Audi
2018,5,42000,18.5,Sedan,Nissan
2018,5,25000,31.3,Sedan,Nissan
2018,5,55000,47.9,SUV,Toyota
2018,5,15000,26.0,Pickup,Chevrolet
2018,5,15000,30.6,Pickup,Ford
2018,5,80000,37.1,Sedan,Tesla
2018,5,65000,33.7,Pickup,Subaru
2018,5,70000,50.0,SUV,BMW
2018,5,75000,41.2,SUV,BMW
2018,5,40000,47.9,SUV,Nissan
2018,5,15000,27.1,Sedan,Ford
2018,5,15000,20.5,Sedan,Nissan
2018,5,42000,17.6,Pickup,Toyota
2018,5,18000,49.4,Pickup,Ford
2018,5,120000,18.3,Sedan,Tesla
2018,5,25000,40.4,Sedan,Ford
2018,5,55000,15.7,Sedan,BMW
2018,5,60000,20.6,Sedan,Subaru
2018,5,30000,31.9,SUV,Hyundai
2018,5,100000,41.9,SUV,Mercedes
2018,5,38000,23.0,SUV,Honda
2018,5,70000,25.7,Convertible,BMW
2018,6,90000,39.0,Sedan,Mercedes
2018,6,60000,49.5,SUV,Subaru
2018,6,28000,46.8,Sedan,Toyota
2018,6,35000,28.0,Pickup,Ford
2018,6,32000,25.6,SUV,Honda
2018,6,100000,44.9,SUV,Mercedes
2018,6,32000,20.7,Hatchback,Honda
2018,6,90000,41.0,SUV,BMW
2018,6,30000,30.4,Sedan,Chevrolet
2018,6,25000,18.6,Pickup,Chevrolet
2018,6,35000,43.2,Sedan,Toyota
2018,6,50000,23.5,SUV,BMW
2018,6,120000,49.9,SUV,Audi
2018,6,30000,25.8,SUV,Kia
2018,6,65000,17.8,SUV,BMW
2018,6,20000,42.2,Sedan,Toyota
2018,6,90000,23.2,Coupe,Audi
2018,6,50000,24.6,SUV,Toyota
2018,6,30000,20.9,Convertible,BMW
2018,6,22000,30.3,Sedan,Toyota
2018,6,25000,44.6,Convertible,BMW
2018,6,90000,23.1,Sedan,Mercedes
2018,6,55000,32.2,Sedan,Audi
2018,6,45000,34.2,Sedan,Honda
2018,6,40000,35.9,Sedan,Hyundai
2018,6,50000,45.1,Hatchback,BMW
2018,6,20000,38.7,SUV,Kia
2018,6,120000,47.1,Sedan,BMW
2018,6,25000,39.9,SUV,Honda
2018,6,28000,34.5,SUV,Hyundai
2018,6,42000,35.6,Sedan,Hyundai
2018,6,38000,30.0,Hatchback,Nissan
2018,6,90000,39.2,Sedan,Audi
2018,6,55000,19.2,Pickup,Subaru
2018,6,80000,48.1,Convertible,BMW
2018,6,22000,35.7,Convertible,Mazda
2018,6,48000,23.3,SUV,Audi
2018,6,50000,39.4,Convertible,Toyota
2018,6,35000,15.6,SUV,Hyundai
2018,6,60000,46.1,Convertible,BMW
2018,6,18000,35.9,Convertible,Ford
2018,6,70000,30.2,Convertible,BMW
2018,6,22000,25.6,Sedan,Ford
2018,6,120000,23.3,Sedan,Mercedes
2018,6,100000,18.3,SUV,BMW
2018,6,22000,21.8,Convertible,Mazda
2018,6,75000,26.8,Coupe,Audi
2018,6,70000,38.3,SUV,BMW
2018,6,45000,27.3,Convertible,Toyota
2018,6,60000,30.4,Sedan,Subaru
2018,6,30000,16.4,Convertible,Mazda
2018,6,28000,24.7,Convertible,Ford
2018,6,45000,24.6,SUV,BMW
2018,6,20000,44.2,Sedan,Nissan
2018,6,45000,37.1,SUV,Toyota
2018,6,25000,38.6,Pickup,Chevrolet
2018,6,100000,47.0,Sedan,Tesla
2018,6,75000,41.7,Sedan,Mercedes
2018,6,120000,39.5,Sedan,BMW
2018,6,120000,29.5,SUV,Mercedes
2018,6,38000,34.7,Sedan,Honda
2018,6,32000,49.1,Pickup,Toyota
2018,6,20000,19.0,Coupe,BMW
2018,6,35000,37.4,SUV,Ford
2018,6,25000,16.0,Pickup,Ford
2018,6,15000,50.0,Convertible,BMW
2018,6,48000,42.5,Convertible,Honda
2018,6,40000,28.8,Sedan,Honda
2018,6,28000,39.5,Pickup,Chevrolet
2018,6,90000,43.2,Hatchback,Mercedes
2018,6,18000,37.5,SUV,Toyota
2018,6,45000,28.0,SUV,Honda
2018,6,90000,48.9,Pickup,BMW
2018,6,15000,37.2,SUV,Hyundai
2018,6,60000,40.1,Sedan,Toyota
2018,6,22000,25.1,SUV,Ford
2018,6,25000,31.0,Pickup,Ford
2018,6,60000,25.8,SUV,Toyota
2018,6,80000,18.2,Sedan,Tesla
2018,6,25000,36.3,Sedan,Nissan
2018,7,32000,37.3,Sedan,Honda
2018,7,70000,23.1,Pickup,BMW
2018,7,32000,27.3,Sedan,Toyota
2018,7,28000,23.6,Hatchback,Nissan
2018,7,20000,49.2,SUV,Toyota
2018,7,50000,28.7,Pickup,Honda
2018,7,40000,41.8,Sedan,Toyota
2018,7,30000,41.7,SUV,Toyota
2018,7,60000,34.3,Sedan,Audi
2018,7,42000,37.5,Sedan,Honda
2018,7,35000,27.3,Coupe,BMW
2018,7,35000,29.6,Sedan,Ford
2018,7,20000,49.1,Sedan,Chevrolet
2018,7,32000,30.6,Pickup,Ford
2018,7,48000,19.7,SUV,BMW
2018,7,45000,24.0,SUV,Audi
2018,7,55000,15.1,SUV,Subaru
2018,7,30000,16.5,Sedan,Hyundai
2018,7,65000,21.9,Sedan,Subaru
2018,7,120000,15.5,SUV,Audi
2018,7,18000,41.8,Sedan,Ford
2018,7,60000,49.0,Sedan,BMW
2018,7,45000,26.6,Coupe,Audi
2018,7,70000,47.9,Sedan,Tesla
2018,7,20000,47.0,Sedan,Chevrolet
2018,7,28000,24.6,SUV,Honda
2018,7,70000,44.6,Coupe,Mercedes
2018,7,45000,47.5,Hatchback,Audi
2018,7,22000,25.1,Sedan,Honda
2018,7,35000,30.5,Sedan,Chevrolet
2018,7,30000,23.6,Hatchback,Nissan
2018,7,90000,27.6,SUV,BMW
2018,7,38000,44.0,Hatchback,Ford
2018,7,22000,33.9,SUV,Honda
2018,7,65000,23.2,Convertible,Audi
2018,7,48000,23.5,Sedan,Toyota
2018,7,50000,49.3,Pickup,BMW
2018,7,80000,23.1,Sedan,BMW
2018,7,25000,48.6,Sedan,Toyota
2018,7,80000,24.3,Sedan,Audi
2018,7,50000,21.0,Sedan,Audi
2018,7,32000,42.4,SUV,Hyundai
2018,7,50000,32.1,Coupe,Honda
2018,7,65000,28.7,SUV,BMW
2018,7,40000,28.9,SUV,Hyundai
2018,7,40000,34.3,SUV,Toyota
2018,7,65000,47.7,SUV,Toyota
2018,7,25000,46.3,SUV,Hyundai
2018,7,40000,25.1,SUV,Toyota
2018,7,100000,33.8,Coupe,BMW
2018,7,80000,22.2,SUV,Audi
2018,7,70000,26.6,SUV,Mercedes
2018,7,38000,34.0,SUV,Hyundai
2018,7,48000,30.1,Sedan,BMW
2018,7,80000,48.2,Sedan,Mercedes
2018,7,15000,34.8,Coupe,Hyundai
2018,7,25000,24.9,Sedan,Ford
2018,7,32000,30.8,Sedan,Toyota
2018,7,65000,46.2,Sedan,Subaru
2018,7,65000,37.1,Coupe,Subaru
2018,7,35000,21.9,Pickup,Toyota
2018,7,35000,34.1,Hatchback,Hyundai
2018,7,20000,40.3,Coupe,Hyundai
2018,7,18000,18.7,SUV,Toyota
2018,7,90000,22.4,SUV,Audi
2018,7,55000,46.9,SUV,Audi
2018,7,48000,27.8,SUV,BMW
2018,7,90000,38.1,Sedan,Tesla
2018,7,32000,48.3,SUV,Toyota
2018,7,65000,33.3,Sedan,Audi
2018,7,15000,32.9,Sedan,Toyota
2018,7,30000,47.5,SUV,Nissan
2018,7,100000,31.6,SUV,Mercedes
2018,7,70000,15.3,SUV,BMW
2018,7,120000,25.9,Pickup,Audi
2018,7,75000,40.1,SUV,Tesla
2018,7,75000,33.4,Coupe,Mercedes
2018,7,40000,42.9,SUV,Toyota
2018,7,45000,35.2,Sedan,Audi
2018,7,32000,46.5,SUV,Honda
2018,8,80000,27.8,Sedan,Audi
2018,8,42000,31.9,Pickup,Toyota
2018,8,100000,15.5,Sedan,Mercedes
2018,8,35000,43.5,Sedan,Hyundai
2018,8,100000,32.2,SUV,BMW
2018,8,90000,42.4,Sedan,BMW
2018,8,65000,28.9,Hatchback,BMW
2018,8,20000,20.0,Hatchback,Nissan
2018,8,22000,22.2,Sedan,Chevrolet
2018,8,40000,19.8,Sedan,Chevrolet
2018,8,42000,40.6,Convertible,Ford
2018,8,15000,24.9,Sedan,Nissan
2018,8,120000,36.3,Pickup,Tesla
2018,8,20000,18.0,Sedan,Chevrolet
2018,8,90000,30.8,SUV,BMW
2018,8,55000,40.9,Convertible,BMW
2018,8,48000,41.5,Sedan,BMW
2018,8,22000,35.3,SUV,Ford
2018,8,35000,37.1,Pickup,Ford
2018,8,35000,45.1,Convertible,BMW
2018,8,35000,31.5,SUV,Toyota
2018,8,40000,26.5,SUV,Kia
2018,8,38000,44.1,Sedan,Ford
2018,8,45000,49.8,SUV,Toyota
2018,8,38000,22.8,SUV,Toyota
2018,8,20000,44.3,Sedan,Chevrolet
2018,8,38000,28.8,Sedan,Nissan
2018,8,80000,19.9,Coupe,Tesla
2018,8,35000,42.2,Convertible,Mazda
2018,8,30000,15.3,Sedan,Honda
2018,8,30000,23.0,Pickup,Chevrolet
2018,8,100000,50.0,Sedan,Mercedes
2018,8,15000,46.1,SUV,Honda
2018,8,80000,49.6,SUV,Audi
2018,8,120000,22.6,Sedan,BMW
2018,8,35000,16.0,Pickup,Chevrolet
2018,8,100000,32.2,SUV,Tesla
2018,8,120000,44.0,SUV,Mercedes
2018,8,90000,43.5,Sedan,Audi
2018,8,32000,20.2,Sedan,Honda
2018,8,45000,24.8,Sedan,Toyota
2018,8,50000,25.5,SUV,Honda
2018,8,70000,37.3,SUV,Tesla
2018,8,45000,27.1,SUV,BMW
2018,8,50000,39.9,SUV,Subaru
2018,8,25000,16.2,Coupe,Audi
2018,8,40000,36.7,SUV,Toyota
2018,8,18000,34.5,Pickup,Ford
2018,8,20000,17.1,Sedan,Nissan
2018,8,90000,23.4,Convertible,BMW
2018,8,55000,43.0,SUV,Subaru
2018,8,40000,16.9,SUV,Toyota
2018,8,65000,31.0,Sedan,Audi
2018,8,22000,37.7,SUV,Ford
2018,8,55000,24.0,SUV,BMW
2018,8,90000,33.2,Hatchback,Audi
2018,8,50000,16.3,SUV,BMW
2018,8,38000,35.7,Sedan,Ford
2018,8,40000,42.7,SUV,Honda
2018,8,75000,28.8,SUV,Tesla
2018,8,15000,35.8,Sedan,Ford
2018,8,25000,49.6,Sedan,Honda
2018,8,48000,25.7,Sedan,Audi
2018,8,120000,24.7,Convertible,Tesla
2018,8,28000,17.3,Hatchback,Ford
2018,8,60000,42.2,Sedan,Audi
2018,8,45000,25.2,Hatchback,Audi
2018,8,25000,39.9,Sedan,Toyota
2018,8,25000,46.0,SUV,Hyundai
2018,8,30000,21.3,Coupe,Hyundai
2018,8,90000,16.9,Sedan,Mercedes
2018,8,45000,37.3,SUV,BMW
2018,8,42000,28.3,Convertible,BMW
2018,8,80000,31.2,Sedan,BMW
2018,8,38000,42.0,Pickup,Ford
2018,8,90000,26.8,Sedan,Mercedes
2018,8,45000,16.3,SUV,Honda
2018,8,15000,33.3,Sedan,Honda
2018,8,25000,47.7,Pickup,Ford
2018,8,35000,16.2,Sedan,Ford
2018,9,50000,39.9,Hatchback,BMW
2018,9,28000,43.2,SUV,Kia
2018,9,25000,48.7,Sedan,Honda
2018,9,20000,23.3,Hatchback,Kia
2018,9,75000,16.7,Pickup,BMW
2018,9,38000,20.3,Sedan,Hyundai
2018,9,25000,41.8,Sedan,Honda
2018,9,100000,15.8,Hatchback,BMW
2018,9,18000,44.2,Sedan,Honda
2018,9,60000,42.7,SUV,Toyota
2018,9,75000,15.3,Sedan,BMW
2018,9,20000,31.6,Sedan,Nissan
2018,9,55000,30.6,Pickup,Audi
2018,9,20000,39.9,Sedan,Nissan
2018,9,20000,18.6,SUV,Hyundai
2018,9,35000,25.3,Sedan,Toyota
2018,9,70000,41.2,SUV,Mercedes
2018,9,35000,49.9,Hatchback,Honda
2018,9,75000,29.2,Coupe,Tesla
2018,9,22000,49.1,Hatchback,Hyundai
2018,9,120000,30.0,Pickup,Mercedes
2018,9,25000,43.0,SUV,Toyota
2018,9,75000,45.9,Hatchback,Tesla
2018,9,65000,26.6,SUV,BMW
2018,9,32000,17.0,Pickup,Chevrolet
2018,9,55000,17.1,Sedan,BMW
2018,9,70000,29.7,Coupe,Audi
2018,9,65000,34.1,Hatchback,Subaru
2018,9,80000,27.8,Sedan,Audi
2018,9,25000,35.8,Sedan,Honda
2018,9,25000,21.6,Sedan,Kia
2018,9,22000,17.9,SUV,Ford
2018,9,48000,42.6,Sedan,BMW
2018,9,42000,41.0,Sedan,Nissan
2018,9,40000,16.0,SUV,Ford
2018,9,75000,31.5,Sedan,Audi
2018,9,60000,41.5,SUV,BMW
2018,9,35000,19.6,Pickup,Chevrolet
2018,9,35000,45.0,Sedan,Honda
2018,9,25000,39.4,SUV,Toyota
2018,9,55000,33.9,Sedan,Subaru
2018,9,120000,16.8,SUV,Tesla
2018,9,38000,21.4,SUV,Ford
2018,9,42000,38.8,Convertible,BMW
2018,9,35000,35.1,Sedan,Honda
2018,9,35000,26.3,SUV,Honda
2018,9,55000,48.7,Pickup,Audi
2018,9,55000,17.4,SUV,Subaru
2018,9,55000,18.4,SUV,Subaru
2018,9,65000,36.0,Convertible,Audi
2018,9,75000,49.8,Convertible,BMW
2018,9,25000,38.3,Hatchback,Toyota
2018,9,75000,15.2,Sedan,Audi
2018,9,60000,41.0,SUV,Audi
2018,9,40000,19.5,SUV,Hyundai
2018,9,28000,40.9,Sedan,Hyundai
2018,9,100000,38.5,Sedan,Mercedes
2018,9,65000,30.4,Hatchback,Audi
2018,9,70000,46.7,Coupe,BMW
2018,9,45000,48.6,Convertible,Toyota
2018,9,22000,39.0,SUV,Ford
2018,9,35000,20.2,SUV,Hyundai
2018,9,30000,23.9,Coupe,Toyota
2018,9,42000,34.1,SUV,Nissan
2018,9,48000,25.4,SUV,Subaru
2018,9,32000,30.5,SUV,Hyundai
2018,9,32000,37.9,Hatchback,Toyota
2018,9,50000,46.4,SUV,Toyota
2018,9,120000,48.4,SUV,BMW
2018,9,38000,25.7,Sedan,Toyota
2018,9,60000,17.3,SUV,Honda
2018,9,40000,40.1,Coupe,BMW
2018,9,18000,22.7,SUV,Toyota
2018,9,20000,45.9,SUV,Toyota
2018,9,45000,46.3,Pickup,Honda
2018,9,60000,27.1,Sedan,Honda
2018,9,100000,45.8,Sedan,BMW
2018,9,22000,49.2,Hatchback,Hyundai
2018,9,55000,22.3,Sedan,Audi
2018,9,18000,15.2,Sedan,Toyota
2018,10,18000,41.0,Sedan,Nissan
2018,10,15000,22.1,Pickup,Toyota
2018,10,50000,37.0,SUV,Audi
2018,10,35000,43.7,SUV,Honda
2018,10,100000,40.6,SUV,BMW
2018,10,55000,43.6,SUV,Audi
2018,10,15000,23.4,SUV,Toyota
2018,10,80000,17.5,Hatchback,Mercedes
2018,10,30000,22.7,Pickup,Ford
2018,10,42000,19.0,Convertible,Ford
2018,10,15000,48.0,SUV,Hyundai
2018,10,70000,30.2,Sedan,BMW
2018,10,80000,33.5,SUV,BMW
2018,10,90000,40.8,SUV,Mercedes
2018,10,65000,17.6,SUV,BMW
2018,10,22000,36.4,Coupe,Toyota
2018,10,48000,26.1,SUV,Audi
2018,10,40000,21.6,Sedan,Honda
2018,10,80000,25.9,SUV,BMW
2018,10,90000,26.0,Sedan,Audi
2018,10,50000,28.6,Sedan,Audi
2018,10,60000,33.4,Hatchback,Subaru
2018,10,75000,39.8,SUV,BMW
2018,10,40000,42.1,Hatchback,Toyota
2018,10,120000,16.3,Sedan,Mercedes
2018,10,18000,32.7,Pickup,Chevrolet
2018,10,65000,32.1,SUV,Audi
2018,10,18000,47.9,SUV,Ford
2018,10,75000,45.6,Sedan,Audi
2018,10,42000,43.3,Sedan,Hyundai
2018,10,15000,36.1,Coupe,Audi
2018,10,40000,42.7,SUV,Honda
2018,10,55000,39.0,Sedan,BMW
2018,10,90000,48.5,Convertible,Tesla
2018,10,40000,25.2,Sedan,Honda
2018,10,42000,24.9,Sedan,Honda
2018,10,75000,36.1,Sedan,BMW
2018,10,48000,18.7,Sedan,Audi
2018,10,28000,40.3,Pickup,Ford
2018,10,28000,16.1,Hatchback,Toyota
2018,10,90000,48.8,Convertible,Tesla
2018,10,40000,27.6,Pickup,Chevrolet
2018,10,45000,48.1,Sedan,Audi
2018,10,25000,38.4,Hatchback,Toyota
2018,10,30000,15.2,Sedan,Hyundai
2018,10,90000,24.4,Sedan,Audi
2018,10,55000,45.2,Sedan,Toyota
2018,10,65000,37.2,Pickup,Toyota
2018,10,45000,38.2,SUV,Audi
2018,10,70000,40.7,Hatchback,BMW
2018,10,15000,32.9,Pickup,Chevrolet
2018,10,25000,20.5,Hatchback,Nissan
2018,10,20000,29.2,SUV,Toyota
2018,10,65000,46.2,SUV,Audi
2018,10,42000,30.9,Coupe,Hyundai
2018,10,45000,23.4,Coupe,Audi
2018,10,60000,33.6,Hatchback,Audi
2018,10,22000,15.7,Pickup,Ford
2018,10,70000,33.2,SUV,Mercedes
2018,10,75000,29.8,Hatchback,BMW
2018,10,40000,27.8,Sedan,Hyundai
2018,10,45000,31.4,SUV,BMW
2018,10,100000,22.9,SUV,BMW
2018,10,48000,46.4,Sedan,Honda
2018,10,100000,31.4,Pickup,Mercedes
2018,10,28000,36.1,Sedan,Toyota
2018,10,70000,42.9,SUV,Mercedes
2018,10,55000,25.3,Sedan,BMW
2018,10,120000,36.2,Hatchback,BMW
2018,10,38000,39.7,Sedan,Hyundai
2018,10,55000,28.1,SUV,BMW
2018,10,18000,35.8,Hatchback,Kia
2018,10,55000,25.9,SUV,BMW
2018,10,25000,29.7,Sedan,Nissan
2018,10,48000,15.5,SUV,Toyota
2018,10,120000,20.8,Sedan,Tesla
2018,10,32000,19.7,Convertible,Mazda
2018,10,70000,23.0,Sedan,Tesla
2018,10,30000,35.4,Sedan,Honda
2018,10,65000,49.3,Hatchback,Toyota
2018,11,50000,40.2,Hatchback,Toyota
2018,11,35000,26.4,Pickup,Ford
2018,11,90000,27.1,Sedan,Tesla
2018,11,48000,18.3,Hatchback,Honda
2018,11,48000,25.8,SUV,Toyota
2018,11,38000,19.7,Sedan,Chevrolet
2018,11,70000,49.1,Sedan,BMW
2018,11,25000,38.8,Sedan,Honda
2018,11,120000,34.6,Sedan,BMW
2018,11,80000,47.3,SUV,Mercedes
2018,11,40000,32.4,SUV,Honda
2018,11,60000,22.3,Hatchback,Honda
2018,11,40000,30.8,SUV,Nissan
2018,11,38000,39.6,SUV,Toyota
2018,11,42000,24.3,Sedan,Toyota
2018,11,65000,44.1,Sedan,BMW
2018,11,90000,47.8,Sedan,Mercedes
2018,11,70000,44.2,Pickup,Mercedes
2018,11,22000,25.3,Convertible,Mazda
2018,11,50000,20.8,SUV,Honda
2018,11,55000,23.5,SUV,Subaru
2018,11,40000,31.5,SUV,Honda
2018,11,22000,38.2,SUV,Nissan
2018,11,40000,44.7,Sedan,Toyota
2018,11,60000,49.5,SUV,Audi
2018,11,45000,42.7,SUV,Toyota
2018,11,70000,27.5,Sedan,Audi
2018,11,80000,42.7,Sedan,BMW
2018,11,60000,28.9,SUV,Audi
2018,11,70000,20.1,SUV,Tesla
2018,11,40000,21.9,SUV,Hyundai
2018,11,22000,20.9,SUV,Toyota
2018,11,50000,30.8,SUV,BMW
2018,11,22000,46.9,Convertible,Mazda
2018,11,42000,29.6,SUV,Ford
2018,11,40000,24.4,Sedan,Honda
2018,11,38000,33.6,Sedan,Toyota
2018,11,100000,29.2,Sedan,Audi
2018,11,15000,37.9,Hatchback,Toyota
2018,11,40000,32.5,Pickup,Toyota
2018,11,45000,27.1,Pickup,Toyota
2018,11,75000,29.6,Pickup,Tesla
2018,11,120000,47.4,Convertible,Audi
2018,11,42000,40.1,Sedan,Ford
2018,11,55000,43.3,SUV,Honda
2018,11,42000,45.5,Sedan,Hyundai
2018,11,22000,33.2,Sedan,Chevrolet
2018,11,80000,28.5,SUV,Mercedes
2018,11,55000,38.4,Pickup,Subaru
2018,11,18000,22.8,Hatchback,Chevrolet
2018,11,35000,21.3,SUV,Toyota
2018,11,48000,19.6,Sedan,Audi
2018,11,30000,39.4,Convertible,Ford
2018,11,75000,45.8,Pickup,Audi
2018,11,22000,44.7,Sedan,Hyundai
2018,11,25000,39.7,Sedan,Hyundai
2018,11,120000,34.9,Sedan,Mercedes
2018,11,15000,30.3,SUV,Kia
2018,11,25000,36.0,SUV,Hyundai
2018,11,15000,41.1,Convertible,Mazda
2018,11,100000,20.4,Convertible,Audi
2018,11,65000,29.5,SUV,Subaru
2018,11,40000,30.3,SUV,Nissan
2018,11,15000,35.4,Sedan,Chevrolet
2018,11,100000,31.1,Sedan,BMW
2018,11,40000,34.4,Pickup,Chevrolet
2018,11,90000,37.9,Hatchback,BMW
2018,11,48000,23.9,SUV,Toyota
2018,11,45000,39.7,Sedan,Subaru
2018,11,18000,29.4,SUV,Kia
2018,11,20000,21.7,SUV,Hyundai
2018,11,38000,31.5,Sedan,Nissan
2018,11,30000,38.9,Sedan,Nissan
2018,11,35000,43.8,SUV,Hyundai
2018,11,55000,37.9,Pickup,Audi
2018,11,15000,29.2,Convertible,Ford
2018,11,35000,46.4,SUV,Nissan
2018,11,18000,38.0,SUV,Hyundai
2018,11,28000,49.4,SUV,Honda
2018,11,70000,45.1,Sedan,Tesla
2018,12,25000,46.1,Sedan,Toyota
2018,12,80000,19.3,Sedan,Tesla
2018,12,90000,44.3,Hatchback,Mercedes
2018,12,90000,17.8,Sedan,Audi
2018,12,90000,28.0,Sedan,Mercedes
2018,12,100000,49.1,SUV,Tesla
2018,12,100000,16.2,Hatchback,Tesla
2018,12,70000,45.1,Sedan,BMW
2018,12,18000,20.3,Hatchback,Ford
2018,12,38000,44.7,SUV,Kia
2018,12,55000,23.7,SUV,BMW
2018,12,45000,49.3,Sedan,Audi
2018,12,50000,44.6,SUV,Toyota
2018,12,55000,17.1,SUV,Subaru
2018,12,20000,23.8,SUV,Honda
2018,12,32000,25.7,Coupe,BMW
2018,12,38000,15.1,Coupe,Hyundai
2018,12,55000,18.3,Sedan,Audi
2018,12,70000,40.2,SUV,Mercedes
2018,12,50000,35.9,Convertible,Toyota
2018,12,30000,25.9,Hatchback,Nissan
2018,12,50000,44.3,Pickup,Toyota
2018,12,60000,37.7,Pickup,Toyota
2018,12,30000,47.8,Sedan,Toyota
2018,12,48000,22.9,Coupe,Honda
2018,12,38000,15.9,Sedan,Chevrolet
2018,12,35000,41.7,Sedan,Chevrolet
2018,12,75000,24.5,Sedan,Audi
2018,12,32000,15.2,SUV,Hyundai
2018,12,50000,34.9,SUV,Audi
2018,12,20000,28.2,Hatchback,Toyota
2018,12,42000,39.8,Pickup,Ford
2018,12,50000,22.6,SUV,Subaru
2018,12,38000,25.0,SUV,Ford
2018,12,45000,45.6,Hatchback,Honda
2018,12,35000,26.3,Pickup,Chevrolet
2018,12,40000,36.9,SUV,Ford
2018,12,18000,22.2,Sedan,Ford
2018,12,15000,16.0,SUV,Honda
2018,12,75000,16.4,SUV,Tesla
2018,12,80000,41.6,Convertible,BMW
2018,12,18000,29.6,SUV,Toyota
2018,12,70000,20.3,Convertible,Tesla
2018,12,65000,33.3,Coupe,Audi
2018,12,100000,49.0,Convertible,Audi
2018,12,55000,22.3,SUV,Toyota
2018,12,48000,31.4,Sedan,Audi
2018,12,45000,43.4,Sedan,Toyota
2018,12,100000,30.3,Hatchback,Audi
2018,12,48000,33.1,Sedan,Audi
2018,12,100000,39.8,Hatchback,Tesla
2018,12,25000,27.8,Hatchback,Honda
2018,12,80000,22.1,Sedan,Mercedes
2018,12,45000,42.1,SUV,BMW
2018,12,60000,37.7,Pickup,Subaru
2018,12,60000,49.1,Hatchback,BMW
2018,12,20000,43.6,SUV,Hyundai
2018,12,60000,28.2,Coupe,BMW
2018,12,48000,28.5,Hatchback,Audi
2018,12,40000,27.1,Sedan,Honda
2018,12,35000,41.8,Sedan,Toyota
2018,12,100000,17.5,Sedan,Audi
2018,12,70000,49.5,SUV,Tesla
2018,12,28000,20.0,SUV,Hyundai
2018,12,18000,20.5,Hatchback,Nissan
2018,12,50000,39.8,Sedan,BMW
2018,12,18000,46.3,SUV,Hyundai
2018,12,60000,27.4,SUV,Honda
2018,12,25000,17.6,Coupe,Toyota
2018,12,50000,27.5,Sedan,Subaru
2018,12,22000,27.3,Sedan,Toyota
2018,12,70000,19.5,SUV,Audi
2018,12,42000,49.4,SUV,Nissan
2018,12,60000,17.5,SUV,Audi
2018,12,75000,17.2,Pickup,Audi
2018,12,35000,35.6,Sedan,Hyundai
2018,12,60000,37.6,Sedan,BMW
2018,12,48000,44.6,Hatchback,Toyota
2018,12,45000,37.6,SUV,Subaru
2018,12,45000,24.0,Sedan,BMW
2019,1,90000,24.6,Sedan,Audi
2019,1,60000,23.8,SUV,Audi
2019,1,42000,30.2,SUV,Honda
2019,1,30000,36.0,Sedan,Toyota
2019,1,50000,31.7,Sedan,Toyota
2019,1,60000,19.2,SUV,BMW
2019,1,22000,40.9,Sedan,Toyota
2019,1,30000,16.2,Sedan,Honda
2019,1,15000,41.7,SUV,Hyundai
2019,1,50000,27.0,SUV,Honda
2019,1,28000,16.0,SUV,Toyota
2019,1,80000,40.1,Sedan,BMW
2019,1,48000,36.9,Coupe,Subaru
2019,1,48000,25.5,SUV,Toyota
2019,1,15000,34.8,Sedan,Hyundai
2019,1,70000,24.1,SUV,Tesla
2019,1,30000,42.6,Coupe,BMW
2019,1,55000,46.1,Convertible,Toyota
2019,1,90000,27.4,Pickup,Tesla
2019,1,25000,19.3,SUV,Toyota
2019,1,15000,49.5,Sedan,Chevrolet
2019,1,25000,27.9,SUV,Hyundai
2019,1,75000,40.1,Sedan,Tesla
2019,1,25000,38.4,Sedan,Toyota
2019,1,15000,36.3,SUV,Toyota
2019,1,42000,31.5,Convertible,BMW
2019,1,100000,37.1,SUV,Mercedes
2019,1,20000,18.8,Sedan,Honda
2019,1,28000,15.8,Pickup,Toyota
2019,1,65000,46.1,Sedan,Audi
2019,1,30000,24.9,Hatchback,Nissan
2019,1,65000,49.4,Pickup,Audi
2019,1,35000,15.1,SUV,Nissan
2019,1,15000,30.5,SUV,Hyundai
2019,1,25000,25.3,Sedan,Toyota
2019,1,32000,35.1,SUV,Hyundai
2019,1,75000,27.3,Sedan,Audi
2019,1,25000,33.4,SUV,Hyundai
2019,1,18000,45.0,Pickup,Toyota
2019,1,80000,49.1,Sedan,Mercedes
2019,1,35000,17.4,SUV,Toyota
2019,1,25000,36.4,SUV,Hyundai
2019,1,28000,18.7,Sedan,Honda
2019,1,55000,32.5,Pickup,Toyota
2019,1,32000,35.7,Sedan,Nissan
2019,1,120000,17.7,Hatchback,Mercedes
2019,1,100000,28.7,Convertible,Mercedes
2019,1,18000,35.6,Pickup,Ford
2019,1,45000,21.2,Convertible,Toyota
2019,1,75000,42.7,Pickup,BMW
2019,1,60000,43.8,Hatchback,BMW
2019,1,32000,16.9,Coupe,Toyota
2019,1,22000,37.5,Hatchback,Toyota
2019,1,45000,39.7,Sedan,Subaru
2019,1,100000,46.6,SUV,BMW
2019,1,32000,41.5,Sedan,Ford
2019,1,15000,41.2,SUV,Kia
2019,1,100000,24.6,Pickup,Tesla
2019,1,40000,15.5,Hatchback,Ford
2019,1,45000,37.5,Sedan,BMW
2019,1,60000,22.5,SUV,Toyota
2019,1,75000,37.6,Sedan,BMW
2019,1,22000,35.7,Sedan,Toyota
2019,1,48000,39.6,Convertible,Toyota
2019,1,48000,28.3,SUV,Audi
2019,1,100000,29.2,SUV,Mercedes
2019,1,25000,33.6,SUV,Honda
2019,1,120000,42.2,Sedan,BMW
2019,1,60000,21.8,Hatchback,Toyota
2019,1,50000,27.1,Sedan,Audi
2019,1,15000,31.4,SUV,Hyundai
2019,1,90000,27.9,Sedan,Mercedes
2019,1,40000,23.9,Hatchback,Toyota
2019,1,25000,23.8,Sedan,Chevrolet
2019,1,90000,34.6,Pickup,BMW
2019,1,70000,20.5,Pickup,BMW
2019,1,32000,34.2,SUV,Kia
2019,1,40000,17.0,Sedan,Honda
2019,1,40000,45.2,Pickup,Toyota
2019,1,40000,32.2,Sedan,Toyota
2019,2,30000,43.1,SUV,Honda
2019,2,35000,20.1,Pickup,Toyota
2019,2,32000,20.8,Sedan,Toyota
2019,2,30000,16.7,SUV,Toyota
2019,2,42000,36.8,SUV,Kia
2019,2,40000,44.3,Sedan,Ford
2019,2,40000,42.0,Pickup,Ford
2019,2,20000,43.2,SUV,Hyundai
2019,2,75000,15.2,Convertible,BMW
2019,2,100000,38.8,SUV,Mercedes
2019,2,70000,34.2,Sedan,BMW
2019,2,70000,20.8,Coupe,Mercedes
2019,2,28000,30.8,Convertible,Ford
2019,2,20000,32.4,SUV,Nissan
2019,2,120000,37.8,Sedan,BMW
2019,2,80000,47.6,SUV,Mercedes
2019,2,70000,31.7,Pickup,BMW
2019,2,70000,40.8,Sedan,BMW
2019,2,40000,48.8,SUV,Ford
2019,2,38000,37.7,Pickup,Ford
2019,2,15000,49.3,Sedan,Toyota
2019,2,70000,15.5,Pickup,Mercedes
2019,2,30000,44.4,Convertible,BMW
2019,2,42000,47.5,Coupe,Audi
2019,2,120000,18.0,Sedan,Mercedes
2019,2,30000,23.6,SUV,Toyota
2019,2,22000,45.0,SUV,Toyota
2019,2,75000,22.5,Sedan,Tesla
2019,2,75000,18.6,Pickup,BMW
2019,2,15000,45.2,SUV,Nissan
2019,2,55000,36.6,Sedan,Toyota
2019,2,120000,23.2,SUV,Tesla
2019,2,45000,42.4,Convertible,Toyota
2019,2,70000,15.3,Sedan,Audi
2019,2,40000,31.7,SUV,Ford
2019,2,48000,30.2,SUV,Audi
2019,2,22000,29.9,Sedan,Toyota
2019,2,50000,38.7,SUV,Toyota
2019,2,35000,21.2,Pickup,Ford
2019,2,25000,43.7,Hatchback,Ford
2019,2,55000,16.3,Hatchback,Toyota
2019,2,45000,45.2,Pickup,BMW
2019,2,70000,43.5,SUV,BMW
2019,2,42000,31.4,Sedan,Ford
2019,2,50000,45.8,Sedan,Audi
2019,2,60000,38.7,Pickup,Toyota
2019,2,60000,29.7,SUV,BMW
2019,2,35000,30.2,SUV,Ford
2019,2,22000,36.5,SUV,Toyota
2019,2,65000,46.6,SUV,Audi
2019,2,45000,49.9,Pickup,Toyota
2019,2,32000,43.3,Sedan,Honda
2019,2,45000,41.2,Pickup,Honda
2019,2,40000,43.3,Pickup,Ford
2019,2,65000,16.9,SUV,Subaru
2019,2,100000,17.8,SUV,Mercedes
2019,2,28000,31.2,Sedan,Toyota
2019,2,30000,37.9,Hatchback,Honda
2019,2,80000,39.2,Sedan,Audi
2019,2,38000,18.0,Sedan,Honda
2019,2,35000,36.6,Convertible,Mazda
2019,2,25000,44.0,SUV,Hyundai
2019,2,35000,16.4,SUV,Kia
2019,2,18000,40.8,Sedan,Toyota
2019,2,50000,16.0,Hatchback,BMW
2019,2,40000,18.8,SUV,Hyundai
2019,2,38000,24.1,SUV,Toyota
2019,2,40000,41.7,Sedan,Toyota
2019,2,18000,44.8,SUV,Nissan
2019,2,20000,15.1,Pickup,Ford
2019,2,22000,33.1,Sedan,Toyota
2019,2,45000,42.6,SUV,Audi
2019,2,55000,38.7,Sedan,BMW
2019,2,22000,49.7,Coupe,BMW
2019,2,70000,31.4,SUV,BMW
2019,2,50000,26.1,Sedan,Honda
2019,2,70000,47.4,Sedan,Mercedes
2019,2,18000,21.0,Sedan,Hyundai
2019,2,70000,36.5,Sedan,Mercedes
2019,2,42000,29.3,Convertible,BMW
2019,3,32000,33.8,SUV,Hyundai
2019,3,22000,31.1,Hatchback,Toyota
2019,3,30000,34.6,SUV,Honda
2019,3,30000,15.9,Convertible,BMW
2019,3,35000,39.9,Sedan,Honda
2019,3,90000,16.4,Sedan,Mercedes
2019,3,28000,16.6,Hatchback,Nissan
2019,3,38000,48.6,Sedan,Nissan
2019,3,18000,46.3,Sedan,Toyota
2019,3,42000,20.6,Convertible,Mazda
2019,3,38000,30.6,Sedan,Hyundai
2019,3,25000,27.4,Sedan,Kia
2019,3,32000,38.6,Coupe,BMW
2019,3,40000,31.0,SUV,Toyota
2019,3,90000,49.8,Sedan,BMW
2019,3,45000,40.1,SUV,Subaru
2019,3,25000,31.0,SUV,Nissan
2019,3,90000,41.8,SUV,Mercedes
2019,3,35000,22.6,Pickup,Ford
2019,3,20000,45.1,Convertible,Mazda
2019,3,120000,47.4,Coupe,BMW
2019,3,48000,47.6,Sedan,Audi
2019,3,25000,29.7,Hatchback,Honda
2019,3,42000,40.1,Hatchback,Toyota
2019,3,38000,48.7,Coupe,BMW
2019,3,65000,37.3,Sedan,Toyota
2019,3,28000,16.5,SUV,Honda
2019,3,38000,35.7,Pickup,Toyota
2019,3,15000,18.2,SUV,Kia
2019,3,40000,26.4,Sedan,Kia
2019,3,42000,45.9,SUV,Hyundai
2019,3,22000,24.2,Convertible,BMW
2019,3,22000,29.9,Sedan,Toyota
2019,3,50000,48.8,SUV,Audi
2019,3,35000,44.4,Sedan,Toyota
2019,3,30000,16.8,Coupe,Toyota
2019,3,90000,47.7,Coupe,Mercedes
2019,3,65000,36.4,SUV,Toyota
2019,3,32000,30.7,SUV,Nissan
2019,3,42000,39.7,SUV,Toyota
2019,3,45000,35.6,SUV,BMW
2019,3,35000,24.0,Sedan,Honda
2019,3,35000,43.0,SUV,Kia
2019,3,60000,34.6,Hatchback,BMW
2019,3,90000,31.6,SUV,BMW
2019,3,60000,49.9,SUV,Audi
2019,3,45000,42.2,Sedan,Subaru
2019,3,22000,44.2,Convertible,Mazda
2019,3,120000,49.7,Sedan,Mercedes
2019,3,28000,26.0,SUV,Honda
2019,3,50000,16.4,SUV,Subaru
2019,3,35000,48.9,Sedan,Kia
2019,3,42000,18.0,Hatchback,Hyundai
2019,3,55000,35.5,SUV,Honda
2019,3,80000,31.9,Pickup,Mercedes
2019,3,60000,20.2,Convertible,Honda
2019,3,20000,17.4,Sedan,Kia
2019,3,35000,42.7,SUV,Toyota
2019,3,100000,27.1,Coupe,Mercedes
2019,3,60000,24.2,SUV,Audi
2019,3,30000,44.0,Sedan,Nissan
2019,3,80000,47.8,Sedan,Mercedes
2019,3,100000,23.7,Hatchback,Audi
2019,3,42000,23.9,Sedan,Honda
2019,3,40000,40.9,Sedan,Honda
2019,3,90000,46.9,Hatchback,Mercedes
2019,3,100000,42.4,Sedan,BMW
2019,3,90000,37.2,Pickup,BMW
2019,3,30000,36.0,Coupe,Audi
2019,3,65000,41.6,Sedan,Honda
2019,3,40000,49.0,SUV,Hyundai
2019,3,120000,39.1,Coupe,BMW
2019,3,65000,39.3,Sedan,Toyota
2019,3,90000,47.8,Convertible,Tesla
2019,3,55000,43.5,Coupe,BMW
2019,3,45000,35.2,SUV,Audi
2019,3,28000,30.5,Sedan,Toyota
2019,3,50000,27.5,Coupe,Audi
2019,3,18000,20.3,SUV,Toyota
2019,3,90000,30.1,Sedan,Mercedes
2019,4,30000,29.2,Hatchback,Kia
2019,4,18000,20.6,Convertible,Ford
2019,4,70000,43.4,SUV,Mercedes
2019,4,75000,16.7,SUV,Audi
2019,4,40000,24.7,Sedan,Kia
2019,4,48000,35.8,Sedan,BMW
2019,4,22000,43.9,SUV,Honda
2019,4,55000,47.9,Convertible,Subaru
2019,4,18000,22.2,Pickup,Chevrolet
2019,4,60000,40.5,Sedan,Toyota
2019,4,75000,45.0,Sedan,Audi
2019,4,15000,21.9,SUV,Kia
2019,4,38000,40.9,Coupe,Toyota
2019,4,48000,26.1,Convertible,Audi
2019,4,45000,43.4,Hatchback,BMW
2019,4,75000,21.0,Sedan,Mercedes
2019,4,48000,15.6,SUV,Subaru
2019,4,20000,18.4,Pickup,Ford
2019,4,22000,21.0,Sedan,Toyota
2019,4,22000,35.4,Pickup,Ford
2019,4,35000,36.9,Pickup,Chevrolet
2019,4,55000,48.6,Hatchback,Subaru
2019,4,65000,38.1,Sedan,BMW
2019,4,90000,37.4,Convertible,Mercedes
2019,4,48000,24.7,SUV,Honda
2019,4,55000,34.2,Pickup,Honda
2019,4,18000,21.2,SUV,Kia
2019,4,38000,36.6,Hatchback,Kia
2019,4,60000,26.9,SUV,BMW
2019,4,45000,39.6,SUV,Subaru
2019,4,18000,39.2,SUV,Hyundai
2019,4,70000,25.0,SUV,Mercedes
2019,4,18000,48.0,SUV,Toyota
2019,4,75000,23.3,Sedan,Mercedes
2019,4,60000,44.5,Pickup,Toyota
2019,4,18000,16.0,Sedan,Hyundai
2019,4,65000,22.5,Convertible,BMW
2019,4,28000,16.9,Coupe,Hyundai
2019,4,28000,38.8,Hatchback,Toyota
2019,4,75000,23.6,Hatchback,Audi
2019,4,42000,33.7,Pickup,Chevrolet
2019,4,20000,23.4,Sedan,Nissan
2019,4,42000,40.4,SUV,Toyota
2019,4,28000,35.2,Sedan,Toyota
2019,4,22000,23.9,Sedan,Honda
2019,4,75000,48.1,Sedan,BMW
2019,4,35000,38.4,Convertible,BMW
2019,4,90000,34.9,Sedan,BMW
2019,4,15000,40.6,Hatchback,Nissan
2019,4,50000,20.5,Sedan,Toyota
2019,4,30000,43.7,SUV,Hyundai
2019,4,32000,27.1,SUV,Toyota
2019,4,50000,38.1,Hatchback,Subaru
2019,4,18000,48.6,Coupe,Audi
2019,4,45000,18.5,SUV,Audi
2019,4,35000,33.4,Sedan,Honda
2019,4,28000,49.8,Hatchback,Kia
2019,4,32000,32.3,Coupe,Toyota
2019,4,50000,33.5,SUV,Audi
2019,4,55000,27.8,Sedan,Audi
2019,4,100000,31.7,Sedan,Tesla
2019,4,50000,37.2,Sedan,Toyota
2019,4,120000,16.2,Sedan,BMW
2019,4,20000,42.3,Sedan,Toyota
2019,4,38000,30.6,Sedan,Honda
2019,4,40000,38.5,SUV,Hyundai
2019,4,75000,49.4,SUV,Mercedes
2019,4,25000,34.1,Sedan,Toyota
2019,4,15000,27.3,Sedan,Nissan
2019,4,45000,27.3,Sedan,Toyota
2019,4,55000,40.5,Hatchback,BMW
2019,4,75000,16.1,Coupe,Audi
2019,4,55000,46.1,Convertible,BMW
2019,4,30000,39.8,Pickup,Ford
2019,4,48000,24.3,Sedan,Audi
2019,4,80000,35.8,SUV,Mercedes
2019,4,25000,38.8,SUV,Hyundai
2019,4,50000,40.7,Convertible,BMW
2019,4,65000,23.6,SUV,Toyota
2019,4,120000,41.2,SUV,BMW
2019,5,75000,45.7,Pickup,BMW
2019,5,65000,35.1,Coupe,Subaru
2019,5,28000,28.0,SUV,Hyundai
2019,5,80000,47.3,Coupe,Audi
2019,5,90000,31.6,SUV,Tesla
2019,5,45000,39.1,Pickup,Audi
2019,5,35000,17.1,SUV,Kia
2019,5,28000,30.7,Sedan,Hyundai
2019,5,15000,27.6,SUV,Kia
2019,5,32000,20.0,SUV,Ford
2019,5,32000,36.2,Pickup,Ford
2019,5,40000,15.2,Sedan,Ford
2019,5,15000,27.1,SUV,Toyota
2019,5,22000,39.2,SUV,Nissan
2019,5,55000,16.0,Coupe,Honda
2019,5,50000,35.6,Hatchback,Honda
2019,5,30000,16.2,Coupe,Toyota
2019,5,42000,35.4,SUV,Nissan
2019,5,15000,15.5,SUV,Kia
2019,5,48000,38.9,Convertible,Audi
2019,5,15000,21.2,Sedan,Honda
2019,5,25000,34.4,SUV,Nissan
2019,5,30000,18.4,Sedan,Ford
2019,5,40000,30.4,Sedan,Toyota
2019,5,15000,31.8,Pickup,Chevrolet
2019,5,45000,18.8,Pickup,Honda
2019,5,32000,29.3,Pickup,Toyota
2019,5,100000,24.6,SUV,Tesla
2019,5,100000,25.9,Pickup,BMW
2019,5,18000,34.0,Sedan,Toyota
2019,5,45000,15.5,Convertible,Audi
2019,5,28000,27.8,Pickup,Chevrolet
2019,5,35000,45.8,Pickup,Chevrolet
2019,5,28000,35.9,Sedan,Chevrolet
2019,5,80000,46.2,SUV,BMW
2019,5,25000,28.0,SUV,Hyundai
2019,5,15000,17.0,Hatchback,Chevrolet
2019,5,32000,23.2,Convertible,BMW
2019,5,20000,36.8,Convertible,BMW
2019,5,25000,30.7,SUV,Toyota
2019,5,20000,30.7,SUV,Toyota
2019,5,55000,22.5,SUV,Audi
2019,5,50000,40.8,Sedan,Honda
2019,5,30000,15.1,SUV,Ford
2019,5,50000,33.7,SUV,Toyota
2019,5,35000,27.0,SUV,Kia
2019,5,55000,24.2,Sedan,BMW
2019,5,40000,40.4,SUV,Honda
2019,5,48000,29.7,SUV,BMW
2019,5,42000,44.3,Sedan,Honda
2019,5,48000,43.7,SUV,Honda
2019,5,45000,34.8,Hatchback,BMW
2019,5,40000,49.5,Pickup,Ford
2019,5,35000,40.9,Sedan,Honda
2019,5,25000,45.7,Pickup,Ford
2019,5,32000,15.9,SUV,Nissan
2019,5,120000,45.2,SUV,Mercedes
2019,5,28000,36.9,Pickup,Ford
2019,5,80000,31.1,Sedan,BMW
2019,5,42000,39.7,SUV,Kia
2019,5,120000,45.8,SUV,BMW
2019,5,35000,27.1,Pickup,Toyota
2019,5,45000,37.0,Convertible,BMW
2019,5,60000,41.5,SUV,Toyota
2019,5,18000,39.8,Sedan,Ford
2019,5,32000,16.0,SUV,Hyundai
2019,5,20000,28.1,Hatchback,Toyota
2019,5,55000,34.1,SUV,Toyota
2019,5,30000,44.6,Hatchback,Nissan
2019,5,35000,30.3,Sedan,Toyota
2019,5,55000,25.7,Sedan,Honda
2019,5,50000,26.5,SUV,BMW
2019,5,28000,28.3,SUV,Toyota
2019,5,22000,15.7,Sedan,Nissan
2019,5,100000,33.8,Sedan,BMW
2019,5,60000,42.5,Sedan,BMW
2019,5,60000,30.4,Hatchback,Honda
2019,5,48000,34.1,Sedan,Audi
2019,5,22000,30.9,SUV,Kia
2019,5,40000,45.9,Sedan,Toyota
2019,6,20000,35.3,SUV,Kia
2019,6,80000,37.9,SUV,Tesla
2019,6,35000,48.7,SUV,Honda
2019,6,90000,44.7,SUV,Tesla
2019,6,50000,46.2,Sedan,Honda
2019,6,50000,20.6,SUV,Audi
2019,6,30000,42.9,Coupe,Toyota
2019,6,100000,44.7,SUV,Tesla
2019,6,25000,36.8,Hatchback,Ford
2019,6,25000,42.3,Sedan,Ford
2019,6,80000,48.8,SUV,BMW
2019,6,90000,39.4,Sedan,BMW
2019,6,50000,27.8,Sedan,Honda
2019,6,25000,22.8,SUV,Toyota
2019,6,120000,37.9,Sedan,BMW
2019,6,18000,17.7,Pickup,Ford
2019,6,15000,33.9,Sedan,Toyota
2019,6,40000,48.1,Sedan,Chevrolet
2019,6,25000,34.8,Sedan,Ford
2019,6,15000,19.9,Sedan,Chevrolet
2019,6,22000,26.8,Convertible,Mazda
2019,6,48000,16.6,SUV,Toyota
2019,6,55000,31.3,SUV,BMW
2019,6,28000,45.0,Coupe,BMW
2019,6,120000,46.3,Hatchback,BMW
2019,6,28000,24.4,Convertible,BMW
2019,6,38000,42.0,SUV,Ford
2019,6,80000,31.0,Sedan,BMW
2019,6,25000,42.1,Sedan,Honda
2019,6,18000,42.9,Sedan,Hyundai
2019,6,70000,18.0,SUV,BMW
2019,6,90000,32.2,SUV,BMW
2019,6,65000,35.6,Sedan,Toyota
2019,6,55000,40.5,SUV,Subaru
2019,6,60000,28.9,Coupe,Subaru
2019,6,65000,35.1,Sedan,Toyota
2019,6,70000,20.9,Sedan,Mercedes
2019,6,45000,32.0,SUV,Honda
2019,6,75000,29.5,SUV,Tesla
2019,6,30000,25.4,SUV,Honda
2019,6,45000,38.4,Sedan,Honda
2019,6,70000,17.7,Sedan,Mercedes
2019,6,15000,40.8,Sedan,Chevrolet
2019,6,60000,49.5,Sedan,Honda
2019,6,65000,47.2,Hatchback,Toyota
2019,6,50000,18.2,SUV,Toyota
2019,6,75000,18.6,Pickup,BMW
2019,6,120000,26.8,SUV,Tesla
2019,6,45000,42.5,Hatchback,BMW
2019,6,55000,49.4,Sedan,Audi
2019,6,42000,47.1,SUV,Kia
2019,6,15000,21.7,SUV,Hyundai
2019,6,20000,29.7,Convertible,Mazda
2019,6,90000,25.0,Coupe,Mercedes
2019,6,75000,24.1,SUV,Mercedes
2019,6,18000,20.9,Sedan,Toyota
2019,6,48000,22.7,Hatchback,Honda
2019,6,35000,34.3,SUV,Toyota
2019,6,42000,31.1,SUV,Honda
2019,6,15000,25.4,SUV,Hyundai
2019,6,15000,27.1,Hatchback,Toyota
2019,6,28000,21.3,SUV,Hyundai
2019,6,60000,48.7,Sedan,Toyota
2019,6,35000,23.4,Coupe,Hyundai
2019,6,90000,39.3,Hatchback,BMW
2019,6,75000,40.4,Sedan,BMW
2019,6,20000,16.6,Pickup,Chevrolet
2019,6,25000,31.3,Hatchback,Toyota
2019,6,60000,16.8,Sedan,Toyota
2019,6,70000,28.8,Pickup,BMW
2019,6,48000,19.1,Sedan,Subaru
2019,6,20000,17.6,Pickup,Ford
2019,6,18000,40.0,Sedan,Nissan
2019,6,75000,48.9,Sedan,Audi
2019,6,65000,45.5,Sedan,BMW
2019,6,48000,23.6,Sedan,Toyota
2019,6,120000,27.6,SUV,BMW
2019,6,15000,46.4,SUV,Toyota
2019,6,75000,44.9,Convertible,Audi
2019,6,40000,48.6,Sedan,Honda
2019,7,70000,16.0,Sedan,Audi
2019,7,60000,23.2,Sedan,Audi
2019,7,100000,25.0,Sedan,Audi
2019,7,30000,32.2,SUV,Toyota
2019,7,25000,24.1,Sedan,Ford
2019,7,18000,23.8,Convertible,Mazda
2019,7,30000,44.6,Sedan,Chevrolet
2019,7,75000,40.0,Sedan,Mercedes
2019,7,42000,32.5,Convertible,Ford
2019,7,20000,41.1,Sedan,Honda
2019,7,40000,37.9,Hatchback,Nissan
2019,7,100000,24.4,Coupe,BMW
2019,7,80000,37.9,SUV,Mercedes
2019,7,50000,20.6,Coupe,Subaru
2019,7,75000,36.2,Sedan,Mercedes
2019,7,38000,33.8,Sedan,Toyota
2019,7,65000,19.3,Sedan,BMW
2019,7,20000,25.8,Coupe,Toyota
2019,7,60000,21.0,Convertible,Subaru
2019,7,75000,15.2,SUV,Mercedes
2019,7,50000,40.2,SUV,BMW
2019,7,35000,21.0,Convertible,Mazda
2019,7,25000,43.0,SUV,Nissan
2019,7,60000,43.9,Pickup,Audi
2019,7,22000,48.7,Sedan,Ford
2019,7,80000,34.2,Convertible,Tesla
2019,7,32000,39.5,Sedan,Honda
2019,7,75000,38.0,Pickup,Audi
2019,7,75000,28.8,SUV,Audi
2019,7,40000,47.7,SUV,Hyundai
2019,7,100000,43.6,SUV,Audi
2019,7,75000,32.4,SUV,Mercedes
2019,7,40000,49.3,Convertible,BMW
2019,7,35000,27.4,Coupe,BMW
2019,7,70000,34.7,SUV,Tesla
2019,7,35000,35.5,SUV,Nissan
2019,7,70000,18.5,SUV,Tesla
2019,7,28000,27.7,Hatchback,Honda
2019,7,38000,29.8,Coupe,Audi
2019,7,100000,31.4,Pickup,Mercedes
2019,7,22000,33.1,Sedan,Ford
2019,7,65000,27.7,Sedan,Subaru
2019,7,55000,23.2,Sedan,Subaru
2019,7,48000,43.9,Sedan,Toyota
2019,7,15000,17.3,Coupe,Audi
2019,7,55000,27.7,SUV,Audi
2019,7,32000,38.3,SUV,Kia
2019,7,45000,36.1,SUV,Honda
2019,7,60000,38.8,Sedan,Toyota
2019,7,90000,30.2,SUV,BMW
2019,7,30000,26.8,Sedan,Honda
2019,7,15000,22.2,SUV,Hyundai
2019,7,48000,44.1,SUV,Toyota
2019,7,15000,49.6,SUV,Ford
2019,7,48000,23.9,Sedan,Subaru
2019,7,45000,18.4,Sedan,Audi
2019,7,65000,41.3,Hatchback,Toyota
2019,7,50000,19.0,Sedan,Audi
2019,7,50000,25.6,Convertible,Honda
2019,7,80000,42.0,SUV,Audi
2019,7,100000,23.8,SUV,BMW
2019,7,38000,30.9,SUV,Nissan
2019,7,38000,41.5,SUV,Ford
2019,7,42000,39.1,Sedan,Chevrolet
2019,7,42000,40.1,Convertible,Ford
2019,7,65000,44.5,Sedan,Audi
2019,7,32000,47.6,SUV,Ford
2019,7,40000,46.5,Sedan,Nissan
2019,7,48000,44.2,Sedan,Subaru
2019,7,100000,28.1,Coupe,BMW
2019,7,32000,22.9,Sedan,Toyota
2019,7,50000,20.6,SUV,Toyota
2019,7,55000,34.1,Sedan,Audi
2019,7,32000,34.6,Pickup,Toyota
2019,7,70000,20.9,SUV,Tesla
2019,7,90000,25.0,SUV,Mercedes
2019,7,40000,27.0,Hatchback,Honda
2019,7,55000,33.8,Hatchback,BMW
2019,7,30000,15.4,Sedan,Ford
2019,7,22000,47.9,SUV,Hyundai
2019,8,55000,39.1,Convertible,Toyota
2019,8,65000,48.5,Hatchback,Toyota
2019,8,60000,35.8,SUV,Subaru
2019,8,65000,38.3,Sedan,Honda
2019,8,70000,32.5,Convertible,BMW
2019,8,100000,40.3,Sedan,Tesla
2019,8,15000,37.7,SUV,Toyota
2019,8,65000,45.4,Pickup,Audi
2019,8,18000,34.8,Sedan,Toyota
2019,8,22000,44.4,SUV,Ford
2019,8,38000,31.8,Coupe,BMW
2019,8,55000,43.1,Sedan,Honda
2019,8,28000,38.1,SUV,Toyota
2019,8,60000,27.7,Sedan,BMW
2019,8,38000,28.3,Hatchback,Hyundai
2019,8,70000,35.4,Sedan,BMW
2019,8,15000,40.7,SUV,Hyundai
2019,8,22000,41.8,Hatchback,Chevrolet
2019,8,30000,33.7,Sedan,Toyota
2019,8,20000,25.4,SUV,Honda
2019,8,22000,42.2,SUV,Honda
2019,8,28000,43.3,Sedan,Chevrolet
2019,8,90000,23.2,Sedan,Audi
2019,8,120000,28.6,SUV,Tesla
2019,8,15000,49.0,Sedan,Toyota
2019,8,40000,33.4,Coupe,BMW
2019,8,70000,35.4,SUV,Mercedes
2019,8,40000,26.3,Convertible,BMW
2019,8,100000,46.5,SUV,Mercedes
2019,8,60000,35.0,SUV,BMW
2019,8,40000,21.2,Hatchback,Hyundai
2019,8,25000,47.4,Hatchback,Honda
2019,8,15000,22.8,Sedan,Nissan
2019,8,75000,27.6,Sedan,Tesla
2019,8,22000,41.2,Convertible,Ford
2019,8,55000,47.3,SUV,Toyota
2019,8,45000,16.8,Sedan,Audi
2019,8,45000,42.2,SUV,Audi
2019,8,20000,45.6,Pickup,Ford
2019,8,75000,22.0,SUV,Mercedes
2019,8,70000,36.0,SUV,BMW
2019,8,75000,17.0,Sedan,BMW
2019,8,80000,37.5,SUV,Tesla
2019,8,120000,46.9,Sedan,Mercedes
2019,8,18000,34.9,Sedan,Toyota
2019,8,30000,20.4,Sedan,Honda
2019,8,20000,34.8,SUV,Ford
2019,8,70000,15.8,Convertible,BMW
2019,8,75000,43.8,SUV,Mercedes
2019,8,55000,48.5,Hatchback,BMW
2019,8,18000,28.4,Sedan,Ford
2019,8,18000,20.7,Coupe,Toyota
2019,8,100000,35.2,Pickup,Audi
2019,8,70000,20.1,Sedan,Mercedes
2019,8,60000,33.8,Coupe,BMW
2019,8,18000,37.8,Hatchback,Toyota
2019,8,30000,25.3,Pickup,Toyota
2019,8,38000,45.8,Hatchback,Chevrolet
2019,8,15000,30.7,Sedan,Hyundai
2019,8,22000,36.5,SUV,Toyota
2019,8,32000,47.7,Sedan,Toyota
2019,8,20000,23.3,Convertible,Ford
2019,8,65000,40.5,SUV,Subaru
2019,8,32000,27.0,Convertible,Ford
2019,8,38000,27.7,Sedan,Ford
2019,8,100000,18.4,Sedan,Audi
2019,8,45000,41.3,Pickup,BMW
2019,8,48000,16.9,Hatchback,Subaru
2019,8,40000,23.7,Sedan,Chevrolet
2019,8,75000,36.5,Coupe,BMW
2019,8,40000,29.9,Hatchback,Honda
2019,8,80000,35.0,SUV,Mercedes
2019,8,35000,31.3,Sedan,Ford
2019,8,22000,28.3,Pickup,Ford
2019,8,60000,37.6,Sedan,BMW
2019,8,20000,37.2,SUV,Nissan
2019,8,75000,19.1,Sedan,Tesla
2019,8,90000,26.8,Coupe,BMW
2019,8,38000,42.3,Convertible,Mazda
2019,8,65000,40.5,SUV,BMW
2019,9,70000,25.8,SUV,BMW
2019,9,32000,43.0,Sedan,Toyota
2019,9,50000,17.8,Hatchback,Toyota
2019,9,65000,41.3,Sedan,Honda
2019,9,70000,45.5,SUV,Audi
2019,9,70000,30.7,SUV,BMW
2019,9,90000,32.8,Pickup,Tesla
2019,9,75000,22.6,SUV,Audi
2019,9,40000,46.6,Hatchback,Nissan
2019,9,25000,30.5,Sedan,Kia
2019,9,18000,18.2,Pickup,Chevrolet
2019,9,22000,28.5,Hatchback,Honda
2019,9,15000,30.0,Coupe,Hyundai
2019,9,100000,46.4,Hatchback,BMW
2019,9,120000,35.5,Sedan,Tesla
2019,9,42000,32.8,Sedan,Kia
2019,9,25000,17.4,Sedan,Toyota
2019,9,30000,16.1,Sedan,Kia
2019,9,120000,18.1,Hatchback,BMW
2019,9,22000,29.3,SUV,Honda
2019,9,70000,45.4,Sedan,Mercedes
2019,9,20000,38.7,Sedan,Honda
2019,9,50000,15.4,Sedan,Audi
2019,9,18000,48.2,Coupe,BMW
2019,9,32000,49.8,SUV,Kia
2019,9,32000,21.4,SUV,Kia
2019,9,22000,35.3,Convertible,Ford
2019,9,22000,48.4,Hatchback,Hyundai
2019,9,28000,39.6,Hatchback,Honda
2019,9,55000,40.5,Hatchback,Honda
2019,9,70000,29.6,Pickup,Tesla
2019,9,75000,43.5,Convertible,Tesla
2019,9,70000,21.0,SUV,BMW
2019,9,120000,18.5,Sedan,BMW
2019,9,80000,33.7,SUV,Tesla
2019,9,75000,29.8,Sedan,Audi
2019,9,45000,36.5,Coupe,Toyota
2019,9,70000,20.7,Pickup,Tesla
2019,9,45000,24.7,SUV,Toyota
2019,9,30000,42.7,SUV,Honda
2019,9,20000,18.4,Hatchback,Toyota
2019,9,60000,24.2,Coupe,BMW
2019,9,42000,15.1,Hatchback,Toyota
2019,9,75000,22.4,Sedan,BMW
2019,9,120000,43.2,SUV,Audi
2019,9,30000,40.2,SUV,Ford
2019,9,60000,48.1,Sedan,Audi
2019,9,75000,15.6,Sedan,Tesla
2019,9,30000,21.2,SUV,Ford
2019,9,48000,35.3,SUV,BMW
2019,9,120000,33.6,SUV,Audi
2019,9,65000,35.7,SUV,BMW
2019,9,80000,21.4,Pickup,Audi
2019,9,45000,49.5,Sedan,Toyota
2019,9,20000,42.0,Hatchback,Nissan
2019,9,120000,45.8,Sedan,Audi
2019,9,15000,49.4,Coupe,BMW
2019,9,75000,42.2,SUV,Audi
2019,9,70000,23.7,Hatchback,Tesla
2019,9,32000,37.8,Convertible,BMW
2019,9,35000,43.1,SUV,Hyundai
2019,9,38000,25.3,SUV,Toyota
2019,9,22000,35.4,SUV,Toyota
2019,9,90000,22.8,Sedan,Audi
2019,9,65000,28.2,SUV,BMW
2019,9,55000,18.2,SUV,Honda
2019,9,30000,41.4,Sedan,Kia
2019,9,32000,48.8,Hatchback,Hyundai
2019,9,80000,26.0,Sedan,Mercedes
2019,9,18000,16.3,Coupe,Hyundai
2019,9,32000,30.4,SUV,Nissan
2019,9,35000,15.5,SUV,Hyundai
2019,9,30000,47.9,Coupe,BMW
2019,9,18000,22.1,Coupe,BMW
2019,9,48000,17.6,Sedan,Toyota
2019,9,50000,31.2,Sedan,BMW
2019,9,70000,19.2,Pickup,Audi
2019,9,65000,44.2,SUV,BMW
2019,9,35000,48.7,Sedan,Toyota
2019,9,45000,43.5,SUV,Honda
2019,10,45000,33.1,Sedan,Audi
2019,10,25000,40.1,SUV,Honda
2019,10,120000,25.9,Hatchback,Mercedes
2019,10,32000,30.7,Pickup,Chevrolet
2019,10,18000,32.5,Hatchback,Toyota
2019,10,32000,46.8,Sedan,Toyota
2019,10,120000,39.4,Pickup,BMW
2019,10,80000,26.1,SUV,BMW
2019,10,120000,20.2,Convertible,Tesla
2019,10,70000,17.2,SUV,Mercedes
2019,10,15000,44.5,Sedan,Hyundai
2019,10,20000,16.1,Sedan,Toyota
2019,10,28000,25.0,Convertible,Mazda
2019,10,42000,19.3,SUV,Honda
2019,10,25000,24.5,SUV,Hyundai
2019,10,48000,32.8,Convertible,Subaru
2019,10,30000,24.3,Sedan,Nissan
2019,10,70000,42.4,SUV,Tesla
2019,10,120000,39.2,Coupe,Tesla
2019,10,70000,33.9,Coupe,Mercedes
2019,10,45000,31.6,Sedan,Toyota
2019,10,90000,30.6,Sedan,Tesla
2019,10,80000,38.4,Sedan,BMW
2019,10,90000,24.5,SUV,Tesla
2019,10,40000,46.7,Convertible,Ford
2019,10,70000,41.2,SUV,BMW
2019,10,38000,17.1,SUV,Hyundai
2019,10,75000,48.5,Hatchback,Tesla
2019,10,120000,42.1,Pickup,Audi
2019,10,18000,18.7,Hatchback,Honda
2019,10,22000,15.6,SUV,Honda
2019,10,42000,35.1,SUV,Hyundai
2019,10,45000,24.8,Pickup,BMW
2019,10,80000,24.3,Pickup,BMW
2019,10,35000,45.1,Sedan,Hyundai
2019,10,38000,28.5,SUV,Hyundai
2019,10,65000,31.6,SUV,Toyota
2019,10,40000,38.0,SUV,Ford
2019,10,25000,48.1,Convertible,Mazda
2019,10,28000,26.0,Pickup,Chevrolet
2019,10,120000,41.8,Pickup,Mercedes
2019,10,28000,40.0,Coupe,BMW
2019,10,55000,34.1,SUV,Toyota
2019,10,42000,40.0,Sedan,Hyundai
2019,10,20000,17.1,Sedan,Honda
2019,10,70000,30.8,Sedan,Tesla
2019,10,30000,44.3,Convertible,BMW
2019,10,32000,41.2,SUV,Toyota
2019,10,28000,35.7,Hatchback,Nissan
2019,10,70000,22.4,SUV,BMW
2019,10,30000,28.7,Convertible,Ford
2019,10,38000,16.7,Sedan,Hyundai
2019,10,38000,31.4,SUV,Nissan
2019,10,40000,36.2,SUV,Honda
2019,10,40000,41.3,Hatchback,Toyota
2019,10,100000,23.9,SUV,BMW
2019,10,15000,21.0,Convertible,Mazda
2019,10,55000,36.0,SUV,BMW
2019,10,120000,28.0,SUV,Audi
2019,10,20000,37.0,Hatchback,Toyota
2019,10,40000,47.7,SUV,Honda
2019,10,55000,37.2,Hatchback,BMW
2019,10,45000,37.5,Sedan,BMW
2019,10,80000,23.5,SUV,Audi
2019,10,65000,27.1,SUV,BMW
2019,10,120000,36.0,Convertible,Tesla
2019,10,15000,21.4,SUV,Ford
2019,10,90000,41.3,Hatchback,BMW
2019,10,18000,22.8,Sedan,Kia
2019,10,48000,25.5,SUV,Subaru
2019,10,70000,22.9,Sedan,Audi
2019,10,25000,33.9,Sedan,Toyota
2019,10,28000,46.4,Sedan,Toyota
2019,10,50000,18.9,Hatchback,Honda
2019,10,30000,30.8,Sedan,Kia
2019,10,70000,49.0,SUV,Audi
2019,10,18000,36.5,Pickup,Toyota
2019,10,20000,45.8,Sedan,Kia
2019,10,40000,26.1,SUV,Nissan
2019,10,35000,37.5,SUV,Ford
2019,11,80000,36.1,Sedan,Tesla
2019,11,70000,38.6,Hatchback,BMW
2019,11,30000,23.0,Sedan,Hyundai
2019,11,60000,33.3,SUV,Subaru
2019,11,100000,18.7,Pickup,Mercedes
2019,11,55000,47.5,SUV,Subaru
2019,11,60000,48.5,SUV,BMW
2019,11,70000,23.7,Coupe,Tesla
2019,11,38000,47.9,Coupe,Audi
2019,11,32000,42.0,SUV,Nissan
2019,11,40000,32.9,Sedan,Nissan
2019,11,40000,20.9,SUV,Honda
2019,11,60000,32.7,Coupe,Audi
2019,11,48000,18.1,SUV,Audi
2019,11,28000,24.6,SUV,Nissan
2019,11,18000,17.5,SUV,Hyundai
2019,11,70000,30.5,Coupe,BMW
2019,11,42000,26.6,Sedan,Nissan
2019,11,60000,22.4,SUV,Subaru
2019,11,22000,47.1,Coupe,Hyundai
2019,11,75000,37.3,SUV,Tesla
2019,11,20000,27.8,Sedan,Honda
2019,11,30000,30.8,Hatchback,Toyota
2019,11,55000,19.1,SUV,Toyota
2019,11,22000,40.7,Coupe,BMW
2019,11,50000,22.3,Pickup,BMW
2019,11,40000,43.5,SUV,Ford
2019,11,120000,36.1,Hatchback,BMW
2019,11,120000,37.5,SUV,Audi
2019,11,30000,34.1,Sedan,Toyota
2019,11,100000,24.3,Sedan,Mercedes
2019,11,50000,33.1,SUV,Honda
2019,11,25000,42.8,Coupe,BMW
2019,11,55000,21.2,SUV,Audi
2019,11,48000,31.7,Convertible,Subaru
2019,11,70000,34.8,Sedan,BMW
2019,11,18000,22.9,Convertible,BMW
2019,11,80000,27.7,Convertible,Mercedes
2019,11,90000,38.4,Sedan,BMW
2019,11,100000,21.8,Sedan,BMW
2019,11,65000,17.5,Sedan,BMW
2019,11,70000,45.3,Sedan,Audi
2019,11,38000,28.4,Sedan,Hyundai
2019,11,35000,29.6,Pickup,Chevrolet
2019,11,25000,45.8,Coupe,Hyundai
2019,11,55000,30.0,Sedan,BMW
2019,11,18000,28.4,SUV,Ford
2019,11,22000,42.4,Sedan,Ford
2019,11,55000,27.8,Sedan,BMW
2019,11,38000,24.6,Sedan,Ford
2019,11,28000,49.0,SUV,Nissan
2019,11,42000,40.3,Coupe,Toyota
2019,11,48000,44.1,Pickup,Subaru
2019,11,75000,43.8,SUV,BMW
2019,11,40000,32.7,Sedan,Hyundai
2019,11,30000,38.2,SUV,Toyota
2019,11,45000,26.8,SUV,Honda
2019,11,30000,39.5,SUV,Toyota
2019,11,38000,26.2,SUV,Toyota
2019,11,50000,26.6,SUV,Toyota
2019,11,32000,35.4,Hatchback,Nissan
2019,11,60000,38.9,Sedan,Toyota
2019,11,80000,23.5,SUV,BMW
2019,11,55000,43.8,Coupe,BMW
2019,11,22000,46.4,SUV,Toyota
2019,11,32000,21.7,Sedan,Hyundai
2019,11,32000,32.7,Pickup,Chevrolet
2019,11,45000,24.5,Sedan,BMW
2019,11,20000,22.5,Sedan,Chevrolet
2019,11,100000,46.0,Coupe,Mercedes
2019,11,15000,26.5,Sedan,Nissan
2019,11,70000,35.7,SUV,Mercedes
2019,11,32000,37.3,Pickup,Ford
2019,11,80000,37.5,Pickup,Mercedes
2019,11,50000,46.2,Sedan,BMW
2019,11,42000,17.1,Sedan,Honda
2019,11,55000,38.7,Coupe,Audi
2019,11,40000,41.9,SUV,Honda
2019,11,70000,19.6,SUV,BMW
2019,11,60000,19.5,Hatchback,BMW
2019,12,30000,27.3,Sedan,Nissan
2019,12,28000,26.4,Sedan,Ford
2019,12,38000,41.9,Pickup,Ford
2019,12,60000,30.0,Pickup,Toyota
2019,12,15000,46.7,SUV,Honda
2019,12,75000,35.6,Sedan,Mercedes
2019,12,55000,17.1,SUV,BMW
2019,12,120000,46.4,Sedan,BMW
2019,12,20000,39.9,Sedan,Hyundai
2019,12,15000,27.1,SUV,Toyota
2019,12,32000,41.0,Hatchback,Toyota
2019,12,120000,15.6,Coupe,Audi
2019,12,60000,27.2,SUV,Toyota
2019,12,30000,34.1,Convertible,Ford
2019,12,90000,17.3,Sedan,Audi
2019,12,42000,18.6,Sedan,Nissan
2019,12,25000,37.0,Hatchback,Ford
2019,12,18000,17.9,Pickup,Toyota
2019,12,18000,38.4,Pickup,Toyota
2019,12,30000,26.6,Convertible,BMW
2019,12,70000,24.6,SUV,BMW
2019,12,15000,15.9,Sedan,Ford
2019,12,15000,42.9,SUV,Honda
2019,12,45000,19.3,Pickup,Audi
2019,12,22000,48.7,Coupe,Toyota
2019,12,75000,44.9,SUV,Mercedes
2019,12,55000,31.8,Sedan,Toyota
2019,12,70000,49.6,Sedan,Mercedes
2019,12,22000,27.1,Sedan,Honda
2019,12,90000,18.9,SUV,Audi
2019,12,32000,32.9,Convertible,Ford
2019,12,120000,34.9,SUV,Tesla
2019,12,45000,42.9,Sedan,Audi
2019,12,75000,24.0,Coupe,Audi
2019,12,48000,16.9,Pickup,Toyota
2019,12,50000,30.6,SUV,Audi
2019,12,32000,22.5,Sedan,Toyota
2019,12,60000,32.9,SUV,BMW
2019,12,70000,45.8,SUV,Mercedes
2019,12,42000,42.9,SUV,Toyota
2019,12,80000,39.4,SUV,Mercedes
2019,12,100000,36.5,SUV,BMW
2019,12,65000,26.3,SUV,BMW
2019,12,80000,26.9,SUV,Mercedes
2019,12,25000,17.0,Coupe,BMW
2019,12,60000,30.1,SUV,Subaru
2019,12,55000,30.8,Sedan,BMW
2019,12,75000,45.7,Hatchback,Tesla
2019,12,100000,29.9,Sedan,Mercedes
2019,12,90000,49.5,SUV,BMW
2019,12,38000,39.7,SUV,Toyota
2019,12,60000,24.9,Sedan,BMW
2019,12,40000,39.4,Pickup,Chevrolet
2019,12,90000,31.5,Convertible,Audi
2019,12,18000,16.5,Pickup,Toyota
2019,12,50000,32.4,SUV,BMW
2019,12,65000,18.9,Coupe,Toyota
2019,12,75000,17.7,Pickup,Tesla
2019,12,65000,40.8,SUV,Honda
2019,12,35000,38.8,SUV,Toyota
2019,12,22000,22.6,Coupe,Audi
2019,12,35000,37.3,Convertible,Mazda
2019,12,32000,17.8,Convertible,BMW
2019,12,60000,15.0,Sedan,Toyota
2019,12,75000,27.2,SUV,Tesla
2019,12,42000,24.7,Convertible,BMW
2019,12,120000,25.5,Sedan,Mercedes
2019,12,20000,41.5,Sedan,Nissan
2019,12,60000,46.2,Sedan,BMW
2019,12,50000,42.3,Pickup,BMW
2019,12,25000,30.1,Sedan,Hyundai
2019,12,48000,18.7,Coupe,Toyota
2019,12,30000,18.7,Sedan,Toyota
2019,12,120000,43.0,Hatchback,Audi
2019,12,100000,41.5,Coupe,BMW
2019,12,42000,29.8,Hatchback,Honda
2019,12,70000,26.8,SUV,Mercedes
2019,12,50000,42.0,SUV,Toyota
2019,12,20000,41.9,SUV,Honda
2019,12,28000,49.0,Sedan,Honda
2020,1,75000,18.6,Sedan,Audi
2020,1,70000,47.6,SUV,Audi
2020,1,80000,34.9,Pickup,BMW
2020,1,90000,42.2,SUV,Audi
2020,1,80000,46.6,SUV,Tesla
2020,1,120000,15.3,SUV,BMW
2020,1,18000,23.7,Sedan,Nissan
2020,1,35000,21.8,SUV,Toyota
2020,1,28000,29.6,SUV,Hyundai
2020,1,22000,26.0,Coupe,Toyota
2020,1,32000,28.5,Coupe,Audi
2020,1,55000,44.4,SUV,Toyota
2020,1,80000,18.3,Sedan,Mercedes
2020,1,35000,20.4,Sedan,Ford
2020,1,55000,37.0,SUV,BMW
2020,1,18000,19.1,Hatchback,Toyota
2020,1,22000,40.1,SUV,Kia
2020,1,40000,26.3,Sedan,Honda
2020,1,35000,36.5,Coupe,Hyundai
2020,1,65000,19.7,SUV,Subaru
2020,1,28000,30.3,SUV,Ford
2020,1,100000,20.8,Pickup,Tesla
2020,1,100000,25.9,SUV,Tesla
2020,1,25000,48.8,Hatchback,Nissan
2020,1,55000,48.1,SUV,Toyota
2020,1,20000,25.8,Sedan,Honda
2020,1,55000,33.2,Coupe,Toyota
2020,1,42000,46.9,Hatchback,Toyota
2020,1,35000,28.2,Sedan,Honda
2020,1,22000,49.5,SUV,Toyota
2020,1,28000,22.4,Coupe,Audi
2020,1,70000,40.8,Sedan,BMW
2020,1,75000,24.7,SUV,Mercedes
2020,1,80000,45.2,Pickup,Mercedes
2020,1,38000,43.1,SUV,Nissan
2020,1,38000,18.1,SUV,Nissan
2020,1,32000,22.8,SUV,Toyota
2020,1,60000,16.1,Hatchback,BMW
2020,1,50000,27.1,Pickup,Toyota
2020,1,22000,33.0,SUV,Kia
2020,1,42000,32.4,Hatchback,Nissan
2020,1,65000,18.6,Sedan,Honda
2020,1,48000,15.3,Pickup,Audi
2020,1,45000,39.4,Sedan,Audi
2020,1,50000,30.1,Coupe,Toyota
2020,1,20000,31.4,Sedan,Honda
2020,1,60000,29.6,Hatchback,Audi
2020,1,22000,42.7,SUV,Hyundai
2020,1,38000,18.0,Convertible,Mazda
2020,1,90000,22.1,SUV,BMW
2020,1,55000,17.1,SUV,Audi
2020,1,25000,22.1,Sedan,Ford
2020,1,65000,18.8,SUV,Toyota
2020,1,20000,33.3,Hatchback,Hyundai
2020,1,80000,23.1,Hatchback,Audi
2020,1,80000,21.0,SUV,Mercedes
2020,1,60000,43.4,SUV,Toyota
2020,1,75000,32.7,SUV,Audi
2020,1,75000,25.6,SUV,Mercedes
2020,1,28000,25.8,Hatchback,Nissan
2020,1,120000,16.0,Sedan,BMW
2020,1,90000,35.9,Sedan,Tesla
2020,1,100000,15.7,Hatchback,Mercedes
2020,1,22000,47.9,Coupe,Toyota
2020,1,20000,29.7,SUV,Toyota
2020,1,60000,17.8,SUV,Toyota
2020,1,48000,46.7,Sedan,Honda
2020,1,90000,25.2,Sedan,Mercedes
2020,1,45000,46.9,Pickup,Toyota
2020,1,75000,41.8,Sedan,Mercedes
2020,1,45000,30.7,Coupe,Toyota
2020,1,42000,39.6,Pickup,Ford
2020,1,120000,17.2,Pickup,Tesla
2020,1,18000,33.9,Sedan,Ford
2020,1,55000,19.4,Pickup,BMW
2020,1,35000,49.0,SUV,Toyota
2020,1,42000,44.8,SUV,Toyota
2020,1,35000,45.1,Sedan,Honda
2020,1,28000,39.0,Coupe,Audi
2020,1,100000,15.3,SUV,Tesla
2020,2,22000,35.7,Sedan,Toyota
2020,2,40000,39.0,Coupe,BMW
2020,2,38000,42.7,Sedan,Honda
2020,2,65000,39.6,Convertible,Toyota
2020,2,40000,39.0,Coupe,BMW
2020,2,70000,36.1,Hatchback,BMW
2020,2,20000,16.5,Sedan,Nissan
2020,2,50000,20.6,SUV,Subaru
2020,2,65000,27.1,Pickup,Toyota
2020,2,48000,19.2,Sedan,Audi
2020,2,42000,25.1,Sedan,Nissan
2020,2,35000,16.0,Sedan,Toyota
2020,2,35000,15.3,SUV,Hyundai
2020,2,60000,32.5,SUV,Subaru
2020,2,70000,39.9,Sedan,BMW
2020,2,65000,22.8,Sedan,BMW
2020,2,38000,28.4,Pickup,Ford
2020,2,42000,45.1,Pickup,Chevrolet
2020,2,45000,38.9,SUV,Toyota
2020,2,55000,42.9,Sedan,BMW
2020,2,30000,49.2,Sedan,Toyota
2020,2,15000,42.9,Hatchback,Toyota
2020,2,100000,44.0,Hatchback,Mercedes
2020,2,55000,20.8,Convertible,BMW
2020,2,35000,33.2,Hatchback,Hyundai
2020,2,90000,36.6,Sedan,Audi
2020,2,48000,20.2,Sedan,Subaru
2020,2,38000,28.6,SUV,Kia
2020,2,40000,34.4,Sedan,Chevrolet
2020,2,55000,44.7,SUV,Toyota
2020,2,50000,36.5,Hatchback,BMW
2020,2,18000,15.3,Convertible,BMW
2020,2,30000,30.4,SUV,Honda
2020,2,75000,21.1,Sedan,BMW
2020,2,40000,22.1,SUV,Toyota
2020,2,100000,30.7,Hatchback,BMW
2020,2,100000,46.9,SUV,BMW
2020,2,30000,16.7,Hatchback,Chevrolet
2020,2,22000,31.1,Sedan,Honda
2020,2,35000,22.5,SUV,Nissan
2020,2,20000,20.5,Coupe,Toyota
2020,2,80000,24.5,Convertible,Audi
2020,2,80000,23.6,Sedan,Tesla
2020,2,65000,33.7,Pickup,Toyota
2020,2,40000,34.6,Hatchback,Toyota
2020,2,35000,49.6,Sedan,Ford
2020,2,15000,30.7,SUV,Toyota
2020,2,120000,18.6,Sedan,Audi
2020,2,55000,20.9,Convertible,Toyota
2020,2,80000,47.5,Pickup,Audi
2020,2,20000,45.1,Hatchback,Honda
2020,2,32000,38.7,SUV,Honda
2020,2,30000,30.9,Sedan,Toyota
2020,2,22000,18.4,Hatchback,Hyundai
2020,2,100000,40.2,Sedan,Mercedes
2020,2,100000,36.4,SUV,Tesla
2020,2,65000,38.4,SUV,Honda
2020,2,45000,20.6,SUV,BMW
2020,2,38000,28.6,Sedan,Toyota
2020,2,90000,32.6,Convertible,Audi
2020,2,42000,44.8,Sedan,Nissan
2020,2,42000,22.0,SUV,Nissan
2020,2,40000,38.2,Sedan,Chevrolet
2020,2,22000,35.6,Sedan,Honda
2020,2,50000,42.7,Convertible,Toyota
2020,2,25000,27.1,SUV,Nissan
2020,2,42000,29.1,Convertible,BMW
2020,2,55000,29.2,Pickup,Toyota
2020,2,20000,45.0,Sedan,Chevrolet
2020,2,38000,43.4,Sedan,Honda
2020,2,80000,42.7,Convertible,BMW
2020,2,40000,46.7,SUV,Honda
2020,2,100000,30.6,Convertible,BMW
2020,2,20000,20.8,SUV,Nissan
2020,2,30000,43.2,Coupe,BMW
2020,2,50000,28.3,Sedan,Toyota
2020,2,65000,44.5,SUV,BMW
2020,2,35000,29.7,Hatchback,Nissan
2020,2,30000,48.6,SUV,Toyota
2020,2,42000,20.8,Coupe,BMW
2020,3,28000,32.4,Hatchback,Honda
2020,3,22000,43.5,Coupe,Audi
2020,3,28000,40.6,Sedan,Kia
2020,3,38000,43.4,Sedan,Hyundai
2020,3,100000,19.0,SUV,Audi
2020,3,25000,40.8,Hatchback,Honda
2020,3,45000,18.0,Sedan,Toyota
2020,3,65000,43.2,Hatchback,Audi
2020,3,40000,22.9,SUV,Nissan
2020,3,45000,21.9,Sedan,Subaru
2020,3,15000,44.7,Sedan,Nissan
2020,3,32000,26.1,Pickup,Chevrolet
2020,3,120000,47.0,Convertible,Mercedes
2020,3,20000,30.1,Hatchback,Kia
2020,3,75000,16.3,Sedan,Mercedes
2020,3,75000,47.4,Hatchback,BMW
2020,3,32000,47.4,Coupe,Toyota
2020,3,75000,48.4,Pickup,BMW
2020,3,38000,25.9,Sedan,Nissan
2020,3,50000,47.9,SUV,BMW
2020,3,120000,21.2,SUV,BMW
2020,3,80000,22.8,Coupe,Audi
2020,3,38000,43.6,Coupe,Audi
2020,3,45000,37.8,SUV,BMW
2020,3,42000,40.0,Hatchback,Kia
2020,3,40000,44.1,Sedan,Toyota
2020,3,25000,19.6,SUV,Honda
2020,3,28000,31.4,Pickup,Toyota
2020,3,38000,46.6,SUV,Toyota
2020,3,55000,26.5,Coupe,Subaru
2020,3,50000,38.4,SUV,Subaru
2020,3,38000,34.3,SUV,Kia
2020,3,25000,31.5,Sedan,Toyota
2020,3,45000,40.7,Coupe,BMW
2020,3,18000,17.0,SUV,Toyota
2020,3,15000,33.4,SUV,Honda
2020,3,55000,31.0,SUV,Toyota
2020,3,22000,43.3,Pickup,Toyota
2020,3,55000,29.0,Sedan,Audi
2020,3,120000,37.6,Coupe,Audi
2020,3,15000,44.0,Hatchback,Honda
2020,3,55000,35.0,SUV,Toyota
2020,3,25000,41.2,SUV,Ford
2020,3,22000,45.3,Sedan,Kia
2020,3,60000,44.0,Pickup,BMW
2020,3,38000,24.8,Hatchback,Toyota
2020,3,32000,26.6,SUV,Toyota
2020,3,55000,16.5,SUV,Audi
2020,3,35000,19.6,SUV,Kia
2020,3,42000,44.6,Convertible,Mazda
2020,3,65000,37.4,SUV,Subaru
2020,3,60000,21.0,Sedan,Toyota
2020,3,100000,24.5,Sedan,Audi
2020,3,55000,29.6,Sedan,Audi
2020,3,20000,27.0,Sedan,Toyota
2020,3,28000,27.0,Coupe,Hyundai
2020,3,45000,32.7,SUV,Audi
2020,3,45000,20.7,Pickup,Toyota
2020,3,18000,48.3,Sedan,Kia
2020,3,35000,41.1,Sedan,Hyundai
2020,3,65000,38.9,Convertible,Toyota
2020,3,20000,35.4,SUV,Nissan
2020,3,32000,35.9,SUV,Toyota
2020,3,15000,47.3,Coupe,BMW
2020,3,90000,17.0,Sedan,Tesla
2020,3,45000,45.2,Sedan,BMW
2020,3,90000,41.6,SUV,Mercedes
2020,3,55000,42.9,SUV,Toyota
2020,3,48000,39.6,Convertible,Toyota
2020,3,25000,28.6,Pickup,Toyota
2020,3,30000,27.8,Sedan,Kia
2020,3,120000,34.5,SUV,Tesla
2020,3,50000,45.9,Sedan,BMW
2020,3,70000,23.1,Convertible,Audi
2020,3,28000,36.1,Pickup,Chevrolet
2020,3,90000,28.3,Sedan,Mercedes
2020,3,32000,31.4,SUV,Ford
2020,3,32000,37.8,Convertible,Mazda
2020,3,20000,27.2,SUV,Kia
2020,3,75000,40.1,SUV,BMW
2020,4,22000,23.8,SUV,Hyundai
2020,4,75000,32.6,Coupe,Mercedes
2020,4,50000,45.6,Pickup,Honda
2020,4,20000,47.0,SUV,Honda
2020,4,100000,49.3,Sedan,Audi
2020,4,100000,49.1,Coupe,Mercedes
2020,4,75000,38.0,Sedan,Tesla
2020,4,32000,28.9,Sedan,Nissan
2020,4,28000,34.9,Hatchback,Nissan
2020,4,50000,31.0,Hatchback,Audi
2020,4,100000,41.3,Hatchback,Tesla
2020,4,35000,34.8,Sedan,Toyota
2020,4,100000,34.5,SUV,Audi
2020,4,25000,34.7,SUV,Kia
2020,4,70000,25.3,SUV,Mercedes
2020,4,90000,46.8,Pickup,Tesla
2020,4,100000,48.2,Pickup,Mercedes
2020,4,80000,46.3,Sedan,Tesla
2020,4,60000,26.1,Pickup,Honda
2020,4,60000,24.7,Coupe,Subaru
2020,4,100000,31.0,SUV,Mercedes
2020,4,38000,18.4,Convertible,Mazda
2020,4,65000,19.5,Hatchback,Honda
2020,4,48000,23.0,Convertible,Toyota
2020,4,35000,32.9,Sedan,Nissan
2020,4,55000,20.7,Convertible,Toyota
2020,4,90000,17.0,Hatchback,Mercedes
2020,4,30000,40.7,Sedan,Kia
2020,4,75000,26.0,Sedan,Audi
2020,4,50000,20.5,Sedan,Honda
2020,4,100000,43.2,SUV,Audi
2020,4,50000,26.5,Coupe,Audi
2020,4,45000,29.9,SUV,Audi
2020,4,22000,27.9,Sedan,Toyota
2020,4,20000,23.1,SUV,Toyota
2020,4,70000,38.1,Convertible,Tesla
2020,4,55000,32.0,SUV,Toyota
2020,4,80000,45.2,Pickup,BMW
2020,4,120000,42.4,Sedan,Audi
2020,4,60000,19.9,SUV,Subaru
2020,4,18000,30.4,SUV,Honda
2020,4,28000,37.8,Sedan,Honda
2020,4,40000,41.2,Coupe,BMW
2020,4,28000,39.3,SUV,Honda
2020,4,75000,24.3,SUV,Audi
2020,4,38000,33.5,SUV,Toyota
2020,4,48000,15.8,Sedan,BMW
2020,4,42000,19.2,Hatchback,Hyundai
2020,4,20000,49.2,SUV,Toyota
2020,4,40000,19.7,Pickup,Ford
2020,4,100000,18.5,Pickup,Tesla
2020,4,90000,34.1,SUV,BMW
2020,4,55000,16.1,SUV,BMW
2020,4,45000,23.1,Hatchback,Toyota
2020,4,100000,27.7,Sedan,Audi
2020,4,22000,25.8,Sedan,Honda
2020,4,90000,41.5,Hatchback,Mercedes
2020,4,80000,38.3,Sedan,BMW
2020,4,22000,23.6,SUV,Kia
2020,4,20000,49.2,SUV,Hyundai
2020,4,40000,48.7,Convertible,Mazda
2020,4,70000,25.6,Sedan,Audi
2020,4,60000,21.0,Sedan,BMW
2020,4,100000,42.2,Coupe,BMW
2020,4,42000,45.5,Sedan,Nissan
2020,4,45000,18.9,Pickup,Subaru
2020,4,32000,38.0,Pickup,Ford
2020,4,28000,17.5,Sedan,Honda
2020,4,120000,32.4,SUV,BMW
2020,4,100000,40.4,Sedan,Audi
2020,4,28000,35.2,Convertible,Mazda
2020,4,25000,26.8,SUV,Kia
2020,4,20000,38.9,SUV,Nissan
2020,4,20000,33.0,Coupe,Hyundai
2020,4,50000,17.9,SUV,Subaru
2020,4,22000,39.1,Hatchback,Nissan
2020,4,45000,17.0,Pickup,Subaru
2020,4,18000,16.5,SUV,Honda
2020,4,70000,18.8,Sedan,BMW
2020,4,18000,45.6,SUV,Ford
2020,5,50000,37.8,Pickup,Audi
2020,5,25000,23.9,Coupe,Audi
2020,5,48000,42.0,Sedan,BMW
2020,5,18000,42.4,Sedan,Honda
2020,5,30000,28.4,Convertible,Mazda
2020,5,42000,35.4,SUV,Hyundai
2020,5,70000,22.7,Sedan,Mercedes
2020,5,45000,21.7,SUV,Audi
2020,5,60000,20.2,Sedan,BMW
2020,5,45000,18.1,Convertible,Toyota
2020,5,35000,46.1,Hatchback,Toyota
2020,5,80000,48.4,Hatchback,Audi
2020,5,60000,44.2,Coupe,Honda
2020,5,42000,37.4,SUV,Hyundai
2020,5,48000,23.6,SUV,Toyota
2020,5,38000,17.8,Sedan,Ford
2020,5,28000,22.2,Sedan,Honda
2020,5,35000,49.5,Pickup,Ford
2020,5,65000,26.3,Sedan,Audi
2020,5,90000,24.4,SUV,Tesla
2020,5,75000,49.0,Pickup,BMW
2020,5,70000,23.0,Coupe,Audi
2020,5,42000,22.2,Sedan,Chevrolet
2020,5,65000,26.3,Pickup,Audi
2020,5,38000,17.9,Convertible,Mazda
2020,5,32000,44.9,Hatchback,Toyota
2020,5,50000,48.3,Coupe,BMW
2020,5,15000,17.1,Coupe,Toyota
2020,5,42000,44.2,Convertible,Ford
2020,5,75000,21.5,Sedan,Mercedes
2020,5,55000,20.1,Sedan,Honda
2020,5,90000,37.4,Sedan,Mercedes
2020,5,25000,30.4,SUV,Toyota
2020,5,45000,47.7,SUV,Audi
2020,5,32000,19.5,SUV,Hyundai
2020,5,120000,21.2,SUV,BMW
2020,5,40000,49.8,Pickup,Chevrolet
2020,5,35000,24.4,Sedan,Chevrolet
2020,5,42000,33.4,SUV,Hyundai
2020,5,55000,23.6,Hatchback,Honda
2020,5,40000,36.1,Pickup,Toyota
2020,5,20000,17.2,SUV,Nissan
2020,5,25000,45.7,Coupe,BMW
2020,5,25000,23.2,Sedan,Honda
2020,5,80000,39.2,Pickup,Audi
2020,5,70000,48.0,SUV,BMW
2020,5,65000,45.4,SUV,Toyota
2020,5,80000,46.7,SUV,BMW
2020,5,32000,34.2,Sedan,Toyota
2020,5,90000,29.9,Convertible,BMW
2020,5,45000,27.0,Coupe,Toyota
2020,5,80000,17.9,Hatchback,Tesla
2020,5,40000,27.8,SUV,Nissan
2020,5,25000,30.5,Hatchback,Honda
2020,5,42000,21.4,Convertible,Ford
2020,5,28000,24.9,SUV,Kia
2020,5,32000,30.7,Convertible,BMW
2020,5,100000,44.5,Pickup,Tesla
2020,5,48000,27.9,Coupe,Honda
2020,5,48000,19.8,SUV,BMW
2020,5,22000,43.1,Sedan,Ford
2020,5,32000,46.4,Sedan,Hyundai
2020,5,40000,37.7,SUV,Ford
2020,5,35000,39.0,Hatchback,Hyundai
2020,5,80000,24.7,Sedan,BMW
2020,5,22000,39.1,Pickup,Ford
2020,5,25000,26.0,SUV,Nissan
2020,5,70000,25.5,SUV,Mercedes
2020,5,100000,39.0,Convertible,Tesla
2020,5,45000,30.4,Pickup,Audi
2020,5,45000,45.8,SUV,Toyota
2020,5,55000,18.5,SUV,BMW
2020,5,25000,29.7,SUV,Hyundai
2020,5,28000,32.6,Pickup,Chevrolet
2020,5,75000,46.9,SUV,Audi
2020,5,60000,31.2,SUV,Audi
2020,5,45000,19.4,Convertible,Honda
2020,5,50000,32.1,SUV,Toyota
2020,5,25000,41.6,Sedan,Hyundai
2020,5,40000,49.5,Sedan,Hyundai
2020,6,90000,48.2,Sedan,Audi
2020,6,30000,48.5,Sedan,Honda
2020,6,42000,20.1,Sedan,Honda
2020,6,35000,22.8,Sedan,Toyota
2020,6,70000,42.9,SUV,Tesla
2020,6,20000,21.5,Convertible,Mazda
2020,6,75000,38.4,Coupe,Mercedes
2020,6,38000,25.4,Hatchback,Chevrolet
2020,6,100000,25.4,Coupe,BMW
2020,6,90000,44.1,Pickup,BMW
2020,6,55000,17.6,SUV,BMW
2020,6,55000,37.6,Sedan,Audi
2020,6,30000,16.1,Sedan,Chevrolet
2020,6,38000,23.2,Convertible,Mazda
2020,6,30000,31.0,Sedan,Nissan
2020,6,70000,33.2,Sedan,Audi
2020,6,60000,38.3,SUV,Subaru
2020,6,20000,38.2,Convertible,Mazda
2020,6,80000,15.4,Hatchback,Audi
2020,6,35000,41.7,Coupe,Hyundai
2020,6,30000,46.6,Coupe,Hyundai
2020,6,120000,40.5,SUV,Mercedes
2020,6,30000,19.0,SUV,Toyota
2020,6,25000,46.6,Sedan,Toyota
2020,6,18000,41.1,Hatchback,Chevrolet
2020,6,28000,22.1,Coupe,Audi
2020,6,22000,28.1,SUV,Kia
2020,6,25000,26.7,Sedan,Toyota
2020,6,30000,36.9,SUV,Hyundai
2020,6,50000,34.8,SUV,Subaru
2020,6,70000,48.4,Sedan,Mercedes
2020,6,65000,24.8,SUV,Toyota
2020,6,40000,20.0,SUV,Toyota
2020,6,80000,32.9,Pickup,BMW
2020,6,65000,35.3,Sedan,Toyota
2020,6,120000,33.5,Convertible,Audi
2020,6,18000,24.9,Coupe,Audi
2020,6,42000,21.7,Sedan,Hyundai
2020,6,45000,22.7,SUV,Audi
2020,6,38000,43.2,Hatchback,Ford
2020,6,42000,24.2,Pickup,Ford
2020,6,80000,25.8,Sedan,BMW
2020,6,70000,29.1,Sedan,Mercedes
2020,6,55000,34.1,Sedan,BMW
2020,6,120000,24.6,Convertible,BMW
2020,6,25000,47.3,Hatchback,Nissan
2020,6,50000,49.2,SUV,Honda
2020,6,42000,37.0,SUV,Ford
2020,6,30000,22.6,Sedan,Ford
2020,6,38000,16.4,Hatchback,Nissan
2020,6,15000,49.0,Hatchback,Ford
2020,6,18000,18.5,Sedan,Nissan
2020,6,20000,45.7,Pickup,Ford
2020,6,60000,42.7,Hatchback,Subaru
2020,6,35000,34.5,Hatchback,Chevrolet
2020,6,40000,23.9,SUV,Hyundai
2020,6,30000,44.1,SUV,Toyota
2020,6,18000,17.0,Coupe,Toyota
2020,6,20000,36.6,SUV,Toyota
2020,6,18000,40.8,SUV,Hyundai
2020,6,48000,47.3,SUV,Honda
2020,6,55000,29.6,Hatchback,Audi
2020,6,45000,25.7,SUV,BMW
2020,6,100000,36.8,SUV,BMW
2020,6,90000,45.3,Coupe,BMW
2020,6,20000,28.3,Hatchback,Toyota
2020,6,55000,18.6,Sedan,Audi
2020,6,70000,31.0,SUV,BMW
2020,6,100000,46.6,Sedan,Tesla
2020,6,15000,21.2,Sedan,Toyota
2020,6,50000,44.1,Sedan,BMW
2020,6,45000,42.9,Sedan,BMW
2020,6,120000,28.0,SUV,Tesla
2020,6,32000,22.9,Hatchback,Nissan
2020,6,45000,30.8,Pickup,Toyota
2020,6,90000,15.5,Sedan,Audi
2020,6,42000,49.6,Sedan,Honda
2020,6,18000,32.8,Coupe,BMW
2020,6,45000,19.7,Coupe,Audi
2020,6,32000,38.6,Sedan,Honda
2020,7,20000,33.2,Convertible,BMW
2020,7,100000,40.9,SUV,Tesla
2020,7,38000,16.8,SUV,Hyundai
2020,7,55000,34.2,Pickup,Audi
2020,7,60000,33.7,Sedan,Audi
2020,7,18000,28.8,Sedan,Hyundai
2020,7,18000,35.2,SUV,Honda
2020,7,45000,46.6,Sedan,Toyota
2020,7,20000,28.4,Sedan,Toyota
2020,7,15000,46.9,Sedan,Chevrolet
2020,7,80000,28.2,SUV,Mercedes
2020,7,75000,49.1,Sedan,Audi
2020,7,75000,21.8,SUV,Mercedes
2020,7,30000,24.1,Coupe,BMW
2020,7,20000,48.3,SUV,Hyundai
2020,7,45000,43.6,Sedan,Toyota
2020,7,55000,34.7,Hatchback,Audi
2020,7,90000,28.1,Convertible,Mercedes
2020,7,15000,34.2,SUV,Ford
2020,7,50000,22.0,SUV,BMW
2020,7,20000,15.6,SUV,Toyota
2020,7,65000,35.3,SUV,BMW
2020,7,20000,43.2,SUV,Toyota
2020,7,18000,17.3,Pickup,Toyota
2020,7,70000,31.4,Convertible,Tesla
2020,7,40000,33.4,Convertible,Ford
2020,7,25000,23.8,Hatchback,Chevrolet
2020,7,30000,16.7,Sedan,Hyundai
2020,7,22000,16.2,SUV,Nissan
2020,7,20000,15.7,Sedan,Nissan
2020,7,35000,30.6,Coupe,Toyota
2020,7,50000,25.9,SUV,Toyota
2020,7,25000,32.4,SUV,Hyundai
2020,7,75000,45.8,SUV,Audi
2020,7,40000,30.8,SUV,Honda
2020,7,40000,28.1,Sedan,Chevrolet
2020,7,65000,21.4,SUV,Subaru
2020,7,32000,42.8,SUV,Hyundai
2020,7,55000,48.0,Sedan,Audi
2020,7,32000,48.2,Hatchback,Toyota
2020,7,28000,36.3,Coupe,BMW
2020,7,20000,46.4,Pickup,Chevrolet
2020,7,32000,26.7,Sedan,Toyota
2020,7,38000,40.1,SUV,Nissan
2020,7,80000,43.9,Hatchback,Tesla
2020,7,22000,43.7,Sedan,Ford
2020,7,80000,15.8,Sedan,Tesla
2020,7,28000,39.2,Convertible,Mazda
2020,7,80000,16.9,SUV,Tesla
2020,7,15000,26.6,SUV,Honda
2020,7,15000,39.6,SUV,Ford
2020,7,48000,30.0,Coupe,Toyota
2020,7,48000,25.6,Hatchback,Audi
2020,7,90000,28.4,Coupe,Mercedes
2020,7,80000,28.4,Convertible,Mercedes
2020,7,70000,42.0,SUV,BMW
2020,7,38000,19.1,Pickup,Ford
2020,7,30000,19.9,Sedan,Hyundai
2020,7,90000,38.3,SUV,Mercedes
2020,7,18000,36.4,Hatchback,Ford
2020,7,75000,30.7,Pickup,Audi
2020,7,48000,28.7,SUV,Audi
2020,7,30000,16.0,Pickup,Ford
2020,7,25000,35.3,SUV,Toyota
2020,7,38000,31.0,Convertible,BMW
2020,7,50000,44.9,Sedan,Honda
2020,7,70000,37.1,Coupe,Mercedes
2020,7,22000,15.2,Hatchback,Toyota
2020,7,70000,18.1,SUV,Audi
2020,7,120000,43.4,Convertible,Mercedes
2020,7,28000,25.7,Hatchback,Toyota
2020,7,32000,18.5,Coupe,BMW
2020,7,35000,32.9,Hatchback,Ford
2020,7,30000,15.4,Pickup,Chevrolet
2020,7,50000,49.7,Pickup,Audi
2020,7,80000,40.4,SUV,Tesla
2020,7,15000,23.9,Sedan,Honda
2020,7,18000,32.4,Sedan,Nissan
2020,7,90000,15.3,Sedan,Tesla
2020,7,120000,43.5,Sedan,BMW
2020,8,35000,47.8,SUV,Honda
2020,8,15000,27.7,Sedan,Toyota
2020,8,42000,26.2,SUV,Hyundai
2020,8,40000,30.8,Sedan,Honda
2020,8,80000,31.1,Coupe,Mercedes
2020,8,38000,32.8,SUV,Hyundai
2020,8,42000,41.0,Hatchback,Toyota
2020,8,55000,30.8,SUV,Toyota
2020,8,50000,37.2,Pickup,Toyota
2020,8,80000,31.6,Pickup,Audi
2020,8,120000,31.5,Sedan,BMW
2020,8,45000,33.4,SUV,Toyota
2020,8,30000,21.1,Hatchback,Hyundai
2020,8,70000,44.9,Coupe,BMW
2020,8,65000,26.5,Sedan,Audi
2020,8,32000,44.2,SUV,Toyota
2020,8,22000,44.1,SUV,Kia
2020,8,120000,26.0,SUV,Audi
2020,8,30000,41.7,Hatchback,Nissan
2020,8,120000,36.9,Sedan,Mercedes
2020,8,25000,20.7,SUV,Toyota
2020,8,25000,47.6,Sedan,Hyundai
2020,8,25000,48.3,Sedan,Nissan
2020,8,25000,16.4,SUV,Kia
2020,8,70000,24.3,Pickup,Audi
2020,8,60000,35.5,Hatchback,Audi
2020,8,32000,38.3,Sedan,Chevrolet
2020,8,15000,18.6,SUV,Toyota
2020,8,30000,40.9,SUV,Honda
2020,8,100000,22.9,Hatchback,BMW
2020,8,20000,44.6,Pickup,Chevrolet
2020,8,20000,15.5,SUV,Kia
2020,8,80000,41.7,Pickup,Mercedes
2020,8,18000,43.4,SUV,Hyundai
2020,8,100000,19.5,Hatchback,Mercedes
2020,8,70000,22.5,SUV,Mercedes
2020,8,75000,41.0,Pickup,BMW
2020,8,32000,38.4,SUV,Toyota
2020,8,38000,35.7,SUV,Toyota
2020,8,48000,34.3,Sedan,Audi
2020,8,20000,48.8,Pickup,Ford
2020,8,75000,47.2,SUV,Mercedes
2020,8,100000,27.2,Coupe,Mercedes
2020,8,15000,22.0,Coupe,Audi
2020,8,35000,40.1,SUV,Hyundai
2020,8,60000,20.1,Sedan,Toyota
2020,8,65000,39.0,Sedan,Honda
2020,8,22000,23.7,Sedan,Ford
2020,8,15000,41.8,Hatchback,Toyota
2020,8,18000,33.9,Sedan,Ford
2020,8,50000,40.6,Coupe,Honda
2020,8,42000,35.8,Coupe,Audi
2020,8,70000,42.3,SUV,BMW
2020,8,30000,45.0,Sedan,Nissan
2020,8,30000,40.0,Pickup,Ford
2020,8,80000,48.7,Coupe,Tesla
2020,8,22000,29.8,SUV,Honda
2020,8,15000,16.1,Sedan,Hyundai
2020,8,35000,35.9,SUV,Honda
2020,8,50000,23.0,Sedan,BMW
2020,8,70000,42.6,Sedan,Tesla
2020,8,80000,20.7,SUV,Audi
2020,8,70000,42.1,Convertible,Tesla
2020,8,28000,33.1,SUV,Hyundai
2020,8,120000,41.1,Convertible,BMW
2020,8,20000,36.1,SUV,Ford
2020,8,40000,35.0,Sedan,Toyota
2020,8,80000,23.3,Sedan,Tesla
2020,8,32000,38.3,SUV,Ford
2020,8,42000,43.3,Coupe,Hyundai
2020,8,90000,49.0,Hatchback,BMW
2020,8,100000,42.2,SUV,Mercedes
2020,8,20000,34.3,Sedan,Ford
2020,8,75000,25.0,Hatchback,Audi
2020,8,50000,39.0,SUV,Audi
2020,8,18000,45.0,Convertible,Mazda
2020,8,100000,47.4,Pickup,Tesla
2020,8,15000,33.6,Sedan,Toyota
2020,8,65000,37.3,Coupe,Honda
2020,8,60000,24.6,Coupe,Subaru
2020,9,42000,15.1,Sedan,Nissan
2020,9,22000,29.1,Sedan,Honda
2020,9,40000,16.0,Sedan,Kia
2020,9,42000,48.5,SUV,Honda
2020,9,40000,39.0,Sedan,Nissan
2020,9,80000,43.7,Hatchback,Mercedes
2020,9,55000,36.6,SUV,Honda
2020,9,25000,49.4,Sedan,Honda
2020,9,42000,23.8,SUV,Honda
2020,9,48000,24.4,Pickup,BMW
2020,9,60000,25.9,SUV,Subaru
2020,9,60000,48.1,Pickup,BMW
2020,9,70000,32.7,Sedan,Mercedes
2020,9,80000,28.5,SUV,Mercedes
2020,9,75000,26.2,Convertible,Tesla
2020,9,45000,19.1,Sedan,BMW
2020,9,90000,27.1,SUV,Mercedes
2020,9,90000,48.7,Sedan,BMW
2020,9,30000,37.1,Convertible,Mazda
2020,9,30000,31.4,Sedan,Honda
2020,9,30000,33.4,SUV,Honda
2020,9,32000,25.0,Hatchback,Toyota
2020,9,28000,17.4,SUV,Honda
2020,9,40000,25.9,Sedan,Toyota
2020,9,20000,29.5,SUV,Toyota
2020,9,50000,20.1,SUV,Toyota
2020,9,15000,16.0,Sedan,Toyota
2020,9,70000,37.2,SUV,Audi
2020,9,55000,15.9,Sedan,Subaru
2020,9,65000,35.8,SUV,BMW
2020,9,45000,37.1,SUV,Subaru
2020,9,75000,33.6,SUV,Mercedes
2020,9,55000,44.2,SUV,Toyota
2020,9,55000,36.1,SUV,Honda
2020,9,25000,17.1,SUV,Hyundai
2020,9,80000,21.7,Sedan,BMW
2020,9,38000,47.5,Sedan,Hyundai
2020,9,48000,28.0,Sedan,Honda
2020,9,18000,28.3,SUV,Honda
2020,9,25000,40.1,Hatchback,Toyota
2020,9,30000,16.3,Convertible,Mazda
2020,9,20000,31.7,Sedan,Hyundai
2020,9,100000,43.7,Sedan,Audi
2020,9,50000,17.9,Sedan,Audi
2020,9,50000,42.2,SUV,Audi
2020,9,35000,36.1,Hatchback,Nissan
2020,9,48000,42.0,Sedan,Audi
2020,9,70000,34.7,SUV,Mercedes
2020,9,90000,17.2,SUV,Audi
2020,9,65000,34.4,Sedan,Audi
2020,9,100000,37.8,Coupe,BMW
2020,9,90000,22.2,SUV,BMW
2020,9,38000,34.4,Sedan,Nissan
2020,9,30000,47.3,SUV,Toyota
2020,9,100000,22.3,Pickup,BMW
2020,9,18000,19.1,Pickup,Chevrolet
2020,9,50000,30.8,Convertible,Toyota
2020,9,80000,26.8,Sedan,BMW
2020,9,32000,39.6,SUV,Nissan
2020,9,55000,23.2,Sedan,Audi
2020,9,15000,34.0,SUV,Toyota
2020,9,120000,42.8,Pickup,Mercedes
2020,9,60000,27.8,Coupe,Toyota
2020,9,30000,34.2,SUV,Honda
2020,9,65000,29.1,SUV,Subaru
2020,9,80000,24.6,Sedan,BMW
2020,9,35000,37.4,SUV,Hyundai
2020,9,48000,17.6,Sedan,Honda
2020,9,60000,25.1,Coupe,Honda
2020,9,80000,30.6,SUV,Mercedes
2020,9,30000,38.5,Pickup,Chevrolet
2020,9,28000,35.3,Sedan,Toyota
2020,9,25000,22.9,Hatchback,Hyundai
2020,9,18000,24.3,SUV,Ford
2020,9,60000,25.5,Sedan,Honda
2020,9,120000,25.3,Sedan,Tesla
2020,9,28000,42.2,Hatchback,Toyota
2020,9,45000,20.8,Sedan,Honda
2020,9,90000,38.0,Pickup,BMW
2020,9,75000,37.5,Sedan,Tesla
2020,10,80000,23.5,SUV,Tesla
2020,10,65000,21.6,Convertible,Audi
2020,10,40000,33.7,SUV,Hyundai
2020,10,100000,33.8,Pickup,Audi
2020,10,65000,27.7,Sedan,Subaru
2020,10,20000,41.7,Coupe,Hyundai
2020,10,30000,37.8,Hatchback,Nissan
2020,10,20000,15.8,Sedan,Nissan
2020,10,32000,41.4,Coupe,Toyota
2020,10,80000,32.7,SUV,Mercedes
2020,10,65000,16.6,SUV,Toyota
2020,10,80000,39.1,SUV,BMW
2020,10,50000,19.3,Pickup,Honda
2020,10,100000,37.0,SUV,Audi
2020,10,35000,48.1,SUV,Honda
2020,10,120000,21.8,Hatchback,Mercedes
2020,10,120000,41.3,Sedan,BMW
2020,10,28000,24.5,Pickup,Toyota
2020,10,18000,25.6,Sedan,Honda
2020,10,100000,17.0,Pickup,Audi
2020,10,32000,42.1,Sedan,Honda
2020,10,42000,15.5,SUV,Hyundai
2020,10,32000,26.0,Sedan,Nissan
2020,10,40000,39.4,Sedan,Nissan
2020,10,35000,47.9,SUV,Toyota
2020,10,55000,18.9,Sedan,BMW
2020,10,22000,37.8,Hatchback,Hyundai
2020,10,32000,48.1,Sedan,Nissan
2020,10,50000,27.2,Sedan,Toyota
2020,10,15000,42.9,Sedan,Hyundai
2020,10,32000,48.3,Sedan,Hyundai
2020,10,22000,45.2,Pickup,Toyota
2020,10,40000,30.0,SUV,Ford
2020,10,30000,20.2,Hatchback,Toyota
2020,10,55000,30.2,Convertible,Toyota
2020,10,75000,32.4,Sedan,Mercedes
2020,10,55000,33.5,Sedan,Toyota
2020,10,50000,40.4,Sedan,Audi
2020,10,25000,16.6,Hatchback,Toyota
2020,10,18000,19.0,Hatchback,Nissan
2020,10,55000,24.3,SUV,Audi
2020,10,48000,25.6,Hatchback,Honda
2020,10,80000,45.5,Sedan,Mercedes
2020,10,20000,47.3,Pickup,Chevrolet
2020,10,55000,24.2,Sedan,BMW
2020,10,20000,32.1,Coupe,BMW
2020,10,100000,41.6,Hatchback,BMW
2020,10,100000,46.7,Coupe,Mercedes
2020,10,120000,31.4,SUV,Tesla
2020,10,35000,18.9,Sedan,Nissan
2020,10,45000,32.2,Sedan,Subaru
2020,10,100000,16.2,Sedan,Audi
2020,10,50000,49.7,SUV,Audi
2020,10,55000,26.2,Hatchback,BMW
2020,10,100000,34.0,Hatchback,Tesla
2020,10,70000,23.0,Sedan,Tesla
2020,10,22000,32.4,Convertible,Mazda
2020,10,100000,43.1,SUV,Audi
2020,10,15000,44.5,Sedan,Nissan
2020,10,75000,41.4,Sedan,Mercedes
2020,10,20000,27.1,Coupe,Audi
2020,10,60000,45.7,SUV,BMW
2020,10,30000,43.7,SUV,Honda
2020,10,42000,41.8,Pickup,Ford
2020,10,50000,36.6,Sedan,Honda
2020,10,75000,22.0,Sedan,Audi
2020,10,15000,42.5,SUV,Hyundai
2020,10,65000,22.8,SUV,Toyota
2020,10,22000,42.4,Sedan,Kia
2020,10,48000,36.2,Coupe,Subaru
2020,10,50000,18.0,SUV,Audi
2020,10,18000,21.1,Coupe,Toyota
2020,10,20000,39.6,Sedan,Nissan
2020,10,42000,41.1,Coupe,BMW
2020,10,45000,29.3,SUV,Honda
2020,10,60000,26.0,Pickup,Toyota
2020,10,25000,16.8,Pickup,Toyota
2020,10,100000,42.5,Sedan,Tesla
2020,10,55000,44.8,Hatchback,Honda
2020,10,48000,18.5,Pickup,Audi
2020,11,55000,49.7,Pickup,Subaru
2020,11,75000,43.1,SUV,BMW
2020,11,38000,26.0,Sedan,Nissan
2020,11,32000,48.1,Pickup,Toyota
2020,11,30000,25.6,Sedan,Ford
2020,11,42000,23.2,Pickup,Ford
2020,11,30000,24.3,SUV,Kia
2020,11,120000,22.9,Coupe,Mercedes
2020,11,35000,21.3,Sedan,Honda
2020,11,42000,40.3,Coupe,Toyota
2020,11,100000,36.5,SUV,BMW
2020,11,60000,32.8,SUV,Audi
2020,11,75000,30.2,Pickup,Audi
2020,11,28000,37.0,Sedan,Hyundai
2020,11,70000,46.0,Sedan,BMW
2020,11,55000,28.7,SUV,BMW
2020,11,65000,33.1,SUV,Toyota
2020,11,20000,29.1,Sedan,Ford
2020,11,15000,26.1,Hatchback,Nissan
2020,11,80000,17.0,Sedan,BMW
2020,11,90000,17.3,Hatchback,BMW
2020,11,45000,19.5,SUV,Toyota
2020,11,100000,20.9,Coupe,BMW
2020,11,35000,16.8,Sedan,Ford
2020,11,80000,29.8,Sedan,Tesla
2020,11,60000,45.7,SUV,Audi
2020,11,65000,38.9,Sedan,Honda
2020,11,65000,15.1,Pickup,Honda
2020,11,32000,30.9,Sedan,Nissan
2020,11,40000,37.5,Sedan,Nissan
2020,11,48000,26.1,Sedan,Audi
2020,11,42000,30.4,Convertible,BMW
2020,11,80000,21.7,Sedan,Audi
2020,11,75000,31.9,Coupe,Tesla
2020,11,80000,27.2,SUV,BMW
2020,11,50000,40.1,Pickup,Subaru
2020,11,35000,47.5,Hatchback,Toyota
2020,11,22000,22.1,SUV,Kia
2020,11,32000,23.3,SUV,Ford
2020,11,40000,28.1,Sedan,Toyota
2020,11,25000,16.8,Hatchback,Chevrolet
2020,11,38000,43.3,Convertible,Mazda
2020,11,90000,28.9,Sedan,Tesla
2020,11,25000,29.3,Sedan,Toyota
2020,11,20000,37.7,Hatchback,Ford
2020,11,18000,47.1,Coupe,Audi
2020,11,30000,49.6,SUV,Toyota
2020,11,90000,26.0,SUV,BMW
2020,11,20000,35.3,Coupe,Toyota
2020,11,18000,35.0,Hatchback,Toyota
2020,11,60000,43.1,SUV,Toyota
2020,11,60000,28.6,SUV,Audi
2020,11,55000,39.3,SUV,Toyota
2020,11,90000,44.0,Hatchback,BMW
2020,11,32000,16.6,SUV,Kia
2020,11,20000,33.6,Sedan,Toyota
2020,11,35000,47.6,Sedan,Toyota
2020,11,55000,37.5,SUV,BMW
2020,11,100000,48.9,Pickup,Mercedes
2020,11,75000,32.2,Hatchback,Mercedes
2020,11,45000,18.7,Pickup,Honda
2020,11,48000,37.7,Coupe,Audi
2020,11,65000,16.2,Sedan,Subaru
2020,11,45000,26.7,SUV,Honda
2020,11,38000,31.2,Sedan,Ford
2020,11,38000,49.9,Sedan,Honda
2020,11,60000,36.4,Convertible,BMW
2020,11,65000,26.3,Sedan,BMW
2020,11,22000,19.7,Pickup,Toyota
2020,11,90000,42.7,Convertible,Audi
2020,11,30000,42.8,SUV,Toyota
2020,11,65000,33.0,Sedan,BMW
2020,11,30000,41.8,Convertible,Mazda
2020,11,25000,27.6,SUV,Honda
2020,11,70000,41.3,Pickup,Mercedes
2020,11,25000,37.7,Coupe,Audi
2020,11,55000,37.5,SUV,Toyota
2020,11,75000,26.4,SUV,Tesla
2020,11,100000,48.8,Coupe,Mercedes
2020,11,90000,38.4,Sedan,BMW
2020,12,120000,46.6,SUV,Tesla
2020,12,75000,45.3,Pickup,Audi
2020,12,18000,34.7,SUV,Ford
2020,12,25000,41.5,SUV,Toyota
2020,12,75000,24.3,Pickup,BMW
2020,12,45000,25.8,SUV,Audi
2020,12,25000,26.5,Sedan,Honda
2020,12,75000,17.9,Sedan,BMW
2020,12,120000,49.7,Sedan,Tesla
2020,12,30000,47.8,Sedan,Toyota
2020,12,20000,42.0,Pickup,Toyota
2020,12,32000,18.6,SUV,Toyota
2020,12,25000,18.4,Hatchback,Honda
2020,12,35000,45.0,Sedan,Nissan
2020,12,38000,34.3,Coupe,BMW
2020,12,50000,32.7,Coupe,Toyota
2020,12,50000,23.3,Sedan,BMW
2020,12,75000,27.7,Sedan,Audi
2020,12,80000,43.6,Hatchback,BMW
2020,12,15000,34.2,Pickup,Toyota
2020,12,42000,38.7,Sedan,Ford
2020,12,45000,31.8,SUV,Toyota
2020,12,80000,16.5,Sedan,Audi
2020,12,38000,16.8,Hatchback,Toyota
2020,12,40000,38.7,SUV,Nissan
2020,12,40000,48.7,SUV,Honda
2020,12,90000,36.5,Sedan,Audi
2020,12,45000,18.1,SUV,BMW
2020,12,35000,32.0,Sedan,Toyota
2020,12,60000,37.9,Hatchback,Honda
2020,12,50000,42.7,SUV,Toyota
2020,12,30000,49.7,Sedan,Chevrolet
2020,12,70000,17.5,Coupe,BMW
2020,12,70000,42.2,SUV,BMW
2020,12,50000,18.0,Hatchback,BMW
2020,12,32000,18.5,SUV,Nissan
2020,12,15000,26.5,Pickup,Chevrolet
2020,12,55000,20.0,Sedan,Toyota
2020,12,30000,27.3,Sedan,Nissan
2020,12,15000,46.3,SUV,Kia
2020,12,65000,36.6,SUV,Toyota
2020,12,25000,15.4,Hatchback,Toyota
2020,12,18000,24.8,Convertible,BMW
2020,12,120000,19.6,Sedan,BMW
2020,12,45000,31.5,Coupe,Toyota
2020,12,28000,35.4,Sedan,Toyota
2020,12,65000,39.0,SUV,Honda
2020,12,22000,34.3,Hatchback,Ford
2020,12,55000,28.3,Coupe,BMW
2020,12,90000,21.9,Convertible,Tesla
2020,12,120000,42.3,Sedan,Tesla
2020,12,22000,46.3,SUV,Honda
2020,12,30000,15.1,Sedan,Hyundai
2020,12,30000,15.5,Sedan,Ford
2020,12,55000,41.1,Hatchback,Honda
2020,12,28000,22.2,SUV,Honda
2020,12,25000,49.7,SUV,Nissan
2020,12,22000,44.3,SUV,Nissan
2020,12,48000,22.4,Sedan,Toyota
2020,12,60000,49.8,SUV,Honda
2020,12,75000,32.7,Coupe,Mercedes
2020,12,65000,22.2,SUV,Audi
2020,12,28000,30.3,Sedan,Ford
2020,12,30000,41.1,Hatchback,Honda
2020,12,30000,25.0,Sedan,Toyota
2020,12,60000,33.1,SUV,BMW
2020,12,45000,42.9,Coupe,Honda
2020,12,70000,42.0,Sedan,Mercedes
2020,12,35000,39.0,Convertible,Mazda
2020,12,75000,25.2,SUV,Tesla
2020,12,38000,16.0,SUV,Toyota
2020,12,15000,43.0,Sedan,Honda
2020,12,15000,43.6,Hatchback,Toyota
2020,12,45000,29.3,Hatchback,BMW
2020,12,48000,25.6,Pickup,Audi
2020,12,48000,27.5,Coupe,Honda
2020,12,25000,25.3,Sedan,Honda
2020,12,32000,38.4,Sedan,Nissan
2020,12,15000,35.3,Hatchback,Toyota
2020,12,120000,21.0,Sedan,BMW
2021,1,50000,25.3,Convertible,Subaru
2021,1,38000,18.4,SUV,Hyundai
2021,1,38000,24.2,SUV,Toyota
2021,1,35000,38.5,Hatchback,Chevrolet
2021,1,80000,26.7,Convertible,Tesla
2021,1,70000,27.9,SUV,Audi
2021,1,45000,38.4,SUV,Toyota
2021,1,25000,47.9,Convertible,Mazda
2021,1,32000,43.9,Sedan,Honda
2021,1,120000,37.7,Hatchback,Tesla
2021,1,28000,49.0,Pickup,Toyota
2021,1,48000,20.3,Hatchback,Toyota
2021,1,60000,16.9,Sedan,BMW
2021,1,15000,29.1,Hatchback,Honda
2021,1,90000,49.7,Sedan,Mercedes
2021,1,80000,18.3,Convertible,Mercedes
2021,1,18000,38.1,Pickup,Toyota
2021,1,42000,32.9,Convertible,Mazda
2021,1,25000,23.7,Hatchback,Nissan
2021,1,20000,41.0,Pickup,Chevrolet
2021,1,48000,20.5,SUV,Subaru
2021,1,28000,49.3,Pickup,Chevrolet
2021,1,55000,21.0,Convertible,Toyota
2021,1,30000,44.2,SUV,Toyota
2021,1,80000,16.4,Sedan,Mercedes
2021,1,48000,19.2,Sedan,Subaru
2021,1,35000,16.3,Pickup,Ford
2021,1,22000,43.2,Sedan,Toyota
2021,1,15000,17.3,Sedan,Ford
2021,1,22000,49.2,Sedan,Honda
2021,1,75000,49.7,Sedan,BMW
2021,1,90000,42.3,SUV,Audi
2021,1,100000,29.3,Coupe,Tesla
2021,1,120000,30.1,SUV,Audi
2021,1,40000,25.9,SUV,Hyundai
2021,1,75000,39.3,Coupe,Mercedes
2021,1,50000,38.7,SUV,Subaru
2021,1,20000,23.0,Convertible,Mazda
2021,1,60000,28.5,SUV,BMW
2021,1,25000,26.0,Coupe,Audi
2021,1,65000,43.9,Sedan,BMW
2021,1,120000,44.5,Coupe,Audi
2021,1,18000,32.6,SUV,Toyota
2021,1,65000,36.5,Sedan,Honda
2021,1,50000,42.8,Convertible,Subaru
2021,1,70000,25.9,Coupe,Tesla
2021,1,70000,30.6,Sedan,BMW
2021,1,38000,48.9,SUV,Nissan
2021,1,70000,17.6,SUV,Mercedes
2021,1,90000,49.9,Sedan,Mercedes
2021,1,32000,15.6,Sedan,Toyota
2021,1,42000,49.6,SUV,Toyota
2021,1,80000,16.0,SUV,Audi
2021,1,35000,34.8,SUV,Hyundai
2021,1,18000,19.1,Pickup,Toyota
2021,1,90000,39.0,SUV,BMW
2021,1,25000,41.2,SUV,Nissan
2021,1,70000,41.2,SUV,Audi
2021,1,55000,17.9,Sedan,Toyota
2021,1,15000,24.2,Hatchback,Chevrolet
2021,1,120000,29.2,SUV,Tesla
2021,1,40000,24.6,Sedan,Toyota
2021,1,15000,39.6,Sedan,Toyota
2021,1,20000,22.4,SUV,Nissan
2021,1,90000,36.7,SUV,BMW
2021,1,28000,46.4,Hatchback,Toyota
2021,1,90000,23.5,SUV,BMW
2021,1,55000,42.0,SUV,Subaru
2021,1,70000,40.1,SUV,Audi
2021,1,55000,28.5,Pickup,Toyota
2021,1,65000,17.5,Convertible,Toyota
2021,1,45000,29.5,Sedan,Toyota
2021,1,50000,26.1,Hatchback,Toyota
2021,1,20000,29.5,Pickup,Ford
2021,1,45000,38.2,Hatchback,Audi
2021,1,35000,40.7,Sedan,Toyota
2021,1,22000,47.5,Sedan,Nissan
2021,1,50000,26.4,SUV,Toyota
2021,1,70000,41.5,Sedan,Tesla
2021,1,120000,40.1,Coupe,Mercedes
2021,2,15000,29.1,SUV,Honda
2021,2,65000,36.2,SUV,Honda
2021,2,35000,20.7,SUV,Honda
2021,2,45000,40.5,SUV,Audi
2021,2,90000,20.3,Sedan,Mercedes
2021,2,45000,34.8,SUV,Subaru
2021,2,32000,23.3,Coupe,Toyota
2021,2,70000,24.9,SUV,Tesla
2021,2,25000,43.8,Pickup,Chevrolet
2021,2,18000,28.9,Convertible,Mazda
2021,2,42000,35.1,Convertible,Mazda
2021,2,22000,23.2,SUV,Honda
2021,2,60000,20.5,Sedan,Audi
2021,2,55000,34.1,Sedan,Subaru
2021,2,38000,31.2,Sedan,Honda
2021,2,30000,25.1,Sedan,Honda
2021,2,48000,15.8,Coupe,Audi
2021,2,65000,36.8,Sedan,BMW
2021,2,90000,48.4,SUV,Mercedes
2021,2,90000,38.7,Coupe,Audi
2021,2,22000,29.7,Coupe,BMW
2021,2,40000,31.8,SUV,Honda
2021,2,18000,41.9,SUV,Kia
2021,2,22000,18.5,SUV,Hyundai
2021,2,22000,48.6,SUV,Kia
2021,2,70000,17.7,Sedan,BMW
2021,2,50000,23.6,Coupe,Audi
2021,2,60000,26.1,Coupe,Honda
2021,2,40000,44.5,Sedan,Toyota
2021,2,90000,48.7,Sedan,Mercedes
2021,2,120000,15.7,Sedan,Audi
2021,2,25000,19.9,SUV,Toyota
2021,2,45000,27.7,Pickup,Subaru
2021,2,22000,32.9,Hatchback,Hyundai
2021,2,35000,33.4,Sedan,Toyota
2021,2,42000,30.2,Sedan,Ford
2021,2,55000,31.6,Convertible,Honda
2021,2,35000,23.7,SUV,Toyota
2021,2,120000,49.0,Coupe,Audi
2021,2,55000,46.0,SUV,Honda
2021,2,100000,19.5,Convertible,BMW
2021,2,35000,34.6,Coupe,Toyota
2021,2,38000,17.5,Pickup,Ford
2021,2,38000,16.3,Hatchback,Honda
2021,2,90000,35.6,Sedan,Audi
2021,2,30000,39.0,Sedan,Honda
2021,2,28000,29.5,SUV,Toyota
2021,2,22000,17.8,Sedan,Toyota
2021,2,75000,31.5,Convertible,Mercedes
2021,2,120000,48.7,Sedan,Audi
2021,2,25000,45.2,Convertible,BMW
2021,2,60000,47.5,SUV,Audi
2021,2,25000,35.1,Pickup,Ford
2021,2,80000,48.8,Hatchback,BMW
2021,2,120000,29.0,Coupe,Tesla
2021,2,70000,28.2,Convertible,Tesla
2021,2,55000,48.8,Hatchback,Audi
2021,2,32000,47.2,SUV,Hyundai
2021,2,60000,27.2,Sedan,BMW
2021,2,28000,26.0,Hatchback,Chevrolet
2021,2,18000,18.9,Sedan,Toyota
2021,2,40000,46.2,Sedan,Ford
2021,2,18000,44.4,Sedan,Nissan
2021,2,40000,28.9,SUV,Ford
2021,2,15000,16.1,SUV,Hyundai
2021,2,60000,43.5,Hatchback,Honda
2021,2,120000,38.1,Sedan,BMW
2021,2,35000,15.8,Hatchback,Honda
2021,2,80000,29.2,Sedan,Mercedes
2021,2,50000,35.4,Hatchback,Audi
2021,2,42000,20.1,Convertible,Mazda
2021,2,60000,43.8,Convertible,Audi
2021,2,42000,43.1,Pickup,Toyota
2021,2,100000,19.5,Sedan,Tesla
2021,2,48000,40.7,Pickup,Toyota
2021,2,42000,35.5,Hatchback,Ford
2021,2,15000,16.5,Sedan,Nissan
2021,2,48000,38.8,Sedan,Audi
2021,2,20000,45.8,Sedan,Honda
2021,2,20000,22.5,SUV,Hyundai
2021,3,75000,36.9,Sedan,Audi
2021,3,60000,40.4,SUV,Honda
2021,3,55000,29.9,Sedan,Audi
2021,3,60000,40.7,Convertible,Toyota
2021,3,48000,36.3,SUV,Toyota
2021,3,90000,38.4,Pickup,Mercedes
2021,3,42000,15.2,SUV,Ford
2021,3,70000,27.5,SUV,Mercedes
2021,3,55000,25.6,Sedan,BMW
2021,3,22000,16.2,Hatchback,Nissan
2021,3,28000,15.7,SUV,Nissan
2021,3,38000,44.7,Sedan,Hyundai
2021,3,100000,23.3,Sedan,Mercedes
2021,3,50000,16.7,Hatchback,Toyota
2021,3,70000,21.3,Convertible,Mercedes
2021,3,70000,15.4,Pickup,BMW
2021,3,120000,34.2,SUV,Tesla
2021,3,40000,27.1,Coupe,Audi
2021,3,18000,33.1,Pickup,Ford
2021,3,30000,21.7,SUV,Toyota
2021,3,80000,35.4,SUV,Tesla
2021,3,60000,27.0,Sedan,BMW
2021,3,45000,47.3,Coupe,BMW
2021,3,55000,49.9,Sedan,Toyota
2021,3,28000,29.3,Pickup,Chevrolet
2021,3,120000,42.0,Pickup,Mercedes
2021,3,60000,25.3,Hatchback,Honda
2021,3,32000,45.8,Sedan,Kia
2021,3,90000,15.8,SUV,BMW
2021,3,45000,31.5,SUV,Honda
2021,3,20000,40.7,Convertible,BMW
2021,3,60000,19.6,Convertible,BMW
2021,3,15000,32.4,Pickup,Ford
2021,3,25000,25.3,Hatchback,Toyota
2021,3,15000,20.3,SUV,Toyota
2021,3,35000,45.6,SUV,Hyundai
2021,3,48000,44.7,Sedan,Audi
2021,3,32000,38.9,Sedan,Toyota
2021,3,60000,30.0,SUV,Audi
2021,3,15000,17.7,Sedan,Honda
2021,3,42000,21.2,Hatchback,Honda
2021,3,18000,37.6,Pickup,Chevrolet
2021,3,48000,37.3,SUV,Subaru
2021,3,45000,22.4,Sedan,Toyota
2021,3,70000,36.9,Pickup,Mercedes
2021,3,80000,41.9,Coupe,Tesla
2021,3,25000,35.0,Convertible,Mazda
2021,3,15000,23.3,SUV,Ford
2021,3,90000,48.0,SUV,Mercedes
2021,3,48000,21.9,SUV,BMW
2021,3,18000,18.6,Sedan,Toyota
2021,3,18000,30.1,Sedan,Toyota
2021,3,35000,21.0,SUV,Honda
2021,3,50000,49.0,SUV,BMW
2021,3,70000,19.6,Sedan,Tesla
2021,3,60000,20.6,Pickup,BMW
2021,3,100000,27.2,Hatchback,BMW
2021,3,40000,20.6,Sedan,Kia
2021,3,25000,37.6,SUV,Toyota
2021,3,15000,45.7,Pickup,Toyota
2021,3,75000,24.3,Hatchback,BMW
2021,3,120000,37.0,SUV,Mercedes
2021,3,22000,43.9,Sedan,Toyota
2021,3,15000,28.0,Convertible,Mazda
2021,3,80000,45.0,Coupe,Mercedes
2021,3,55000,35.2,SUV,BMW
2021,3,100000,17.6,SUV,Audi
2021,3,70000,31.7,SUV,BMW
2021,3,40000,21.2,Hatchback,Kia
2021,3,35000,18.3,Hatchback,Nissan
2021,3,35000,47.7,SUV,Nissan
2021,3,80000,19.1,Coupe,Mercedes
2021,3,28000,16.1,Coupe,Hyundai
2021,3,32000,20.8,SUV,Kia
2021,3,30000,34.9,SUV,Hyundai
2021,3,80000,27.8,Convertible,Tesla
2021,3,100000,18.2,Hatchback,Audi
2021,3,18000,15.3,SUV,Honda
2021,3,70000,15.6,Convertible,Audi
2021,3,40000,19.9,Hatchback,Nissan
2021,4,18000,39.3,SUV,Hyundai
2021,4,28000,24.3,Hatchback,Nissan
2021,4,32000,34.8,Coupe,Toyota
2021,4,20000,33.3,Sedan,Hyundai
2021,4,120000,17.8,SUV,BMW
2021,4,28000,43.5,SUV,Honda
2021,4,120000,30.4,SUV,Tesla
2021,4,60000,16.0,SUV,Honda
2021,4,32000,16.7,Pickup,Ford
2021,4,42000,44.5,Pickup,Ford
2021,4,50000,41.8,Sedan,Honda
2021,4,30000,37.5,Sedan,Hyundai
2021,4,70000,24.7,Hatchback,Mercedes
2021,4,55000,41.7,Pickup,Subaru
2021,4,65000,26.6,SUV,Honda
2021,4,100000,28.2,Sedan,Tesla
2021,4,18000,25.9,Convertible,Ford
2021,4,60000,42.4,Hatchback,Toyota
2021,4,75000,23.5,SUV,Mercedes
2021,4,38000,49.0,Sedan,Kia
2021,4,75000,31.9,Hatchback,BMW
2021,4,25000,26.9,Coupe,Toyota
2021,4,38000,46.5,SUV,Honda
2021,4,22000,36.9,Sedan,Toyota
2021,4,75000,36.5,Sedan,Audi
2021,4,75000,19.3,Convertible,Tesla
2021,4,75000,23.4,Hatchback,Audi
2021,4,40000,30.1,Hatchback,Hyundai
2021,4,20000,44.7,Pickup,Toyota
2021,4,20000,48.5,Convertible,Mazda
2021,4,15000,49.7,SUV,Toyota
2021,4,35000,30.9,Sedan,Kia
2021,4,38000,30.2,Pickup,Ford
2021,4,50000,43.5,Sedan,Toyota
2021,4,80000,27.6,Hatchback,BMW
2021,4,35000,22.6,Sedan,Toyota
2021,4,28000,35.6,Coupe,BMW
2021,4,22000,32.2,SUV,Kia
2021,4,50000,20.1,SUV,Toyota
2021,4,120000,49.8,SUV,Tesla
2021,4,32000,45.2,Hatchback,Toyota
2021,4,25000,29.6,Coupe,Toyota
2021,4,15000,20.4,Sedan,Honda
2021,4,25000,28.7,Pickup,Chevrolet
2021,4,28000,30.9,Convertible,Mazda
2021,4,60000,21.0,Convertible,BMW
2021,4,15000,31.7,SUV,Hyundai
2021,4,50000,40.0,Coupe,Honda
2021,4,50000,21.1,Hatchback,Honda
2021,4,40000,39.6,Convertible,BMW
2021,4,15000,16.9,Hatchback,Toyota
2021,4,50000,25.2,SUV,Audi
2021,4,70000,33.0,SUV,Tesla
2021,4,28000,21.8,Coupe,Audi
2021,4,90000,36.3,Pickup,Mercedes
2021,4,70000,26.5,Coupe,Audi
2021,4,38000,30.3,SUV,Kia
2021,4,70000,34.9,SUV,Tesla
2021,4,45000,34.5,Sedan,Honda
2021,4,65000,15.7,Pickup,Audi
2021,4,30000,44.1,Sedan,Hyundai
2021,4,32000,38.6,SUV,Toyota
2021,4,35000,46.0,SUV,Hyundai
2021,4,22000,22.4,SUV,Toyota
2021,4,28000,24.0,Pickup,Chevrolet
2021,4,22000,22.5,Convertible,BMW
2021,4,65000,41.7,SUV,Audi
2021,4,50000,19.8,SUV,BMW
2021,4,90000,46.7,Convertible,Mercedes
2021,4,100000,43.5,Pickup,Audi
2021,4,45000,35.2,Sedan,Subaru
2021,4,120000,23.7,SUV,Mercedes
2021,4,100000,21.8,Hatchback,Tesla
2021,4,70000,16.7,SUV,Mercedes
2021,4,100000,43.7,Hatchback,Tesla
2021,4,32000,37.3,Sedan,Toyota
2021,4,80000,24.4,Sedan,BMW
2021,4,20000,47.7,Sedan,Hyundai
2021,4,35000,20.3,Sedan,Toyota
2021,4,20000,36.3,SUV,Honda
2021,5,120000,18.8,Sedan,Mercedes
2021,5,35000,42.1,Sedan,Nissan
2021,5,60000,36.0,Sedan,Audi
2021,5,15000,30.4,Pickup,Ford
2021,5,70000,15.3,Convertible,Mercedes
2021,5,32000,21.1,Sedan,Ford
2021,5,25000,17.0,Sedan,Honda
2021,5,65000,47.3,Sedan,Honda
2021,5,90000,17.7,SUV,Mercedes
2021,5,42000,26.0,SUV,Toyota
2021,5,35000,36.7,Pickup,Ford
2021,5,65000,46.4,Coupe,Toyota
2021,5,32000,43.3,SUV,Honda
2021,5,18000,19.1,SUV,Hyundai
2021,5,80000,40.8,SUV,Mercedes
2021,5,42000,30.3,SUV,Toyota
2021,5,22000,48.8,Convertible,Mazda
2021,5,42000,45.1,Pickup,Chevrolet
2021,5,45000,47.6,SUV,Toyota
2021,5,15000,29.9,SUV,Toyota
2021,5,120000,30.3,Pickup,Tesla
2021,5,30000,42.2,SUV,Honda
2021,5,65000,35.3,Sedan,Toyota
2021,5,60000,47.5,Hatchback,Toyota
2021,5,35000,32.6,SUV,Toyota
2021,5,25000,17.2,Sedan,Hyundai
2021,5,50000,23.1,Hatchback,BMW
2021,5,40000,26.4,Sedan,Chevrolet
2021,5,65000,47.9,Sedan,Honda
2021,5,22000,35.2,Coupe,Hyundai
2021,5,80000,49.6,Sedan,Audi
2021,5,35000,29.4,Pickup,Chevrolet
2021,5,70000,28.5,Sedan,Tesla
2021,5,42000,42.5,Coupe,BMW
2021,5,15000,48.0,Sedan,Toyota
2021,5,15000,15.1,Sedan,Toyota
2021,5,90000,23.1,SUV,Mercedes
2021,5,25000,18.1,Sedan,Chevrolet
2021,5,30000,31.1,Pickup,Ford
2021,5,60000,29.8,Hatchback,BMW
2021,5,42000,39.4,Sedan,Hyundai
2021,5,20000,49.3,Sedan,Chevrolet
2021,5,42000,18.2,Convertible,Ford
2021,5,28000,36.6,SUV,Toyota
2021,5,120000,35.7,Convertible,Tesla
2021,5,20000,16.5,SUV,Nissan
2021,5,18000,33.6,Hatchback,Toyota
2021,5,35000,44.9,Sedan,Ford
2021,5,25000,28.3,Pickup,Ford
2021,5,22000,19.9,Hatchback,Toyota
2021,5,25000,23.5,Convertible,Ford
2021,5,15000,30.2,SUV,Honda
2021,5,35000,26.8,SUV,Honda
2021,5,48000,48.3,Sedan,Toyota
2021,5,45000,25.4,Sedan,Toyota
2021,5,90000,42.7,Pickup,Mercedes
2021,5,20000,48.6,SUV,Hyundai
2021,5,40000,45.1,Pickup,Chevrolet
2021,5,75000,21.4,Convertible,Tesla
2021,5,70000,21.8,SUV,Tesla
2021,5,120000,28.4,SUV,BMW
2021,5,70000,35.4,SUV,Mercedes
2021,5,15000,41.9,SUV,Kia
2021,5,80000,30.3,Convertible,BMW
2021,5,55000,48.0,Coupe,Subaru
2021,5,25000,48.9,Coupe,Hyundai
2021,5,18000,21.2,SUV,Honda
2021,5,65000,47.1,SUV,Subaru
2021,5,80000,15.5,SUV,Tesla
2021,5,28000,38.4,Convertible,Mazda
2021,5,80000,47.2,Pickup,Audi
2021,5,35000,48.0,SUV,Ford
2021,5,30000,48.2,Convertible,Mazda
2021,5,70000,17.1,Coupe,Mercedes
2021,5,22000,22.7,SUV,Hyundai
2021,5,28000,49.2,SUV,Nissan
2021,5,45000,48.4,SUV,Subaru
2021,5,28000,16.9,Sedan,Ford
2021,5,20000,20.1,SUV,Toyota
2021,5,15000,31.7,SUV,Toyota
2021,6,30000,19.6,SUV,Hyundai
2021,6,48000,31.7,SUV,BMW
2021,6,120000,18.8,Sedan,Mercedes
2021,6,28000,37.3,Sedan,Ford
2021,6,48000,34.4,SUV,Subaru
2021,6,48000,16.5,Pickup,Toyota
2021,6,40000,35.1,Pickup,Chevrolet
2021,6,75000,34.0,Sedan,Tesla
2021,6,15000,40.9,Hatchback,Ford
2021,6,60000,40.1,Pickup,Audi
2021,6,15000,15.9,Sedan,Chevrolet
2021,6,90000,22.0,Sedan,BMW
2021,6,100000,45.1,SUV,Mercedes
2021,6,50000,15.3,Convertible,BMW
2021,6,20000,43.9,SUV,Nissan
2021,6,28000,30.8,Sedan,Honda
2021,6,60000,47.7,SUV,Audi
2021,6,30000,42.9,Sedan,Toyota
2021,6,70000,36.4,Sedan,Mercedes
2021,6,42000,18.9,Sedan,Chevrolet
2021,6,22000,22.0,Sedan,Nissan
2021,6,30000,31.8,Coupe,Hyundai
2021,6,120000,28.1,Sedan,Tesla
2021,6,120000,21.6,SUV,Audi
2021,6,40000,42.3,SUV,Honda
2021,6,30000,46.3,SUV,Nissan
2021,6,100000,49.5,SUV,Mercedes
2021,6,120000,47.1,Convertible,Audi
2021,6,75000,16.6,Coupe,BMW
2021,6,90000,40.1,Coupe,BMW
2021,6,30000,43.8,Sedan,Nissan
2021,6,65000,19.9,Convertible,Toyota
2021,6,80000,35.4,SUV,Tesla
2021,6,48000,24.7,Sedan,Audi
2021,6,75000,41.6,Sedan,Mercedes
2021,6,35000,20.9,Pickup,Toyota
2021,6,25000,49.2,Pickup,Toyota
2021,6,42000,18.3,Sedan,Hyundai
2021,6,120000,39.2,Pickup,Audi
2021,6,15000,24.2,SUV,Honda
2021,6,20000,48.9,SUV,Kia
2021,6,65000,44.3,Sedan,BMW
2021,6,100000,21.8,Sedan,Audi
2021,6,40000,15.0,SUV,Toyota
2021,6,75000,27.4,Hatchback,Audi
2021,6,18000,16.6,SUV,Ford
2021,6,42000,19.2,Hatchback,Toyota
2021,6,35000,28.7,Coupe,BMW
2021,6,40000,18.8,Pickup,Toyota
2021,6,20000,40.4,Convertible,BMW
2021,6,50000,49.8,Sedan,Subaru
2021,6,15000,45.9,SUV,Kia
2021,6,20000,32.0,Hatchback,Honda
2021,6,35000,33.3,Sedan,Toyota
2021,6,60000,16.9,Hatchback,Honda
2021,6,15000,39.6,Sedan,Honda
2021,6,20000,22.8,Sedan,Ford
2021,6,75000,27.5,Hatchback,Mercedes
2021,6,15000,38.5,Pickup,Chevrolet
2021,6,80000,38.4,Convertible,Mercedes
2021,6,90000,16.1,Hatchback,Mercedes
2021,6,28000,27.7,Sedan,Toyota
2021,6,75000,24.7,Sedan,Mercedes
2021,6,100000,46.9,SUV,Mercedes
2021,6,18000,15.5,Hatchback,Toyota
2021,6,38000,45.3,SUV,Nissan
2021,6,35000,44.3,Hatchback,Nissan
2021,6,45000,39.6,SUV,Honda
2021,6,15000,31.1,Sedan,Nissan
2021,6,18000,48.8,Sedan,Ford
2021,6,28000,20.1,SUV,Toyota
2021,6,60000,18.5,Convertible,Toyota
2021,6,75000,23.5,SUV,Mercedes
2021,6,35000,43.5,Hatchback,Chevrolet
2021,6,70000,15.4,Convertible,Tesla
2021,6,50000,42.0,SUV,Subaru
2021,6,100000,21.7,Convertible,BMW
2021,6,20000,18.4,SUV,Toyota
2021,6,48000,37.9,SUV,Audi
2021,6,65000,24.6,Convertible,Audi
2021,7,40000,38.0,Pickup,Chevrolet
2021,7,35000,40.0,SUV,Kia
2021,7,22000,25.3,Hatchback,Toyota
2021,7,42000,15.9,Pickup,Toyota
2021,7,55000,33.2,Sedan,Honda
2021,7,42000,19.1,Hatchback,Chevrolet
2021,7,75000,32.8,Sedan,BMW
2021,7,15000,35.4,Sedan,Hyundai
2021,7,120000,46.8,Coupe,BMW
2021,7,38000,29.1,SUV,Hyundai
2021,7,32000,20.6,SUV,Nissan
2021,7,50000,34.8,Coupe,Audi
2021,7,38000,25.5,Sedan,Toyota
2021,7,65000,46.5,Sedan,Subaru
2021,7,100000,43.9,Sedan,Tesla
2021,7,80000,30.5,Coupe,Audi
2021,7,42000,35.6,SUV,Honda
2021,7,28000,46.5,SUV,Kia
2021,7,90000,21.4,SUV,Audi
2021,7,55000,15.8,Coupe,Subaru
2021,7,75000,49.6,SUV,BMW
2021,7,42000,39.3,SUV,Nissan
2021,7,75000,20.2,Coupe,Audi
2021,7,45000,25.1,Convertible,Toyota
2021,7,45000,44.4,Sedan,BMW
2021,7,80000,28.5,SUV,Audi
2021,7,70000,48.3,Sedan,Mercedes
2021,7,15000,35.0,SUV,Nissan
2021,7,18000,18.2,SUV,Hyundai
2021,7,120000,15.1,SUV,Tesla
2021,7,70000,24.4,Pickup,BMW
2021,7,35000,19.4,Hatchback,Hyundai
2021,7,28000,34.1,Coupe,Toyota
2021,7,15000,24.8,Sedan,Toyota
2021,7,120000,44.1,Hatchback,BMW
2021,7,65000,40.3,Sedan,Honda
2021,7,80000,17.7,Hatchback,Mercedes
2021,7,48000,26.9,Sedan,BMW
2021,7,48000,41.4,SUV,BMW
2021,7,45000,41.4,SUV,BMW
2021,7,15000,18.8,Sedan,Ford
2021,7,48000,47.5,Sedan,Audi
2021,7,32000,21.2,Pickup,Toyota
2021,7,28000,32.1,Coupe,Hyundai
2021,7,80000,40.5,SUV,BMW
2021,7,80000,34.2,Sedan,Audi
2021,7,55000,17.3,SUV,Subaru
2021,7,42000,23.6,Hatchback,Ford
2021,7,45000,17.4,Sedan,Honda
2021,7,120000,47.5,SUV,Mercedes
2021,7,48000,46.3,SUV,BMW
2021,7,120000,22.0,Pickup,Mercedes
2021,7,48000,16.8,Sedan,Toyota
2021,7,70000,48.8,SUV,Tesla
2021,7,50000,44.4,SUV,Toyota
2021,7,80000,22.4,SUV,Audi
2021,7,45000,34.7,SUV,BMW
2021,7,48000,40.7,Sedan,Audi
2021,7,75000,41.0,Sedan,BMW
2021,7,40000,33.9,SUV,Toyota
2021,7,35000,45.2,Sedan,Hyundai
2021,7,15000,43.4,Coupe,Audi
2021,7,60000,45.7,Hatchback,Honda
2021,7,75000,32.7,SUV,Audi
2021,7,15000,43.3,SUV,Honda
2021,7,90000,22.1,Sedan,Audi
2021,7,65000,45.6,Coupe,BMW
2021,7,20000,48.1,Hatchback,Hyundai
2021,7,32000,34.9,Pickup,Chevrolet
2021,7,60000,23.7,SUV,Toyota
2021,7,90000,15.9,SUV,Audi
2021,7,40000,23.7,Sedan,Honda
2021,7,65000,48.5,Convertible,Toyota
2021,7,28000,40.9,Coupe,Hyundai
2021,7,15000,34.6,Sedan,Honda
2021,7,120000,26.8,SUV,Audi
2021,7,65000,49.9,Coupe,Audi
2021,7,42000,46.0,Sedan,Hyundai
2021,7,48000,29.4,Sedan,Audi
2021,7,80000,26.0,Convertible,Audi
2021,8,100000,16.9,Coupe,BMW
2021,8,28000,17.5,SUV,Ford
2021,8,28000,30.9,Sedan,Honda
2021,8,18000,34.8,SUV,Ford
2021,8,100000,27.0,Hatchback,Tesla
2021,8,65000,20.6,Sedan,Toyota
2021,8,65000,48.7,Pickup,Subaru
2021,8,30000,23.7,Pickup,Ford
2021,8,25000,19.7,Convertible,BMW
2021,8,32000,18.7,Pickup,Toyota
2021,8,30000,37.9,Coupe,BMW
2021,8,45000,39.9,Pickup,BMW
2021,8,18000,48.1,Sedan,Chevrolet
2021,8,42000,22.7,Convertible,Ford
2021,8,15000,38.6,SUV,Kia
2021,8,42000,41.9,SUV,Toyota
2021,8,60000,28.1,Pickup,Toyota
2021,8,40000,40.1,Hatchback,Toyota
2021,8,35000,39.1,Hatchback,Toyota
2021,8,35000,17.6,SUV,Kia
2021,8,65000,32.0,Hatchback,Audi
2021,8,40000,15.1,Hatchback,Ford
2021,8,70000,24.4,Convertible,Tesla
2021,8,120000,21.4,SUV,Mercedes
2021,8,65000,19.9,SUV,BMW
2021,8,22000,21.1,Pickup,Ford
2021,8,48000,17.9,SUV,Audi
2021,8,50000,34.4,SUV,Toyota
2021,8,35000,40.9,Sedan,Chevrolet
2021,8,70000,31.2,Coupe,Tesla
2021,8,50000,33.5,Sedan,BMW
2021,8,48000,34.4,Pickup,Toyota
2021,8,15000,19.9,Pickup,Ford
2021,8,25000,26.9,Coupe,Hyundai
2021,8,28000,16.8,Coupe,BMW
2021,8,55000,26.8,SUV,Audi
2021,8,28000,37.4,SUV,Toyota
2021,8,48000,15.1,Sedan,BMW
2021,8,32000,15.8,Sedan,Toyota
2021,8,50000,38.8,Sedan,Honda
2021,8,90000,39.5,Sedan,BMW
2021,8,75000,48.1,SUV,BMW
2021,8,42000,18.5,Pickup,Ford
2021,8,48000,20.2,Sedan,Subaru
2021,8,48000,27.1,Coupe,Toyota
2021,8,60000,48.9,SUV,Subaru
2021,8,75000,22.5,Sedan,Audi
2021,8,55000,48.3,Convertible,BMW
2021,8,18000,38.0,Sedan,Hyundai
2021,8,42000,31.8,SUV,Hyundai
2021,8,40000,36.6,Sedan,Toyota
2021,8,38000,32.4,Sedan,Toyota
2021,8,18000,21.7,SUV,Ford
2021,8,38000,46.6,Pickup,Ford
2021,8,100000,31.5,SUV,Tesla
2021,8,42000,20.8,Sedan,Ford
2021,8,55000,20.9,SUV,Honda
2021,8,45000,43.1,Coupe,Honda
2021,8,28000,43.3,SUV,Ford
2021,8,20000,30.2,Sedan,Ford
2021,8,65000,45.8,Hatchback,Toyota
2021,8,50000,34.1,SUV,Subaru
2021,8,48000,40.9,SUV,Audi
2021,8,120000,27.8,Sedan,BMW
2021,8,25000,37.1,SUV,Hyundai
2021,8,90000,38.4,Sedan,Mercedes
2021,8,75000,43.6,Sedan,BMW
2021,8,90000,34.0,SUV,Tesla
2021,8,100000,23.7,Pickup,BMW
2021,8,22000,33.6,Convertible,BMW
2021,8,18000,43.5,Hatchback,Toyota
2021,8,65000,40.8,Pickup,Toyota
2021,8,90000,29.0,Hatchback,Mercedes
2021,8,25000,33.1,SUV,Toyota
2021,8,80000,27.8,SUV,Audi
2021,8,18000,41.9,Sedan,Nissan
2021,8,18000,31.7,Hatchback,Hyundai
2021,8,45000,26.8,SUV,Audi
2021,8,50000,44.5,SUV,Toyota
2021,8,120000,15.9,Sedan,Mercedes
2021,9,100000,42.0,Sedan,Audi
2021,9,25000,18.0,Coupe,Audi
2021,9,80000,36.9,Hatchback,Tesla
2021,9,75000,38.2,Sedan,Mercedes
2021,9,15000,37.9,Pickup,Toyota
2021,9,60000,18.0,Convertible,Subaru
2021,9,48000,31.9,SUV,BMW
2021,9,15000,25.0,SUV,Kia
2021,9,75000,23.8,SUV,Tesla
2021,9,70000,34.0,SUV,Mercedes
2021,9,25000,26.3,Sedan,Honda
2021,9,48000,23.4,Sedan,Toyota
2021,9,20000,15.8,Sedan,Hyundai
2021,9,45000,29.6,Sedan,Audi
2021,9,50000,35.1,Hatchback,Toyota
2021,9,90000,19.5,Sedan,BMW
2021,9,28000,20.6,SUV,Honda
2021,9,90000,20.4,Pickup,Tesla
2021,9,55000,32.1,Hatchback,BMW
2021,9,48000,15.7,SUV,Audi
2021,9,75000,48.9,SUV,Tesla
2021,9,120000,16.9,SUV,Mercedes
2021,9,70000,32.6,Hatchback,BMW
2021,9,120000,26.7,SUV,Audi
2021,9,90000,26.2,Sedan,Audi
2021,9,48000,45.1,SUV,BMW
2021,9,30000,38.2,SUV,Honda
2021,9,40000,21.9,Sedan,Honda
2021,9,90000,47.3,SUV,Mercedes
2021,9,18000,18.5,Hatchback,Toyota
2021,9,60000,35.9,Sedan,Audi
2021,9,25000,23.1,Convertible,Mazda
2021,9,38000,28.8,SUV,Nissan
2021,9,50000,16.3,SUV,Toyota
2021,9,90000,19.0,Sedan,BMW
2021,9,55000,19.6,SUV,Toyota
2021,9,60000,42.9,Sedan,Toyota
2021,9,60000,20.5,SUV,Audi
2021,9,55000,29.0,SUV,BMW
2021,9,90000,43.9,Sedan,Mercedes
2021,9,25000,38.5,SUV,Nissan
2021,9,80000,22.0,Hatchback,BMW
2021,9,22000,44.3,SUV,Ford
2021,9,48000,43.6,Coupe,Honda
2021,9,42000,29.8,SUV,Hyundai
2021,9,30000,22.5,Coupe,Audi
2021,9,120000,37.7,Convertible,BMW
2021,9,35000,27.3,SUV,Hyundai
2021,9,48000,26.2,SUV,Audi
2021,9,48000,43.6,SUV,BMW
2021,9,65000,36.3,Sedan,Toyota
2021,9,22000,30.1,Sedan,Toyota
2021,9,42000,44.9,Pickup,Ford
2021,9,30000,29.5,Pickup,Ford
2021,9,22000,33.2,SUV,Nissan
2021,9,70000,16.5,Hatchback,Mercedes
2021,9,100000,32.3,SUV,Tesla
2021,9,48000,48.0,Sedan,Honda
2021,9,60000,36.4,Pickup,BMW
2021,9,30000,47.8,Coupe,Hyundai
2021,9,120000,21.0,Coupe,BMW
2021,9,28000,18.5,Hatchback,Toyota
2021,9,20000,35.9,Hatchback,Kia
2021,9,40000,23.2,Pickup,Chevrolet
2021,9,60000,36.9,Coupe,BMW
2021,9,42000,28.8,Hatchback,Nissan
2021,9,120000,31.7,Hatchback,Audi
2021,9,45000,32.1,Sedan,Subaru
2021,9,80000,27.9,SUV,BMW
2021,9,22000,39.3,SUV,Kia
2021,9,45000,27.4,Coupe,Audi
2021,9,50000,24.1,Coupe,Honda
2021,9,25000,25.0,Sedan,Toyota
2021,9,90000,21.9,Pickup,Mercedes
2021,9,42000,31.4,Pickup,Chevrolet
2021,9,45000,34.0,SUV,BMW
2021,9,35000,26.2,Convertible,BMW
2021,9,60000,16.6,Convertible,Audi
2021,9,65000,49.7,Convertible,Audi
2021,9,42000,19.4,Hatchback,Nissan
2021,10,90000,46.9,Coupe,Mercedes
2021,10,45000,17.5,SUV,BMW
2021,10,28000,49.3,SUV,Ford
2021,10,100000,38.2,Sedan,Tesla
2021,10,22000,20.5,Pickup,Chevrolet
2021,10,32000,43.1,Hatchback,Kia
2021,10,100000,34.0,Sedan,Audi
2021,10,30000,39.0,Convertible,Ford
2021,10,75000,20.1,SUV,Mercedes
2021,10,35000,47.7,Sedan,Hyundai
2021,10,38000,31.7,Convertible,Mazda
2021,10,32000,29.2,SUV,Hyundai
2021,10,25000,19.7,Sedan,Nissan
2021,10,18000,44.4,Sedan,Honda
2021,10,80000,24.4,SUV,BMW
2021,10,90000,17.8,Sedan,Audi
2021,10,120000,21.8,Pickup,BMW
2021,10,15000,16.2,SUV,Nissan
2021,10,45000,22.7,Sedan,Toyota
2021,10,42000,15.0,Sedan,Kia
2021,10,60000,31.2,Pickup,Honda
2021,10,48000,21.1,Pickup,BMW
2021,10,18000,47.7,Sedan,Nissan
2021,10,48000,36.1,Sedan,Toyota
2021,10,75000,22.2,Pickup,BMW
2021,10,80000,33.5,Sedan,BMW
2021,10,75000,41.5,Pickup,Tesla
2021,10,100000,17.3,Pickup,BMW
2021,10,35000,18.4,Coupe,Audi
2021,10,100000,37.6,Coupe,Mercedes
2021,10,80000,35.9,SUV,Audi
2021,10,55000,15.4,SUV,Toyota
2021,10,35000,43.5,SUV,Toyota
2021,10,60000,42.6,Sedan,Honda
2021,10,28000,28.3,Pickup,Chevrolet
2021,10,55000,18.6,SUV,Honda
2021,10,30000,24.1,SUV,Honda
2021,10,100000,30.5,SUV,Tesla
2021,10,32000,21.2,Sedan,Kia
2021,10,75000,26.6,SUV,BMW
2021,10,75000,35.5,SUV,Tesla
2021,10,45000,21.1,Hatchback,BMW
2021,10,100000,19.9,Sedan,Tesla
2021,10,38000,31.9,SUV,Honda
2021,10,22000,37.9,Convertible,Ford
2021,10,25000,43.9,Pickup,Chevrolet
2021,10,80000,35.0,Convertible,Tesla
2021,10,50000,31.8,Hatchback,Audi
2021,10,50000,30.6,Hatchback,Subaru
2021,10,20000,38.2,SUV,Honda
2021,10,65000,27.7,Hatchback,Subaru
2021,10,75000,48.1,SUV,Tesla
2021,10,15000,23.7,Sedan,Hyundai
2021,10,20000,23.9,Sedan,Honda
2021,10,18000,30.2,Convertible,Mazda
2021,10,48000,23.9,Pickup,BMW
2021,10,32000,46.8,Pickup,Chevrolet
2021,10,48000,27.5,SUV,Audi
2021,10,25000,43.7,Hatchback,Nissan
2021,10,18000,49.4,SUV,Hyundai
2021,10,60000,22.8,Sedan,Subaru
2021,10,70000,29.3,Pickup,Mercedes
2021,10,15000,45.7,Sedan,Hyundai
2021,10,45000,46.8,Convertible,Honda
2021,10,28000,26.8,Convertible,Mazda
2021,10,40000,38.6,SUV,Honda
2021,10,48000,34.7,SUV,Honda
2021,10,32000,38.5,Pickup,Chevrolet
2021,10,40000,22.0,Convertible,Mazda
2021,10,28000,27.8,Pickup,Ford
2021,10,15000,23.3,SUV,Hyundai
2021,10,40000,25.5,Sedan,Honda
2021,10,45000,31.4,SUV,Toyota
2021,10,100000,41.3,SUV,BMW
2021,10,75000,35.7,Sedan,Tesla
2021,10,28000,40.9,Sedan,Hyundai
2021,10,32000,44.4,Sedan,Toyota
2021,10,48000,35.9,Coupe,Subaru
2021,10,100000,43.2,Convertible,Mercedes
2021,10,40000,33.2,Sedan,Kia
2021,11,70000,16.7,SUV,Mercedes
2021,11,35000,43.9,Sedan,Nissan
2021,11,80000,39.0,SUV,Mercedes
2021,11,28000,48.5,Coupe,BMW
2021,11,42000,21.0,SUV,Hyundai
2021,11,25000,39.4,SUV,Toyota
2021,11,120000,45.4,SUV,Tesla
2021,11,48000,26.6,SUV,Subaru
2021,11,100000,29.5,SUV,Audi
2021,11,70000,25.2,Pickup,Tesla
2021,11,100000,46.3,Coupe,Mercedes
2021,11,45000,39.6,SUV,Honda
2021,11,50000,28.4,Coupe,Toyota
2021,11,45000,35.3,Sedan,Audi
2021,11,25000,38.4,SUV,Hyundai
2021,11,40000,30.7,SUV,Ford
2021,11,75000,19.7,Sedan,Audi
2021,11,20000,48.7,Coupe,BMW
2021,11,65000,22.4,Pickup,BMW
2021,11,28000,45.9,Sedan,Hyundai
2021,11,90000,33.2,Sedan,BMW
2021,11,80000,48.5,Sedan,Mercedes
2021,11,45000,21.5,Sedan,Audi
2021,11,30000,27.0,Pickup,Ford
2021,11,18000,49.0,SUV,Kia
2021,11,75000,45.9,Convertible,BMW
2021,11,20000,21.1,SUV,Toyota
2021,11,80000,33.7,Convertible,Tesla
2021,11,80000,24.7,Hatchback,BMW
2021,11,60000,25.9,Sedan,Audi
2021,11,15000,29.0,SUV,Ford
2021,11,18000,26.5,Coupe,BMW
2021,11,35000,23.4,SUV,Hyundai
2021,11,50000,48.2,Sedan,BMW
2021,11,15000,24.3,Convertible,Mazda
2021,11,30000,26.3,SUV,Toyota
2021,11,120000,45.2,Sedan,Mercedes
2021,11,30000,24.3,SUV,Toyota
2021,11,100000,20.7,Sedan,Tesla
2021,11,90000,24.3,Sedan,Audi
2021,11,18000,45.9,Sedan,Honda
2021,11,65000,47.5,Convertible,Subaru
2021,11,65000,47.0,SUV,BMW
2021,11,48000,34.2,Hatchback,Audi
2021,11,40000,47.7,Pickup,Toyota
2021,11,50000,21.2,Hatchback,Audi
2021,11,40000,24.3,Hatchback,Ford
2021,11,80000,42.3,Sedan,Tesla
2021,11,20000,45.8,Pickup,Chevrolet
2021,11,55000,41.6,SUV,BMW
2021,11,35000,24.6,Sedan,Honda
2021,11,42000,21.8,SUV,Honda
2021,11,22000,42.5,Coupe,BMW
2021,11,50000,20.5,Hatchback,BMW
2021,11,50000,31.0,SUV,Toyota
2021,11,15000,43.8,Convertible,Ford
2021,11,120000,15.6,SUV,Mercedes
2021,11,45000,32.1,Coupe,BMW
2021,11,80000,40.8,Convertible,Audi
2021,11,55000,32.7,Sedan,Audi
2021,11,75000,48.2,Hatchback,Mercedes
2021,11,42000,37.5,SUV,Kia
2021,11,80000,19.9,Coupe,Mercedes
2021,11,42000,19.2,SUV,Honda
2021,11,18000,42.1,SUV,Ford
2021,11,60000,34.2,Pickup,Audi
2021,11,20000,37.8,Pickup,Chevrolet
2021,11,22000,46.0,SUV,Honda
2021,11,65000,47.6,Hatchback,BMW
2021,11,70000,25.9,Pickup,Tesla
2021,11,65000,36.0,Hatchback,Toyota
2021,11,75000,36.1,Convertible,Audi
2021,11,70000,28.1,SUV,Audi
2021,11,90000,20.1,SUV,Mercedes
2021,11,90000,18.8,Sedan,BMW
2021,11,32000,27.3,Hatchback,Nissan
2021,11,80000,40.6,Coupe,Tesla
2021,11,50000,20.9,SUV,Audi
2021,11,32000,46.4,Coupe,Audi
2021,11,22000,45.6,SUV,Honda
2021,12,40000,34.2,SUV,Kia
2021,12,20000,30.2,Sedan,Chevrolet
2021,12,18000,29.6,Sedan,Nissan
2021,12,80000,18.2,SUV,BMW
2021,12,18000,44.4,Hatchback,Toyota
2021,12,48000,39.9,SUV,Toyota
2021,12,28000,23.1,SUV,Hyundai
2021,12,75000,34.9,Coupe,BMW
2021,12,45000,22.9,SUV,Honda
2021,12,22000,28.9,SUV,Toyota
2021,12,45000,49.4,SUV,Toyota
2021,12,25000,48.0,Sedan,Nissan
2021,12,90000,44.6,SUV,Audi
2021,12,60000,26.7,Sedan,Toyota
2021,12,60000,49.9,Sedan,BMW
2021,12,30000,39.7,Sedan,Honda
2021,12,40000,32.4,Sedan,Ford
2021,12,60000,31.2,SUV,Subaru
2021,12,18000,24.2,Pickup,Ford
2021,12,48000,27.7,Convertible,Toyota
2021,12,40000,23.0,SUV,Toyota
2021,12,28000,16.6,Hatchback,Toyota
2021,12,60000,48.9,Convertible,BMW
2021,12,45000,28.4,Hatchback,Audi
2021,12,65000,47.1,SUV,Toyota
2021,12,40000,31.5,Sedan,Toyota
2021,12,18000,31.1,Hatchback,Nissan
2021,12,45000,40.9,Sedan,Toyota
2021,12,70000,49.9,Convertible,BMW
2021,12,42000,43.5,SUV,Honda
2021,12,70000,31.5,Sedan,BMW
2021,12,25000,41.4,Hatchback,Nissan
2021,12,90000,45.9,SUV,Mercedes
2021,12,32000,48.1,Sedan,Ford
2021,12,32000,16.6,Hatchback,Toyota
2021,12,20000,31.5,SUV,Ford
2021,12,48000,25.2,Sedan,Subaru
2021,12,42000,35.2,SUV,Hyundai
2021,12,38000,17.0,SUV,Nissan
2021,12,25000,28.3,Sedan,Honda
2021,12,55000,19.9,Sedan,Audi
2021,12,65000,35.3,SUV,Audi
2021,12,75000,25.3,SUV,BMW
2021,12,100000,19.4,Convertible,Mercedes
2021,12,70000,22.4,Sedan,Tesla
2021,12,22000,44.0,SUV,Kia
2021,12,65000,48.9,Sedan,Honda
2021,12,45000,31.5,Sedan,Audi
2021,12,30000,32.7,Hatchback,Toyota
2021,12,30000,37.4,SUV,Ford
2021,12,60000,26.8,Sedan,Subaru
2021,12,30000,33.3,Sedan,Ford
2021,12,75000,27.2,SUV,Mercedes
2021,12,90000,40.5,SUV,Mercedes
2021,12,40000,43.7,SUV,Nissan
2021,12,40000,43.3,SUV,Toyota
2021,12,60000,46.1,SUV,Audi
2021,12,65000,29.3,SUV,Audi
2021,12,48000,35.0,Convertible,Toyota
2021,12,18000,15.5,SUV,Honda
2021,12,38000,44.9,Sedan,Honda
2021,12,70000,19.8,SUV,Mercedes
2021,12,22000,38.3,Convertible,Ford
2021,12,28000,46.9,Sedan,Ford
2021,12,120000,49.4,SUV,Tesla
2021,12,90000,36.5,Sedan,Tesla
2021,12,25000,15.6,Hatchback,Ford
2021,12,38000,29.1,Coupe,Toyota
2021,12,30000,30.3,SUV,Hyundai
2021,12,42000,30.4,Sedan,Chevrolet
2021,12,60000,20.3,Pickup,BMW
2021,12,90000,49.4,Sedan,Mercedes
2021,12,42000,44.6,Sedan,Toyota
2021,12,70000,28.4,Convertible,Audi
2021,12,28000,30.3,Sedan,Hyundai
2021,12,50000,34.4,Sedan,Audi
2021,12,55000,45.3,SUV,Audi
2021,12,48000,46.2,SUV,Honda
2021,12,28000,41.4,SUV,Ford
2021,12,28000,41.4,SUV,Hyundai
2022,1,60000,48.9,SUV,Honda
2022,1,90000,36.3,Pickup,BMW
2022,1,90000,30.2,Hatchback,Audi
2022,1,48000,43.8,Sedan,BMW
2022,1,65000,28.7,Sedan,Audi
2022,1,48000,19.4,Hatchback,Audi
2022,1,20000,20.4,SUV,Nissan
2022,1,60000,26.1,SUV,Toyota
2022,1,15000,42.6,Pickup,Chevrolet
2022,1,30000,16.8,SUV,Ford
2022,1,25000,39.9,Hatchback,Volkswagen
2022,1,65000,29.1,Sedan,BMW
2022,1,50000,37.8,Pickup,BMW
2022,1,28000,44.6,Pickup,Toyota
2022,1,45000,46.3,SUV,Toyota
2022,1,42000,34.1,SUV,Kia
2022,1,48000,25.4,Sedan,Audi
2022,1,45000,28.7,Sedan,Honda
2022,1,42000,36.4,Hatchback,Volkswagen
2022,1,30000,46.6,Sedan,Hyundai
2022,1,25000,25.5,SUV,Honda
2022,1,20000,32.8,SUV,Kia
2022,1,50000,45.1,SUV,Toyota
2022,1,65000,20.8,Sedan,Subaru
2022,1,42000,49.5,Hatchback,Toyota
2022,1,90000,39.0,Hatchback,Mercedes
2022,1,80000,18.3,SUV,Tesla
2022,1,55000,19.9,Coupe,Audi
2022,1,32000,29.1,SUV,Kia
2022,1,42000,15.4,Coupe,Audi
2022,1,42000,43.0,SUV,Nissan
2022,1,22000,38.1,Hatchback,Kia
2022,1,75000,40.5,SUV,BMW
2022,1,15000,42.2,SUV,Toyota
2022,1,28000,20.4,Sedan,Volkswagen
2022,1,120000,37.3,Sedan,BMW
2022,1,55000,34.6,Sedan,Audi
2022,1,42000,23.7,SUV,Toyota
2022,1,40000,24.0,SUV,Toyota
2022,1,70000,21.2,SUV,BMW
2022,1,80000,31.6,Sedan,Tesla
2022,1,65000,16.5,Sedan,Honda
2022,1,65000,35.7,Sedan,BMW
2022,1,120000,48.6,Sedan,Tesla
2022,1,32000,43.5,Hatchback,Toyota
2022,1,35000,18.2,Pickup,Toyota
2022,1,25000,16.9,Sedan,Volkswagen
2022,1,50000,19.3,Coupe,BMW
2022,1,15000,28.3,SUV,Nissan
2022,1,22000,43.1,Coupe,Hyundai
2022,1,100000,31.7,Sedan,BMW
2022,1,38000,23.3,SUV,Hyundai
2022,1,120000,26.2,Coupe,Mercedes
2022,1,42000,49.8,Pickup,Chevrolet
2022,1,15000,28.3,SUV,Honda
2022,1,32000,18.9,Sedan,Kia
2022,1,60000,26.3,SUV,Honda
2022,1,20000,20.2,Sedan,Toyota
2022,1,100000,31.9,Convertible,Mercedes
2022,1,28000,26.5,SUV,Toyota
2022,1,48000,42.8,Sedan,Audi
2022,1,18000,37.9,Sedan,Kia
2022,1,22000,32.3,Hatchback,Honda
2022,1,80000,24.4,SUV,BMW
2022,1,38000,18.3,Sedan,Hyundai
2022,1,40000,45.0,SUV,Toyota
2022,1,70000,41.9,Coupe,BMW
2022,1,50000,43.9,Sedan,Subaru
2022,1,55000,34.7,Sedan,Toyota
2022,1,40000,15.7,SUV,Ford
2022,1,40000,34.4,SUV,Ford
2022,1,80000,15.9,Sedan,BMW
2022,1,60000,30.6,SUV,Audi
2022,1,22000,16.3,Hatchback,Kia
2022,1,38000,29.5,SUV,Toyota
2022,1,28000,34.9,SUV,Nissan
2022,1,55000,36.9,Pickup,BMW
2022,1,90000,49.5,Sedan,Audi
2022,1,35000,46.6,Hatchback,Hyundai
2022,1,20000,46.4,SUV,Nissan
2022,2,55000,31.5,Sedan,Honda
2022,2,15000,23.2,Sedan,Kia
2022,2,55000,22.0,Pickup,Toyota
2022,2,42000,36.0,SUV,Toyota
2022,2,50000,21.3,SUV,Audi
2022,2,22000,26.7,Sedan,Volkswagen
2022,2,20000,46.5,Hatchback,Volkswagen
2022,2,25000,21.0,Hatchback,Kia
2022,2,35000,41.3,SUV,Toyota
2022,2,90000,25.2,Sedan,Mercedes
2022,2,35000,16.8,SUV,Toyota
2022,2,55000,26.0,Pickup,Audi
2022,2,40000,42.8,Sedan,Volkswagen
2022,2,30000,32.2,Sedan,Kia
2022,2,32000,21.5,Sedan,Honda
2022,2,75000,43.4,SUV,Mercedes
2022,2,55000,32.8,Sedan,Audi
2022,2,50000,32.2,Hatchback,Toyota
2022,2,90000,18.6,SUV,Tesla
2022,2,38000,49.1,SUV,Nissan
2022,2,45000,19.9,SUV,Audi
2022,2,80000,33.3,Hatchback,Mercedes
2022,2,50000,47.0,SUV,Toyota
2022,2,30000,35.6,Convertible,Ford
2022,2,55000,48.0,Coupe,Subaru
2022,2,90000,47.7,Sedan,Tesla
2022,2,55000,39.2,SUV,Toyota
2022,2,100000,43.8,SUV,Mercedes
2022,2,75000,23.5,Sedan,Mercedes
2022,2,20000,46.0,SUV,Toyota
2022,2,42000,42.9,Coupe,Hyundai
2022,2,45000,22.0,SUV,Subaru
2022,2,18000,41.2,SUV,Hyundai
2022,2,120000,19.6,Coupe,BMW
2022,2,45000,17.0,Hatchback,Subaru
2022,2,20000,48.3,Hatchback,Kia
2022,2,75000,48.2,SUV,Mercedes
2022,2,28000,25.3,Sedan,Toyota
2022,2,80000,38.5,Hatchback,Mercedes
2022,2,20000,26.4,SUV,Nissan
2022,2,35000,18.6,Sedan,Volkswagen
2022,2,65000,17.7,SUV,Honda
2022,2,15000,19.1,Sedan,Kia
2022,2,35000,48.5,Coupe,Toyota
2022,2,75000,47.8,Coupe,Tesla
2022,2,20000,34.1,Sedan,Honda
2022,2,75000,38.0,SUV,BMW
2022,2,45000,32.9,SUV,Honda
2022,2,48000,24.1,Sedan,Toyota
2022,2,40000,26.6,Hatchback,Hyundai
2022,2,65000,48.8,SUV,Toyota
2022,2,75000,37.7,Hatchback,Mercedes
2022,2,18000,26.8,SUV,Honda
2022,2,120000,46.6,Convertible,Mercedes
2022,2,22000,18.3,Coupe,Toyota
2022,2,35000,22.1,SUV,Hyundai
2022,2,35000,20.1,Pickup,Ford
2022,2,30000,23.4,Sedan,Volkswagen
2022,2,20000,25.0,Sedan,Toyota
2022,2,35000,49.2,Convertible,Ford
2022,2,38000,27.3,SUV,Honda
2022,2,42000,15.3,Convertible,Mazda
2022,2,28000,35.7,Pickup,Ford
2022,2,35000,21.3,Hatchback,Volkswagen
2022,2,80000,46.1,Sedan,Tesla
2022,2,50000,16.9,Sedan,Subaru
2022,2,32000,15.1,Pickup,Toyota
2022,2,50000,24.1,SUV,Subaru
2022,2,20000,31.4,Sedan,Hyundai
2022,2,18000,40.5,Convertible,Mazda
2022,2,80000,45.6,Pickup,Mercedes
2022,2,75000,47.3,Pickup,Audi
2022,2,70000,21.1,SUV,BMW
2022,2,80000,27.2,Sedan,Audi
2022,2,18000,48.1,SUV,Toyota
2022,2,20000,40.6,Convertible,BMW
2022,2,65000,18.5,SUV,Audi
2022,2,25000,44.4,SUV,Nissan
2022,2,22000,49.3,SUV,Toyota
2022,2,30000,34.3,Coupe,BMW
2022,3,42000,30.2,Pickup,Ford
2022,3,28000,40.0,SUV,Honda
2022,3,42000,30.5,Sedan,Honda
2022,3,32000,40.5,Hatchback,Honda
2022,3,48000,38.7,Sedan,Audi
2022,3,28000,21.4,SUV,Nissan
2022,3,90000,38.6,SUV,Tesla
2022,3,28000,49.8,Pickup,Chevrolet
2022,3,18000,35.3,Coupe,Audi
2022,3,40000,23.4,Convertible,Mazda
2022,3,25000,33.4,Convertible,Mazda
2022,3,32000,23.6,SUV,Ford
2022,3,120000,22.1,Pickup,Audi
2022,3,28000,16.6,SUV,Nissan
2022,3,35000,42.7,Sedan,Hyundai
2022,3,40000,23.0,SUV,Nissan
2022,3,45000,33.2,SUV,Toyota
2022,3,70000,26.6,Sedan,Mercedes
2022,3,35000,38.3,SUV,Honda
2022,3,25000,45.2,Sedan,Toyota
2022,3,25000,38.5,Coupe,Toyota
2022,3,60000,29.9,SUV,Audi
2022,3,20000,28.3,Coupe,Audi
2022,3,22000,16.2,SUV,Ford
2022,3,45000,31.0,Hatchback,Toyota
2022,3,30000,37.4,Sedan,Toyota
2022,3,35000,45.4,Sedan,Honda
2022,3,25000,42.7,Sedan,Kia
2022,3,35000,17.2,SUV,Toyota
2022,3,30000,19.8,Hatchback,Hyundai
2022,3,25000,24.9,Pickup,Chevrolet
2022,3,90000,48.4,Pickup,Mercedes
2022,3,75000,32.6,SUV,BMW
2022,3,100000,24.9,SUV,Tesla
2022,3,60000,44.6,SUV,Subaru
2022,3,42000,19.8,Convertible,BMW
2022,3,60000,44.1,Pickup,BMW
2022,3,15000,20.4,Coupe,Toyota
2022,3,70000,18.3,SUV,BMW
2022,3,48000,49.6,Hatchback,Honda
2022,3,28000,19.6,Hatchback,Honda
2022,3,50000,29.5,Hatchback,Toyota
2022,3,22000,20.8,SUV,Toyota
2022,3,18000,18.3,Sedan,Toyota
2022,3,65000,15.7,Coupe,Honda
2022,3,120000,46.5,Hatchback,Audi
2022,3,28000,38.7,Sedan,Toyota
2022,3,35000,49.3,Sedan,Nissan
2022,3,48000,39.4,Sedan,Toyota
2022,3,100000,42.6,Hatchback,Tesla
2022,3,70000,44.2,Pickup,BMW
2022,3,90000,24.0,Sedan,BMW
2022,3,100000,33.0,Hatchback,BMW
2022,3,100000,49.9,Sedan,BMW
2022,3,28000,34.9,Hatchback,Toyota
2022,3,120000,41.4,Convertible,Mercedes
2022,3,35000,27.3,SUV,Hyundai
2022,3,15000,20.9,SUV,Honda
2022,3,70000,49.3,Pickup,Tesla
2022,3,30000,19.8,Sedan,Hyundai
2022,3,28000,35.0,Sedan,Toyota
2022,3,40000,41.0,Sedan,Kia
2022,3,18000,19.6,Sedan,Kia
2022,3,42000,23.1,Sedan,Honda
2022,3,50000,26.8,Sedan,BMW
2022,3,18000,23.2,SUV,Toyota
2022,3,65000,49.7,SUV,Audi
2022,3,120000,42.7,SUV,Audi
2022,3,48000,46.7,Sedan,Toyota
2022,3,22000,17.8,SUV,Ford
2022,3,50000,21.1,SUV,BMW
2022,3,28000,17.5,Hatchback,Kia
2022,3,90000,46.7,SUV,Audi
2022,3,30000,42.9,Sedan,Kia
2022,3,90000,24.0,SUV,BMW
2022,3,15000,39.7,Sedan,Toyota
2022,3,15000,39.7,SUV,Toyota
2022,3,42000,45.5,SUV,Hyundai
2022,3,70000,19.2,Hatchback,Tesla
2022,3,38000,44.3,SUV,Ford
2022,4,65000,21.5,Hatchback,Toyota
2022,4,55000,47.9,Sedan,Audi
2022,4,100000,27.1,Sedan,Mercedes
2022,4,30000,17.2,SUV,Nissan
2022,4,55000,44.6,SUV,Toyota
2022,4,80000,31.2,SUV,BMW
2022,4,75000,28.9,SUV,Audi
2022,4,75000,28.0,SUV,Tesla
2022,4,80000,32.1,SUV,Mercedes
2022,4,45000,24.1,Hatchback,Honda
2022,4,42000,44.6,Sedan,Nissan
2022,4,32000,46.0,Sedan,Kia
2022,4,50000,35.1,Hatchback,Audi
2022,4,120000,31.6,SUV,BMW
2022,4,65000,33.1,Sedan,Toyota
2022,4,20000,27.3,SUV,Kia
2022,4,38000,43.2,Pickup,Chevrolet
2022,4,48000,25.3,Pickup,BMW
2022,4,48000,37.6,Sedan,Subaru
2022,4,45000,42.3,SUV,Audi
2022,4,28000,21.3,Sedan,Hyundai
2022,4,30000,34.8,Sedan,Hyundai
2022,4,38000,27.7,Sedan,Honda
2022,4,120000,46.1,SUV,BMW
2022,4,15000,30.8,Hatchback,Toyota
2022,4,20000,34.9,SUV,Kia
2022,4,65000,42.4,Pickup,Toyota
2022,4,22000,29.5,Sedan,Hyundai
2022,4,50000,37.0,SUV,Subaru
2022,4,55000,38.1,Convertible,Toyota
2022,4,30000,47.7,Sedan,Honda
2022,4,18000,36.7,SUV,Toyota
2022,4,18000,26.6,SUV,Ford
2022,4,32000,28.7,SUV,Honda
2022,4,28000,34.8,Coupe,Toyota
2022,4,38000,43.2,SUV,Hyundai
2022,4,40000,40.4,SUV,Honda
2022,4,48000,48.2,Pickup,Audi
2022,4,22000,19.7,SUV,Honda
2022,4,60000,26.5,SUV,Audi
2022,4,65000,22.0,Convertible,BMW
2022,4,48000,24.4,Sedan,BMW
2022,4,20000,26.9,SUV,Hyundai
2022,4,30000,16.5,SUV,Ford
2022,4,40000,44.7,Pickup,Chevrolet
2022,4,32000,45.0,SUV,Toyota
2022,4,45000,26.9,Hatchback,Toyota
2022,4,18000,38.0,Sedan,Toyota
2022,4,100000,47.1,SUV,Audi
2022,4,42000,44.7,SUV,Nissan
2022,4,65000,16.1,SUV,Subaru
2022,4,38000,43.2,Convertible,Mazda
2022,4,70000,39.7,SUV,Tesla
2022,4,60000,49.6,Sedan,Audi
2022,4,35000,36.4,Sedan,Nissan
2022,4,55000,43.6,Sedan,Audi
2022,4,40000,30.6,Sedan,Nissan
2022,4,32000,31.9,Pickup,Toyota
2022,4,55000,35.5,Sedan,BMW
2022,4,15000,19.9,Convertible,Mazda
2022,4,75000,37.0,SUV,Audi
2022,4,40000,20.9,SUV,Honda
2022,4,32000,17.5,Sedan,Hyundai
2022,4,100000,27.5,Convertible,Mercedes
2022,4,38000,30.9,SUV,Ford
2022,4,28000,42.9,SUV,Hyundai
2022,4,32000,20.9,SUV,Hyundai
2022,4,55000,31.5,Convertible,Honda
2022,4,20000,48.1,SUV,Kia
2022,4,65000,19.5,SUV,Subaru
2022,4,50000,40.3,Hatchback,BMW
2022,4,35000,46.4,Sedan,Hyundai
2022,4,70000,47.3,SUV,BMW
2022,4,90000,39.9,Sedan,BMW
2022,4,28000,15.6,SUV,Toyota
2022,4,80000,23.5,Sedan,Audi
2022,4,38000,26.5,SUV,Hyundai
2022,4,80000,28.5,Sedan,Tesla
2022,4,100000,44.4,Hatchback,BMW
2022,4,55000,38.3,SUV,BMW
2022,5,80000,33.0,Sedan,BMW
2022,5,48000,40.8,Sedan,Honda
2022,5,28000,48.4,Sedan,Honda
2022,5,18000,48.0,Coupe,Hyundai
2022,5,30000,45.7,Hatchback,Volkswagen
2022,5,75000,15.2,Hatchback,Audi
2022,5,42000,29.8,Sedan,Honda
2022,5,25000,17.3,SUV,Toyota
2022,5,120000,39.8,Convertible,Audi
2022,5,75000,46.0,Sedan,BMW
2022,5,20000,41.2,SUV,Nissan
2022,5,120000,38.0,SUV,Tesla
2022,5,45000,17.2,SUV,BMW
2022,5,40000,20.0,Coupe,Toyota
2022,5,45000,32.0,Pickup,Toyota
2022,5,30000,15.9,Pickup,Ford
2022,5,15000,31.6,Pickup,Ford
2022,5,75000,44.4,SUV,BMW
2022,5,20000,19.1,Sedan,Hyundai
2022,5,120000,21.1,Sedan,Audi
2022,5,50000,48.6,Hatchback,Toyota
2022,5,38000,39.1,Pickup,Toyota
2022,5,30000,41.0,SUV,Ford
2022,5,22000,43.8,Hatchback,Volkswagen
2022,5,20000,48.6,SUV,Hyundai
2022,5,120000,46.6,Sedan,BMW
2022,5,60000,18.8,Sedan,BMW
2022,5,55000,25.5,SUV,Subaru
2022,5,120000,16.8,SUV,BMW
2022,5,42000,19.1,SUV,Kia
2022,5,50000,18.9,Hatchback,Toyota
2022,5,28000,33.6,Coupe,Toyota
2022,5,30000,35.4,SUV,Kia
2022,5,90000,26.7,Coupe,BMW
2022,5,22000,47.9,Sedan,Kia
2022,5,20000,42.2,SUV,Honda
2022,5,60000,33.6,Sedan,BMW
2022,5,48000,15.8,SUV,Subaru
2022,5,70000,43.4,Sedan,Audi
2022,5,75000,37.4,SUV,Mercedes
2022,5,18000,24.3,SUV,Hyundai
2022,5,60000,45.1,Pickup,Toyota
2022,5,100000,49.3,Coupe,Audi
2022,5,35000,15.2,Sedan,Hyundai
2022,5,30000,35.9,SUV,Honda
2022,5,80000,37.8,Coupe,Audi
2022,5,25000,34.1,Hatchback,Toyota
2022,5,70000,42.3,Sedan,Audi
2022,5,28000,30.3,SUV,Toyota
2022,5,25000,15.5,Hatchback,Hyundai
2022,5,100000,21.3,SUV,BMW
2022,5,90000,49.9,SUV,Audi
2022,5,80000,38.7,SUV,Tesla
2022,5,32000,19.5,Pickup,Toyota
2022,5,80000,19.6,Hatchback,BMW
2022,5,80000,34.9,Convertible,Tesla
2022,5,38000,49.9,Sedan,Honda
2022,5,50000,17.4,Sedan,Toyota
2022,5,65000,29.6,Pickup,Toyota
2022,5,42000,46.8,Coupe,Audi
2022,5,50000,33.0,Hatchback,Toyota
2022,5,38000,17.8,Sedan,Hyundai
2022,5,20000,16.2,Coupe,Audi
2022,5,38000,21.8,Pickup,Toyota
2022,5,48000,17.8,Coupe,BMW
2022,5,20000,25.2,Convertible,Ford
2022,5,50000,26.1,Convertible,BMW
2022,5,38000,33.3,SUV,Nissan
2022,5,70000,21.2,Sedan,BMW
2022,5,70000,45.3,SUV,Audi
2022,5,90000,38.0,SUV,Audi
2022,5,15000,34.6,Convertible,BMW
2022,5,38000,35.8,SUV,Toyota
2022,5,35000,40.8,SUV,Honda
2022,5,100000,49.8,Convertible,Mercedes
2022,5,80000,31.2,Hatchback,Mercedes
2022,5,90000,23.4,SUV,BMW
2022,5,40000,44.6,Sedan,Hyundai
2022,5,50000,45.4,Sedan,Honda
2022,5,18000,45.1,SUV,Ford
2022,6,55000,23.2,Sedan,Toyota
2022,6,48000,34.5,Sedan,BMW
2022,6,40000,44.6,Hatchback,Volkswagen
2022,6,42000,45.9,Sedan,Hyundai
2022,6,45000,36.6,Sedan,BMW
2022,6,65000,35.5,Pickup,Honda
2022,6,22000,45.7,SUV,Kia
2022,6,65000,45.0,Convertible,Subaru
2022,6,28000,19.9,SUV,Honda
2022,6,18000,31.0,Hatchback,Honda
2022,6,80000,27.3,SUV,Mercedes
2022,6,55000,34.4,Pickup,Audi
2022,6,65000,15.9,Coupe,Audi
2022,6,90000,32.7,Sedan,BMW
2022,6,50000,20.0,Hatchback,Subaru
2022,6,100000,28.6,Pickup,Audi
2022,6,55000,25.9,Pickup,Subaru
2022,6,15000,26.3,Coupe,Hyundai
2022,6,25000,21.6,Pickup,Toyota
2022,6,45000,42.2,Sedan,BMW
2022,6,75000,39.6,Coupe,Tesla
2022,6,90000,27.0,Coupe,Mercedes
2022,6,38000,15.4,Sedan,Honda
2022,6,15000,16.8,SUV,Toyota
2022,6,22000,48.7,Hatchback,Kia
2022,6,70000,28.2,SUV,Tesla
2022,6,75000,35.5,SUV,BMW
2022,6,32000,15.9,Sedan,Kia
2022,6,35000,23.0,SUV,Hyundai
2022,6,75000,34.6,Pickup,Audi
2022,6,55000,49.0,SUV,Toyota
2022,6,100000,17.6,Pickup,Mercedes
2022,6,60000,44.5,Hatchback,Audi
2022,6,42000,23.1,SUV,Kia
2022,6,48000,24.6,Pickup,Subaru
2022,6,42000,31.6,Convertible,BMW
2022,6,15000,21.0,Pickup,Ford
2022,6,30000,20.6,Sedan,Honda
2022,6,65000,26.5,Hatchback,Honda
2022,6,120000,19.6,Sedan,BMW
2022,6,50000,46.6,Sedan,BMW
2022,6,35000,36.9,Sedan,Toyota
2022,6,22000,42.2,Pickup,Chevrolet
2022,6,70000,33.7,Sedan,Mercedes
2022,6,50000,42.8,Convertible,BMW
2022,6,55000,49.3,Convertible,BMW
2022,6,80000,21.5,SUV,BMW
2022,6,45000,33.7,Coupe,Honda
2022,6,30000,49.2,Coupe,BMW
2022,6,120000,23.7,SUV,Mercedes
2022,6,18000,39.6,Sedan,Hyundai
2022,6,55000,38.9,Pickup,Toyota
2022,6,50000,37.2,SUV,Toyota
2022,6,40000,22.9,Pickup,Chevrolet
2022,6,32000,37.1,SUV,Hyundai
2022,6,38000,39.6,SUV,Toyota
2022,6,55000,30.2,SUV,BMW
2022,6,80000,15.8,SUV,Audi
2022,6,50000,17.9,SUV,Subaru
2022,6,20000,17.2,SUV,Hyundai
2022,6,40000,26.5,Sedan,Toyota
2022,6,55000,35.3,Sedan,Honda
2022,6,100000,48.4,SUV,Audi
2022,6,18000,20.7,SUV,Hyundai
2022,6,28000,19.1,Sedan,Volkswagen
2022,6,38000,22.6,Hatchback,Toyota
2022,6,42000,35.9,Hatchback,Toyota
2022,6,50000,37.4,SUV,Audi
2022,6,25000,48.8,Sedan,Toyota
2022,6,90000,23.2,SUV,Tesla
2022,6,55000,26.0,SUV,Honda
2022,6,15000,46.9,Sedan,Kia
2022,6,40000,49.4,Sedan,Honda
2022,6,80000,42.7,Convertible,Mercedes
2022,6,32000,48.0,SUV,Honda
2022,6,42000,31.8,Pickup,Chevrolet
2022,6,80000,39.9,Pickup,BMW
2022,6,80000,16.7,Sedan,Audi
2022,6,18000,46.7,SUV,Toyota
2022,6,65000,42.9,Pickup,Toyota
2022,7,45000,18.7,SUV,Toyota
2022,7,25000,21.7,Sedan,Hyundai
2022,7,50000,32.3,Sedan,BMW
2022,7,55000,45.5,Convertible,BMW
2022,7,50000,49.1,SUV,BMW
2022,7,100000,48.7,SUV,Audi
2022,7,48000,25.4,Sedan,Toyota
2022,7,70000,19.8,Hatchback,BMW
2022,7,42000,18.3,Coupe,BMW
2022,7,25000,34.5,SUV,Honda
2022,7,80000,44.6,Pickup,BMW
2022,7,80000,22.9,SUV,Mercedes
2022,7,18000,41.3,Sedan,Toyota
2022,7,38000,17.6,Hatchback,Honda
2022,7,75000,42.6,Sedan,Mercedes
2022,7,20000,25.3,Coupe,Toyota
2022,7,20000,43.6,SUV,Toyota
2022,7,80000,25.8,Coupe,Mercedes
2022,7,120000,21.0,Hatchback,Mercedes
2022,7,50000,46.1,SUV,Toyota
2022,7,28000,19.2,Sedan,Volkswagen
2022,7,15000,45.0,Sedan,Toyota
2022,7,42000,49.8,Sedan,Honda
2022,7,32000,44.5,SUV,Toyota
2022,7,70000,34.8,Sedan,Audi
2022,7,15000,26.5,Sedan,Volkswagen
2022,7,75000,48.7,SUV,BMW
2022,7,45000,39.8,Sedan,BMW
2022,7,65000,26.1,SUV,Toyota
2022,7,50000,15.0,Hatchback,Subaru
2022,7,38000,20.6,Coupe,BMW
2022,7,15000,34.4,Sedan,Honda
2022,7,70000,45.1,SUV,Tesla
2022,7,40000,41.6,SUV,Toyota
2022,7,28000,22.6,Sedan,Hyundai
2022,7,20000,38.2,Sedan,Hyundai
2022,7,28000,46.2,Pickup,Chevrolet
2022,7,70000,25.8,Sedan,Audi
2022,7,100000,31.6,SUV,Tesla
2022,7,20000,16.5,SUV,Nissan
2022,7,60000,41.6,Hatchback,Audi
2022,7,35000,30.5,Sedan,Kia
2022,7,35000,34.6,Sedan,Kia
2022,7,35000,46.4,SUV,Toyota
2022,7,15000,42.5,Convertible,Mazda
2022,7,32000,37.0,Hatchback,Kia
2022,7,120000,23.8,SUV,Tesla
2022,7,18000,29.6,Hatchback,Kia
2022,7,65000,21.8,Sedan,BMW
2022,7,120000,44.3,SUV,BMW
2022,7,42000,28.6,Sedan,Kia
2022,7,42000,37.6,Hatchback,Kia
2022,7,60000,19.0,Pickup,BMW
2022,7,70000,22.6,Pickup,Mercedes
2022,7,100000,34.2,SUV,Mercedes
2022,7,20000,32.0,Pickup,Ford
2022,7,18000,43.2,Coupe,Audi
2022,7,120000,36.8,SUV,Mercedes
2022,7,70000,16.2,SUV,BMW
2022,7,15000,29.4,SUV,Honda
2022,7,40000,34.0,Convertible,BMW
2022,7,65000,15.5,Pickup,Audi
2022,7,80000,16.1,SUV,Audi
2022,7,20000,24.1,Sedan,Hyundai
2022,7,32000,24.7,SUV,Kia
2022,7,80000,16.8,Pickup,BMW
2022,7,65000,25.9,SUV,Audi
2022,7,22000,41.0,SUV,Nissan
2022,7,60000,42.4,SUV,Honda
2022,7,40000,25.3,SUV,Honda
2022,7,90000,28.8,Coupe,Tesla
2022,7,30000,48.9,Convertible,Ford
2022,7,50000,18.9,SUV,BMW
2022,7,40000,31.6,Hatchback,Toyota
2022,7,40000,20.4,Sedan,Volkswagen
2022,7,90000,35.7,SUV,Tesla
2022,7,28000,39.0,Sedan,Toyota
2022,7,45000,40.7,SUV,Honda
2022,7,22000,32.8,SUV,Honda
2022,7,55000,25.4,Pickup,Toyota
2022,8,40000,34.4,Sedan,Hyundai
2022,8,100000,29.7,Convertible,BMW
2022,8,48000,37.0,SUV,Honda
2022,8,28000,32.1,SUV,Toyota
2022,8,32000,26.6,SUV,Toyota
2022,8,70000,19.4,Sedan,BMW
2022,8,70000,40.6,Sedan,Tesla
2022,8,100000,19.7,SUV,BMW
2022,8,28000,32.9,Sedan,Kia
2022,8,90000,35.8,SUV,BMW
2022,8,20000,43.6,Coupe,BMW
2022,8,55000,42.0,Sedan,Honda
2022,8,35000,20.9,Pickup,Chevrolet
2022,8,90000,26.7,SUV,Audi
2022,8,48000,22.5,Convertible,BMW
2022,8,25000,36.1,SUV,Hyundai
2022,8,48000,33.2,Hatchback,Audi
2022,8,30000,24.5,SUV,Toyota
2022,8,25000,41.2,Hatchback,Volkswagen
2022,8,22000,43.1,SUV,Nissan
2022,8,18000,38.4,Sedan,Kia
2022,8,48000,48.6,Sedan,BMW
2022,8,22000,16.0,Hatchback,Volkswagen
2022,8,80000,41.7,Sedan,BMW
2022,8,45000,41.2,Sedan,Audi
2022,8,55000,20.8,Sedan,Audi
2022,8,18000,18.7,Sedan,Kia
2022,8,55000,46.1,Hatchback,BMW
2022,8,90000,38.6,SUV,Mercedes
2022,8,32000,18.9,SUV,Ford
2022,8,50000,34.3,SUV,Toyota
2022,8,40000,32.5,SUV,Hyundai
2022,8,35000,42.7,Pickup,Toyota
2022,8,32000,32.0,Sedan,Honda
2022,8,48000,16.7,Hatchback,BMW
2022,8,38000,37.7,Pickup,Toyota
2022,8,50000,27.2,SUV,Toyota
2022,8,20000,47.7,Hatchback,Toyota
2022,8,38000,45.2,Sedan,Volkswagen
2022,8,80000,47.3,Hatchback,Mercedes
2022,8,30000,22.6,SUV,Ford
2022,8,42000,43.7,SUV,Kia
2022,8,38000,37.4,Hatchback,Toyota
2022,8,35000,41.7,Sedan,Hyundai
2022,8,40000,37.4,SUV,Hyundai
2022,8,90000,25.9,SUV,Tesla
2022,8,15000,41.5,SUV,Toyota
2022,8,18000,26.1,SUV,Honda
2022,8,120000,45.3,SUV,Mercedes
2022,8,15000,20.7,SUV,Ford
2022,8,15000,37.3,Pickup,Chevrolet
2022,8,60000,36.4,Sedan,BMW
2022,8,60000,32.5,Pickup,Subaru
2022,8,60000,32.7,SUV,Toyota
2022,8,40000,17.2,Sedan,Hyundai
2022,8,60000,49.8,SUV,Audi
2022,8,50000,32.4,Convertible,BMW
2022,8,48000,18.5,Sedan,Subaru
2022,8,20000,22.2,Sedan,Volkswagen
2022,8,25000,32.5,Sedan,Kia
2022,8,80000,31.3,Hatchback,BMW
2022,8,42000,44.0,Sedan,Hyundai
2022,8,70000,26.0,SUV,BMW
2022,8,25000,29.8,Hatchback,Honda
2022,8,65000,48.1,Sedan,Toyota
2022,8,18000,49.5,Sedan,Hyundai
2022,8,22000,47.2,SUV,Toyota
2022,8,90000,20.9,SUV,BMW
2022,8,65000,21.5,Sedan,Toyota
2022,8,30000,22.1,Hatchback,Honda
2022,8,38000,46.8,Convertible,BMW
2022,8,80000,30.9,Coupe,BMW
2022,8,90000,30.9,Hatchback,Audi
2022,8,120000,33.4,Sedan,Mercedes
2022,8,42000,31.6,SUV,Toyota
2022,8,100000,17.3,SUV,Audi
2022,8,22000,26.3,Coupe,Hyundai
2022,8,15000,22.0,SUV,Toyota
2022,8,60000,36.2,SUV,Toyota
2022,8,42000,40.8,SUV,Honda
2022,9,42000,44.7,Coupe,Audi
2022,9,100000,33.4,Sedan,Audi
2022,9,25000,38.5,Sedan,Honda
2022,9,100000,43.0,Convertible,Audi
2022,9,55000,20.2,Sedan,Subaru
2022,9,25000,32.2,Sedan,Honda
2022,9,42000,27.9,Pickup,Ford
2022,9,42000,25.0,Pickup,Ford
2022,9,45000,23.7,Sedan,Toyota
2022,9,70000,47.4,SUV,Tesla
2022,9,55000,29.6,Hatchback,BMW
2022,9,35000,26.7,SUV,Honda
2022,9,120000,28.9,Sedan,Tesla
2022,9,65000,44.3,Hatchback,Audi
2022,9,120000,49.1,Sedan,Mercedes
2022,9,100000,18.4,Sedan,Audi
2022,9,48000,26.4,SUV,BMW
2022,9,38000,28.1,SUV,Toyota
2022,9,30000,33.5,Sedan,Hyundai
2022,9,48000,24.5,Pickup,BMW
2022,9,30000,35.1,Sedan,Honda
2022,9,90000,25.9,Sedan,BMW
2022,9,38000,31.2,Convertible,BMW
2022,9,20000,16.5,SUV,Nissan
2022,9,48000,28.2,Sedan,Audi
2022,9,80000,33.1,Hatchback,Audi
2022,9,50000,33.1,Convertible,BMW
2022,9,48000,36.3,Sedan,BMW
2022,9,30000,42.1,SUV,Toyota
2022,9,32000,28.2,Sedan,Toyota
2022,9,35000,46.5,Sedan,Honda
2022,9,45000,39.2,Sedan,Honda
2022,9,15000,20.7,SUV,Nissan
2022,9,28000,37.6,Sedan,Nissan
2022,9,28000,33.0,Convertible,BMW
2022,9,28000,24.6,SUV,Toyota
2022,9,100000,38.1,Coupe,BMW
2022,9,35000,25.2,SUV,Nissan
2022,9,50000,23.7,SUV,Toyota
2022,9,45000,34.3,SUV,Honda
2022,9,65000,36.9,SUV,Audi
2022,9,40000,36.7,SUV,Ford
2022,9,55000,24.5,Sedan,BMW
2022,9,22000,28.0,Pickup,Chevrolet
2022,9,75000,37.6,Sedan,Audi
2022,9,22000,49.2,SUV,Ford
2022,9,70000,34.3,Coupe,Tesla
2022,9,60000,29.6,SUV,Toyota
2022,9,18000,20.0,Convertible,Mazda
2022,9,45000,21.0,SUV,Honda
2022,9,48000,30.0,Convertible,Honda
2022,9,80000,45.6,Sedan,Mercedes
2022,9,48000,18.6,Sedan,Honda
2022,9,30000,37.9,Hatchback,Hyundai
2022,9,75000,25.3,Sedan,Mercedes
2022,9,120000,31.9,Sedan,Tesla
2022,9,32000,17.7,Pickup,Toyota
2022,9,20000,46.9,SUV,Honda
2022,9,18000,15.3,Convertible,BMW
2022,9,80000,19.5,Sedan,Mercedes
2022,9,30000,44.7,SUV,Ford
2022,9,45000,39.6,Sedan,Audi
2022,9,25000,34.9,SUV,Toyota
2022,9,100000,34.3,Sedan,Audi
2022,9,50000,35.4,SUV,BMW
2022,9,15000,15.4,Pickup,Toyota
2022,9,42000,23.3,SUV,Honda
2022,9,65000,26.1,Sedan,BMW
2022,9,120000,32.5,SUV,Audi
2022,9,25000,33.4,Sedan,Kia
2022,9,15000,36.8,Sedan,Kia
2022,9,48000,31.4,SUV,Toyota
2022,9,70000,36.5,Sedan,BMW
2022,9,15000,22.8,Hatchback,Kia
2022,9,25000,23.0,SUV,Nissan
2022,9,65000,32.5,Sedan,BMW
2022,9,30000,19.1,Sedan,Honda
2022,9,32000,15.9,Sedan,Hyundai
2022,9,70000,39.1,Hatchback,Tesla
2022,9,18000,22.4,Sedan,Honda
2022,10,45000,28.8,SUV,Audi
2022,10,42000,28.6,Sedan,Hyundai
2022,10,25000,31.6,Sedan,Honda
2022,10,45000,24.1,Hatchback,Toyota
2022,10,42000,28.9,SUV,Toyota
2022,10,38000,20.8,Sedan,Toyota
2022,10,25000,22.2,SUV,Hyundai
2022,10,55000,36.0,Pickup,BMW
2022,10,45000,42.2,SUV,Subaru
2022,10,22000,29.5,Sedan,Hyundai
2022,10,32000,18.5,SUV,Honda
2022,10,28000,24.0,Sedan,Hyundai
2022,10,120000,44.4,Sedan,Tesla
2022,10,28000,41.5,Sedan,Nissan
2022,10,30000,33.6,Coupe,Hyundai
2022,10,120000,22.4,SUV,Mercedes
2022,10,48000,19.5,Sedan,Audi
2022,10,32000,39.7,SUV,Toyota
2022,10,42000,34.5,SUV,Ford
2022,10,40000,48.4,SUV,Hyundai
2022,10,90000,36.4,Sedan,Audi
2022,10,20000,46.4,SUV,Honda
2022,10,20000,18.6,Coupe,Toyota
2022,10,20000,45.9,SUV,Toyota
2022,10,38000,37.1,Pickup,Toyota
2022,10,22000,46.6,Sedan,Toyota
2022,10,80000,29.5,Pickup,Mercedes
2022,10,20000,38.5,Sedan,Nissan
2022,10,100000,32.7,SUV,Mercedes
2022,10,50000,36.2,Sedan,Toyota
2022,10,120000,26.7,Coupe,Tesla
2022,10,100000,42.6,SUV,Mercedes
2022,10,42000,23.7,Sedan,Nissan
2022,10,65000,18.4,Sedan,Subaru
2022,10,20000,38.7,SUV,Toyota
2022,10,100000,28.2,Coupe,Audi
2022,10,50000,34.6,Sedan,Toyota
2022,10,28000,38.9,SUV,Honda
2022,10,90000,46.2,Hatchback,Audi
2022,10,45000,17.8,Sedan,Audi
2022,10,18000,47.9,Sedan,Toyota
2022,10,60000,45.1,Hatchback,Subaru
2022,10,15000,19.1,Sedan,Hyundai
2022,10,38000,36.5,SUV,Toyota
2022,10,65000,26.5,Hatchback,Honda
2022,10,15000,44.5,SUV,Honda
2022,10,42000,34.5,Sedan,Nissan
2022,10,80000,18.9,Sedan,BMW
2022,10,120000,43.7,SUV,Mercedes
2022,10,75000,39.4,Pickup,Tesla
2022,10,50000,37.9,SUV,Toyota
2022,10,30000,35.2,SUV,Toyota
2022,10,120000,46.7,Coupe,Tesla
2022,10,35000,48.5,Sedan,Toyota
2022,10,100000,17.0,SUV,Mercedes
2022,10,42000,19.0,Hatchback,Toyota
2022,10,70000,17.8,Convertible,BMW
2022,10,100000,30.2,Sedan,Audi
2022,10,100000,25.2,Sedan,BMW
2022,10,55000,39.4,SUV,Audi
2022,10,45000,46.0,SUV,Toyota
2022,10,20000,26.5,Sedan,Honda
2022,10,55000,34.7,Hatchback,Subaru
2022,10,80000,44.8,Pickup,Tesla
2022,10,38000,17.0,Sedan,Hyundai
2022,10,80000,16.6,Coupe,Mercedes
2022,10,48000,27.1,Coupe,Honda
2022,10,18000,15.4,Sedan,Kia
2022,10,70000,34.0,Sedan,BMW
2022,10,65000,21.4,Pickup,Toyota
2022,10,38000,17.9,Hatchback,Kia
2022,10,100000,26.6,Sedan,Tesla
2022,10,70000,22.6,Coupe,BMW
2022,10,42000,37.8,SUV,Nissan
2022,10,20000,43.4,SUV,Hyundai
2022,10,40000,48.2,SUV,Toyota
2022,10,32000,28.5,Hatchback,Hyundai
2022,10,55000,21.9,SUV,Honda
2022,10,38000,39.6,SUV,Ford
2022,10,30000,45.4,Sedan,Honda
2022,11,120000,17.6,Sedan,BMW
2022,11,30000,23.2,Coupe,BMW
2022,11,42000,31.9,Coupe,Toyota
2022,11,100000,45.1,SUV,BMW
2022,11,25000,19.4,SUV,Hyundai
2022,11,40000,32.6,SUV,Kia
2022,11,32000,31.2,Hatchback,Volkswagen
2022,11,20000,32.8,Sedan,Hyundai
2022,11,32000,16.9,Coupe,Toyota
2022,11,35000,22.5,SUV,Honda
2022,11,48000,40.3,Coupe,Honda
2022,11,15000,21.9,SUV,Honda
2022,11,42000,25.0,SUV,Hyundai
2022,11,18000,39.6,Hatchback,Hyundai
2022,11,30000,15.4,SUV,Honda
2022,11,50000,33.6,Hatchback,BMW
2022,11,30000,28.1,Convertible,Mazda
2022,11,55000,15.2,SUV,BMW
2022,11,50000,23.1,SUV,Audi
2022,11,38000,48.0,Convertible,Mazda
2022,11,30000,29.0,Sedan,Kia
2022,11,75000,33.5,Sedan,Mercedes
2022,11,30000,25.8,Sedan,Honda
2022,11,15000,47.1,Hatchback,Hyundai
2022,11,28000,49.0,Sedan,Kia
2022,11,48000,42.4,Hatchback,BMW
2022,11,75000,45.0,Sedan,BMW
2022,11,48000,39.8,Pickup,Subaru
2022,11,50000,26.5,Sedan,Toyota
2022,11,35000,36.2,SUV,Honda
2022,11,22000,19.2,SUV,Hyundai
2022,11,42000,36.9,Sedan,Kia
2022,11,90000,43.6,Hatchback,Mercedes
2022,11,65000,34.4,Pickup,Subaru
2022,11,32000,18.0,SUV,Hyundai
2022,11,120000,38.4,SUV,Mercedes
2022,11,50000,44.1,SUV,Audi
2022,11,15000,24.5,Coupe,Toyota
2022,11,25000,24.8,Sedan,Kia
2022,11,70000,24.0,SUV,Audi
2022,11,30000,22.1,Hatchback,Hyundai
2022,11,70000,35.6,SUV,Mercedes
2022,11,20000,16.8,Sedan,Toyota
2022,11,15000,20.3,Hatchback,Hyundai
2022,11,45000,41.1,Coupe,Toyota
2022,11,35000,49.3,SUV,Nissan
2022,11,30000,34.3,Hatchback,Hyundai
2022,11,50000,41.3,SUV,Audi
2022,11,40000,21.9,Sedan,Toyota
2022,11,60000,24.9,Coupe,Subaru
2022,11,100000,49.1,Pickup,Tesla
2022,11,55000,47.6,Sedan,Subaru
2022,11,25000,19.9,Sedan,Honda
2022,11,18000,33.3,Sedan,Toyota
2022,11,120000,22.2,Sedan,Mercedes
2022,11,48000,20.3,Pickup,Subaru
2022,11,75000,37.1,Coupe,Audi
2022,11,40000,31.8,Coupe,Hyundai
2022,11,55000,25.5,SUV,Subaru
2022,11,65000,17.2,Sedan,BMW
2022,11,20000,18.5,SUV,Kia
2022,11,38000,20.4,Sedan,Honda
2022,11,80000,17.8,Convertible,BMW
2022,11,25000,32.9,SUV,Nissan
2022,11,40000,30.5,SUV,Toyota
2022,11,80000,19.7,Pickup,Audi
2022,11,28000,31.8,Sedan,Toyota
2022,11,120000,31.8,Pickup,Mercedes
2022,11,90000,46.4,Sedan,BMW
2022,11,70000,24.5,SUV,BMW
2022,11,70000,18.2,Convertible,Mercedes
2022,11,48000,44.5,Convertible,BMW
2022,11,35000,36.0,SUV,Honda
2022,11,40000,30.5,SUV,Nissan
2022,11,45000,37.2,SUV,Toyota
2022,11,120000,23.3,Coupe,BMW
2022,11,50000,16.9,Convertible,Honda
2022,11,100000,23.7,Hatchback,Mercedes
2022,11,60000,20.4,Pickup,Honda
2022,11,45000,28.9,Coupe,BMW
2022,12,60000,16.7,Hatchback,Audi
2022,12,80000,41.1,Coupe,BMW
2022,12,40000,25.8,SUV,Hyundai
2022,12,18000,31.1,Pickup,Chevrolet
2022,12,22000,38.5,Coupe,Hyundai
2022,12,28000,35.0,SUV,Toyota
2022,12,35000,42.9,Pickup,Ford
2022,12,90000,26.3,Coupe,Audi
2022,12,50000,19.3,SUV,BMW
2022,12,70000,18.8,Sedan,Mercedes
2022,12,65000,49.3,SUV,BMW
2022,12,15000,36.7,Sedan,Toyota
2022,12,28000,30.7,SUV,Ford
2022,12,75000,27.1,Sedan,BMW
2022,12,50000,20.3,SUV,Honda
2022,12,48000,15.1,SUV,BMW
2022,12,38000,42.8,Sedan,Toyota
2022,12,25000,16.3,Sedan,Honda
2022,12,120000,38.6,Sedan,Audi
2022,12,30000,17.0,Sedan,Kia
2022,12,50000,40.6,Convertible,BMW
2022,12,90000,16.3,Hatchback,Mercedes
2022,12,120000,42.1,SUV,BMW
2022,12,28000,44.6,Pickup,Ford
2022,12,28000,18.1,SUV,Kia
2022,12,30000,44.6,Sedan,Hyundai
2022,12,90000,34.4,Pickup,Mercedes
2022,12,90000,15.9,Sedan,Tesla
2022,12,60000,15.9,Pickup,Honda
2022,12,75000,32.8,Sedan,Mercedes
2022,12,15000,18.9,Sedan,Kia
2022,12,20000,38.0,Sedan,Kia
2022,12,100000,36.6,SUV,BMW
2022,12,75000,24.2,Coupe,Mercedes
2022,12,18000,18.0,SUV,Hyundai
2022,12,65000,30.0,Sedan,Toyota
2022,12,65000,23.6,SUV,Subaru
2022,12,70000,47.7,Convertible,BMW
2022,12,42000,24.2,SUV,Toyota
2022,12,48000,28.0,Sedan,BMW
2022,12,55000,26.0,Sedan,Toyota
2022,12,70000,35.4,Sedan,Tesla
2022,12,38000,33.3,Sedan,Hyundai
2022,12,25000,25.1,Sedan,Kia
2022,12,28000,24.8,Sedan,Honda
2022,12,28000,17.0,Sedan,Toyota
2022,12,65000,15.5,SUV,BMW
2022,12,32000,36.9,Pickup,Chevrolet
2022,12,15000,37.7,SUV,Toyota
2022,12,42000,16.8,Coupe,BMW
2022,12,32000,32.8,Pickup,Chevrolet
2022,12,120000,24.9,SUV,Tesla
2022,12,90000,27.1,Sedan,Mercedes
2022,12,32000,29.1,Sedan,Toyota
2022,12,80000,23.8,Pickup,Mercedes
2022,12,50000,17.9,SUV,Honda
2022,12,18000,18.2,SUV,Toyota
2022,12,120000,24.1,Sedan,BMW
2022,12,32000,36.4,SUV,Honda
2022,12,75000,34.6,Pickup,Audi
2022,12,60000,37.3,Pickup,Audi
2022,12,20000,47.1,Hatchback,Hyundai
2022,12,50000,40.2,Hatchback,Toyota
2022,12,55000,24.0,Sedan,BMW
2022,12,28000,37.1,Sedan,Toyota
2022,12,75000,38.6,Sedan,Audi
2022,12,40000,47.2,SUV,Honda
2022,12,45000,19.9,SUV,Subaru
2022,12,32000,39.5,Convertible,Mazda
2022,12,75000,36.7,Coupe,Mercedes
2022,12,38000,29.2,Sedan,Kia
2022,12,120000,17.3,Sedan,Mercedes
2022,12,80000,36.9,Coupe,Audi
2022,12,90000,35.8,Hatchback,BMW
2022,12,90000,48.2,Sedan,Mercedes
2022,12,120000,19.1,SUV,Tesla
2022,12,80000,19.4,Hatchback,BMW
2022,12,25000,21.8,Convertible,Ford
2022,12,48000,44.1,Convertible,Subaru
2022,12,15000,15.9,SUV,Toyota
2023,1,42000,25.6,Hatchback,Hyundai
2023,1,20000,31.2,SUV,Kia
2023,1,100000,37.4,Sedan,Audi
2023,1,42000,34.6,SUV,Toyota
2023,1,55000,31.9,SUV,Subaru
2023,1,65000,30.3,SUV,BMW
2023,1,20000,33.9,SUV,Honda
2023,1,70000,41.1,Coupe,Tesla
2023,1,65000,17.5,SUV,Audi
2023,1,35000,49.5,Sedan,Hyundai
2023,1,22000,15.2,SUV,Honda
2023,1,32000,41.0,SUV,Nissan
2023,1,15000,45.2,Coupe,Audi
2023,1,30000,38.1,SUV,Toyota
2023,1,80000,41.2,Sedan,Tesla
2023,1,30000,26.1,Convertible,BMW
2023,1,80000,32.5,Hatchback,BMW
2023,1,40000,15.4,Convertible,Ford
2023,1,65000,50.0,Sedan,Audi
2023,1,42000,40.0,Sedan,Hyundai
2023,1,40000,46.1,Convertible,Mazda
2023,1,25000,21.1,Sedan,Hyundai
2023,1,35000,42.1,Pickup,Toyota
2023,1,22000,47.5,Sedan,Toyota
2023,1,28000,23.0,Coupe,Toyota
2023,1,35000,42.3,SUV,Toyota
2023,1,75000,18.9,SUV,Mercedes
2023,1,42000,21.5,Sedan,Honda
2023,1,70000,35.9,Sedan,BMW
2023,1,18000,22.0,Sedan,Volkswagen
2023,1,28000,42.6,Coupe,BMW
2023,1,60000,44.8,SUV,Subaru
2023,1,50000,15.3,SUV,Honda
2023,1,60000,19.9,Sedan,Audi
2023,1,40000,19.5,SUV,Nissan
2023,1,30000,16.9,Coupe,BMW
2023,1,50000,48.5,Sedan,Honda
2023,1,20000,37.9,SUV,Honda
2023,1,120000,28.6,Sedan,Tesla
2023,1,22000,38.8,Sedan,Hyundai
2023,1,50000,26.8,Hatchback,Audi
2023,1,65000,16.9,Hatchback,Toyota
2023,1,40000,47.3,Sedan,Honda
2023,1,35000,34.7,Sedan,Honda
2023,1,45000,28.1,Hatchback,Toyota
2023,1,55000,49.3,Sedan,BMW
2023,1,15000,20.5,Sedan,Hyundai
2023,1,15000,40.2,SUV,Kia
2023,1,65000,37.1,Sedan,Toyota
2023,1,55000,40.6,SUV,Subaru
2023,1,42000,47.5,SUV,Kia
2023,1,70000,16.7,SUV,BMW
2023,1,90000,22.5,SUV,Audi
2023,1,120000,29.0,Pickup,Mercedes
2023,1,20000,20.5,Sedan,Kia
2023,1,40000,29.0,Sedan,Hyundai
2023,1,32000,21.9,SUV,Toyota
2023,1,50000,34.2,Sedan,BMW
2023,1,70000,24.1,Sedan,BMW
2023,1,55000,26.8,Sedan,Toyota
2023,1,100000,30.9,SUV,Tesla
2023,1,38000,36.6,Pickup,Chevrolet
2023,1,20000,35.8,Sedan,Toyota
2023,1,80000,39.6,Sedan,BMW
2023,1,25000,24.5,SUV,Hyundai
2023,1,42000,46.8,Sedan,Hyundai
2023,1,80000,25.5,Pickup,Mercedes
2023,1,22000,23.4,Sedan,Kia
2023,1,75000,28.4,SUV,Tesla
2023,1,48000,36.7,SUV,BMW
2023,1,48000,48.2,Sedan,Audi
2023,1,15000,24.5,SUV,Ford
2023,1,22000,33.4,Pickup,Toyota
2023,1,42000,15.1,Hatchback,Hyundai
2023,1,65000,16.0,SUV,Subaru
2023,1,65000,44.6,Hatchback,BMW
2023,1,20000,37.9,SUV,Nissan
2023,1,20000,27.9,Sedan,Toyota
2023,1,35000,26.1,Hatchback,Honda
2023,1,100000,27.6,SUV,Tesla
2023,2,70000,29.2,Sedan,Audi
2023,2,20000,22.9,Hatchback,Toyota
2023,2,28000,46.8,SUV,Nissan
2023,2,35000,16.1,Pickup,Toyota
2023,2,25000,25.7,Sedan,Toyota
2023,2,80000,41.7,Sedan,Tesla
2023,2,90000,19.6,Sedan,Mercedes
2023,2,40000,40.4,SUV,Toyota
2023,2,38000,36.8,Sedan,Kia
2023,2,42000,23.2,SUV,Nissan
2023,2,22000,40.3,Sedan,Toyota
2023,2,80000,48.2,SUV,Mercedes
2023,2,38000,26.2,Sedan,Kia
2023,2,100000,18.1,SUV,Mercedes
2023,2,90000,17.3,Hatchback,BMW
2023,2,38000,16.4,SUV,Toyota
2023,2,70000,18.9,Hatchback,Tesla
2023,2,70000,44.1,Pickup,BMW
2023,2,30000,34.1,Convertible,BMW
2023,2,80000,42.3,Convertible,Mercedes
2023,2,42000,17.2,Convertible,BMW
2023,2,65000,27.2,SUV,Toyota
2023,2,35000,31.9,Hatchback,Toyota
2023,2,70000,41.6,Sedan,Tesla
2023,2,45000,31.4,SUV,Honda
2023,2,15000,27.2,Sedan,Kia
2023,2,75000,23.5,SUV,Mercedes
2023,2,22000,29.1,Sedan,Volkswagen
2023,2,38000,32.8,Coupe,Toyota
2023,2,22000,19.5,SUV,Hyundai
2023,2,55000,19.7,Sedan,Subaru
2023,2,25000,35.3,Sedan,Honda
2023,2,35000,39.2,Sedan,Volkswagen
2023,2,45000,23.8,SUV,Toyota
2023,2,40000,25.1,SUV,Nissan
2023,2,40000,33.6,Sedan,Hyundai
2023,2,20000,28.7,SUV,Kia
2023,2,50000,23.0,SUV,Honda
2023,2,45000,42.7,Sedan,Audi
2023,2,70000,44.0,Pickup,Mercedes
2023,2,120000,28.0,SUV,BMW
2023,2,70000,24.3,Hatchback,BMW
2023,2,50000,15.9,SUV,Toyota
2023,2,18000,49.5,Sedan,Kia
2023,2,18000,48.5,Sedan,Honda
2023,2,20000,18.6,Hatchback,Honda
2023,2,70000,43.0,Coupe,Mercedes
2023,2,100000,43.0,SUV,BMW
2023,2,35000,25.0,SUV,Ford
2023,2,32000,32.0,Coupe,Hyundai
2023,2,15000,15.1,SUV,Ford
2023,2,25000,34.8,Sedan,Kia
2023,2,42000,28.2,SUV,Hyundai
2023,2,42000,26.4,Coupe,Hyundai
2023,2,100000,23.9,Pickup,BMW
2023,2,100000,43.7,Sedan,BMW
2023,2,75000,32.5,SUV,BMW
2023,2,18000,48.8,SUV,Honda
2023,2,65000,40.0,Convertible,Audi
2023,2,55000,25.0,Sedan,Subaru
2023,2,120000,20.6,SUV,Tesla
2023,2,120000,17.4,Pickup,Audi
2023,2,75000,20.3,Sedan,Audi
2023,2,25000,25.3,SUV,Honda
2023,2,18000,44.4,Sedan,Volkswagen
2023,2,25000,48.7,SUV,Honda
2023,2,42000,26.5,SUV,Nissan
2023,2,15000,30.2,Sedan,Toyota
2023,2,80000,27.4,Hatchback,Mercedes
2023,2,75000,33.4,Sedan,Mercedes
2023,2,15000,27.7,Convertible,BMW
2023,2,35000,40.0,Pickup,Chevrolet
2023,2,42000,44.6,Hatchback,Hyundai
2023,2,18000,25.8,Pickup,Ford
2023,2,50000,49.8,Hatchback,BMW
2023,2,32000,21.3,Sedan,Hyundai
2023,2,18000,42.4,Convertible,BMW
2023,2,35000,31.9,SUV,Honda
2023,2,120000,26.5,Pickup,BMW
2023,2,100000,42.3,Pickup,BMW
2023,3,25000,45.9,Sedan,Nissan
2023,3,22000,33.2,SUV,Kia
2023,3,30000,16.1,Convertible,BMW
2023,3,28000,28.6,Sedan,Toyota
2023,3,28000,48.8,Convertible,BMW
2023,3,48000,38.1,SUV,BMW
2023,3,48000,16.2,Sedan,BMW
2023,3,35000,46.2,Coupe,Hyundai
2023,3,38000,49.8,Hatchback,Hyundai
2023,3,90000,26.2,SUV,Tesla
2023,3,20000,15.3,Pickup,Ford
2023,3,25000,25.8,Sedan,Toyota
2023,3,75000,46.9,SUV,Tesla
2023,3,42000,44.3,Convertible,Mazda
2023,3,50000,16.3,Sedan,Audi
2023,3,35000,19.8,Pickup,Ford
2023,3,120000,38.1,SUV,Audi
2023,3,80000,40.2,Convertible,Tesla
2023,3,20000,25.9,Sedan,Kia
2023,3,25000,37.4,SUV,Nissan
2023,3,45000,37.7,SUV,BMW
2023,3,60000,17.1,Sedan,Toyota
2023,3,42000,26.8,SUV,Nissan
2023,3,22000,40.7,Sedan,Toyota
2023,3,100000,27.2,Sedan,Tesla
2023,3,30000,22.4,SUV,Honda
2023,3,70000,26.5,Sedan,Audi
2023,3,40000,21.6,Sedan,Toyota
2023,3,50000,23.4,SUV,Toyota
2023,3,30000,46.9,SUV,Honda
2023,3,100000,46.3,SUV,Tesla
2023,3,45000,18.9,Hatchback,Audi
2023,3,55000,43.4,Hatchback,Audi
2023,3,80000,46.9,Sedan,Mercedes
2023,3,50000,41.9,Coupe,Subaru
2023,3,45000,42.3,SUV,Audi
2023,3,48000,42.3,Coupe,Audi
2023,3,100000,32.9,SUV,BMW
2023,3,18000,35.1,Hatchback,Hyundai
2023,3,18000,30.6,SUV,Ford
2023,3,48000,33.6,SUV,Audi
2023,3,90000,19.3,SUV,Tesla
2023,3,75000,43.6,Sedan,Tesla
2023,3,90000,44.9,SUV,BMW
2023,3,20000,25.5,SUV,Nissan
2023,3,15000,29.5,Hatchback,Hyundai
2023,3,18000,23.3,SUV,Hyundai
2023,3,28000,41.6,Coupe,Hyundai
2023,3,25000,27.7,Sedan,Kia
2023,3,70000,29.3,SUV,Tesla
2023,3,38000,22.4,Sedan,Hyundai
2023,3,70000,42.1,Hatchback,Mercedes
2023,3,50000,17.0,SUV,Audi
2023,3,48000,24.5,Sedan,Toyota
2023,3,120000,15.2,SUV,Mercedes
2023,3,80000,35.0,SUV,BMW
2023,3,48000,22.3,SUV,BMW
2023,3,70000,47.7,Sedan,Tesla
2023,3,35000,20.0,Convertible,Mazda
2023,3,38000,41.6,SUV,Toyota
2023,3,28000,46.9,SUV,Kia
2023,3,15000,39.2,Convertible,Ford
2023,3,42000,16.1,Pickup,Chevrolet
2023,3,60000,17.9,Sedan,Toyota
2023,3,25000,36.3,Sedan,Hyundai
2023,3,60000,20.2,Sedan,Honda
2023,3,45000,29.0,Pickup,Honda
2023,3,15000,46.1,Convertible,Mazda
2023,3,70000,38.5,Hatchback,BMW
2023,3,90000,46.6,Pickup,Tesla
2023,3,30000,16.0,SUV,Hyundai
2023,3,35000,23.3,Sedan,Toyota
2023,3,100000,24.5,SUV,BMW
2023,3,70000,39.7,SUV,BMW
2023,3,65000,49.5,SUV,Toyota
2023,3,22000,38.5,Sedan,Hyundai
2023,3,30000,40.3,Hatchback,Honda
2023,3,18000,43.7,SUV,Hyundai
2023,3,65000,29.4,SUV,BMW
2023,3,65000,28.6,Convertible,Honda
2023,4,60000,40.7,SUV,Toyota
2023,4,38000,41.6,Sedan,Kia
2023,4,48000,39.3,Sedan,Honda
2023,4,30000,42.4,Sedan,Nissan
2023,4,65000,29.2,SUV,Toyota
2023,4,70000,31.2,SUV,BMW
2023,4,20000,35.4,Convertible,BMW
2023,4,22000,39.6,Sedan,Hyundai
2023,4,55000,36.8,Sedan,Audi
2023,4,42000,42.0,Pickup,Ford
2023,4,100000,48.9,Convertible,Audi
2023,4,15000,43.8,Pickup,Ford
2023,4,40000,33.8,SUV,Honda
2023,4,38000,46.1,SUV,Hyundai
2023,4,25000,18.7,SUV,Ford
2023,4,30000,36.1,SUV,Honda
2023,4,28000,48.2,Sedan,Toyota
2023,4,32000,48.8,Sedan,Hyundai
2023,4,32000,43.7,SUV,Ford
2023,4,45000,43.1,Sedan,Subaru
2023,4,28000,38.0,SUV,Kia
2023,4,20000,45.3,Coupe,Toyota
2023,4,30000,45.4,SUV,Honda
2023,4,65000,27.6,SUV,Audi
2023,4,15000,17.6,Sedan,Honda
2023,4,55000,41.8,Sedan,Toyota
2023,4,120000,33.2,SUV,Audi
2023,4,40000,20.0,Sedan,Kia
2023,4,28000,48.7,Sedan,Toyota
2023,4,22000,35.4,SUV,Toyota
2023,4,25000,38.0,Pickup,Chevrolet
2023,4,120000,15.5,Sedan,BMW
2023,4,22000,29.6,Sedan,Hyundai
2023,4,22000,48.6,SUV,Toyota
2023,4,50000,33.6,Sedan,Honda
2023,4,25000,19.3,Sedan,Toyota
2023,4,100000,42.3,Coupe,BMW
2023,4,22000,25.1,Sedan,Nissan
2023,4,50000,47.2,Convertible,Honda
2023,4,45000,21.7,Sedan,Subaru
2023,4,45000,48.7,SUV,Toyota
2023,4,55000,40.5,Pickup,Subaru
2023,4,90000,18.1,Convertible,Mercedes
2023,4,18000,20.4,Sedan,Kia
2023,4,90000,22.4,Sedan,Tesla
2023,4,80000,16.9,Convertible,Tesla
2023,4,65000,40.0,SUV,BMW
2023,4,18000,46.5,Coupe,BMW
2023,4,32000,38.8,Sedan,Honda
2023,4,50000,47.1,Coupe,Toyota
2023,4,18000,31.4,SUV,Honda
2023,4,32000,45.4,Sedan,Toyota
2023,4,50000,36.9,Convertible,BMW
2023,4,20000,28.4,Sedan,Toyota
2023,4,28000,33.1,Hatchback,Hyundai
2023,4,28000,22.9,Sedan,Hyundai
2023,4,45000,38.1,Sedan,Subaru
2023,4,28000,48.1,SUV,Ford
2023,4,65000,34.1,SUV,Honda
2023,4,90000,29.0,Coupe,BMW
2023,4,65000,42.9,SUV,BMW
2023,4,22000,49.8,SUV,Honda
2023,4,25000,43.3,Coupe,BMW
2023,4,40000,28.8,Hatchback,Kia
2023,4,20000,28.1,Hatchback,Kia
2023,4,18000,48.1,Coupe,BMW
2023,4,20000,30.9,SUV,Toyota
2023,4,48000,44.3,SUV,Toyota
2023,4,28000,26.7,Sedan,Honda
2023,4,38000,17.0,Sedan,Hyundai
2023,4,35000,35.0,Sedan,Toyota
2023,4,42000,17.2,SUV,Toyota
2023,4,40000,39.4,Coupe,Audi
2023,4,25000,32.7,Convertible,Mazda
2023,4,120000,31.0,Sedan,Audi
2023,4,55000,40.2,Coupe,BMW
2023,4,48000,40.7,Hatchback,Subaru
2023,4,18000,48.1,SUV,Hyundai
2023,4,38000,34.8,Pickup,Chevrolet
2023,4,100000,45.6,Coupe,Mercedes
2023,5,32000,49.1,SUV,Toyota
2023,5,48000,33.0,SUV,Toyota
2023,5,50000,19.4,SUV,Subaru
2023,5,90000,32.5,Pickup,Audi
2023,5,32000,18.4,Sedan,Hyundai
2023,5,80000,40.7,Coupe,BMW
2023,5,38000,41.7,Sedan,Volkswagen
2023,5,120000,22.5,SUV,Audi
2023,5,30000,24.8,Convertible,BMW
2023,5,28000,45.2,Sedan,Toyota
2023,5,90000,33.5,Hatchback,Mercedes
2023,5,22000,36.9,Pickup,Toyota
2023,5,28000,39.6,SUV,Toyota
2023,5,25000,37.2,Hatchback,Hyundai
2023,5,120000,37.8,Hatchback,Audi
2023,5,48000,36.8,SUV,Audi
2023,5,120000,33.2,Pickup,Audi
2023,5,22000,27.8,Coupe,Audi
2023,5,75000,22.8,Coupe,BMW
2023,5,48000,43.8,Pickup,Audi
2023,5,65000,34.7,SUV,Toyota
2023,5,45000,15.8,Hatchback,BMW
2023,5,70000,18.6,SUV,Tesla
2023,5,75000,16.8,SUV,Mercedes
2023,5,80000,16.5,Convertible,Audi
2023,5,80000,36.5,Sedan,BMW
2023,5,18000,27.2,Coupe,Audi
2023,5,65000,37.4,SUV,Subaru
2023,5,18000,23.4,Pickup,Ford
2023,5,70000,19.4,SUV,Audi
2023,5,25000,48.0,SUV,Nissan
2023,5,35000,15.6,Sedan,Kia
2023,5,48000,23.5,Coupe,BMW
2023,5,30000,15.9,Sedan,Honda
2023,5,15000,44.0,SUV,Toyota
2023,5,40000,49.4,Pickup,Chevrolet
2023,5,20000,41.2,Pickup,Chevrolet
2023,5,35000,17.0,SUV,Toyota
2023,5,45000,40.0,Sedan,Audi
2023,5,90000,48.8,Sedan,Audi
2023,5,42000,42.5,Sedan,Toyota
2023,5,48000,18.7,Sedan,Audi
2023,5,70000,37.4,Sedan,BMW
2023,5,80000,32.4,SUV,Tesla
2023,5,48000,18.3,SUV,Toyota
2023,5,48000,24.8,SUV,BMW
2023,5,100000,33.1,SUV,Tesla
2023,5,100000,40.3,SUV,Mercedes
2023,5,70000,29.7,SUV,Mercedes
2023,5,35000,17.2,SUV,Honda
2023,5,35000,42.3,Pickup,Ford
2023,5,22000,38.7,Convertible,Ford
2023,5,22000,38.2,Pickup,Toyota
2023,5,100000,43.0,Coupe,Mercedes
2023,5,100000,43.6,SUV,Mercedes
2023,5,15000,25.3,Sedan,Hyundai
2023,5,38000,26.5,Sedan,Toyota
2023,5,25000,37.1,Sedan,Kia
2023,5,45000,26.5,Pickup,Subaru
2023,5,100000,49.1,Pickup,Mercedes
2023,5,22000,33.3,SUV,Nissan
2023,5,20000,42.0,SUV,Kia
2023,5,45000,27.7,Hatchback,Audi
2023,5,65000,31.0,Coupe,BMW
2023,5,42000,23.2,Coupe,Audi
2023,5,70000,38.5,Convertible,Tesla
2023,5,70000,38.1,SUV,Audi
2023,5,90000,34.4,Hatchback,Tesla
2023,5,22000,16.6,Coupe,BMW
2023,5,38000,17.2,Sedan,Hyundai
2023,5,18000,30.8,SUV,Honda
2023,5,22000,16.6,SUV,Honda
2023,5,22000,30.5,Hatchback,Kia
2023,5,32000,47.2,Pickup,Chevrolet
2023,5,22000,40.8,SUV,Toyota
2023,5,42000,31.6,Convertible,Mazda
2023,5,50000,45.8,SUV,BMW
2023,5,65000,23.7,Sedan,BMW
2023,5,18000,40.0,Hatchback,Honda
2023,5,100000,42.1,Convertible,Mercedes
2023,6,32000,44.9,Sedan,Kia
2023,6,35000,40.8,SUV,Toyota
2023,6,25000,22.1,Sedan,Honda
2023,6,100000,43.0,Hatchback,BMW
2023,6,70000,28.4,Sedan,Audi
2023,6,45000,49.6,Sedan,Subaru
2023,6,30000,21.4,Sedan,Volkswagen
2023,6,30000,27.9,Hatchback,Hyundai
2023,6,100000,34.0,Sedan,Mercedes
2023,6,60000,27.0,Coupe,Audi
2023,6,32000,40.5,SUV,Toyota
2023,6,22000,26.6,Pickup,Chevrolet
2023,6,55000,45.9,Pickup,Subaru
2023,6,22000,32.1,Coupe,BMW
2023,6,50000,21.3,SUV,Honda
2023,6,45000,49.6,SUV,Toyota
2023,6,42000,39.7,SUV,Nissan
2023,6,55000,47.0,Coupe,BMW
2023,6,25000,33.6,Sedan,Kia
2023,6,15000,41.7,SUV,Ford
2023,6,28000,16.5,SUV,Hyundai
2023,6,20000,41.6,SUV,Toyota
2023,6,50000,41.0,Hatchback,Audi
2023,6,32000,30.9,SUV,Kia
2023,6,40000,15.8,Sedan,Honda
2023,6,25000,47.5,Convertible,Ford
2023,6,42000,29.7,SUV,Kia
2023,6,20000,46.4,SUV,Hyundai
2023,6,25000,43.7,SUV,Toyota
2023,6,42000,24.7,Sedan,Honda
2023,6,80000,46.1,Sedan,Mercedes
2023,6,80000,34.7,Sedan,Mercedes
2023,6,42000,36.4,SUV,Hyundai
2023,6,75000,21.0,SUV,BMW
2023,6,90000,17.1,Sedan,Tesla
2023,6,48000,45.9,Convertible,BMW
2023,6,48000,37.9,Sedan,BMW
2023,6,25000,37.9,SUV,Ford
2023,6,38000,34.5,SUV,Nissan
2023,6,28000,40.9,Pickup,Chevrolet
2023,6,90000,20.7,SUV,Tesla
2023,6,40000,41.6,SUV,Hyundai
2023,6,55000,38.8,Pickup,Toyota
2023,6,55000,22.6,Hatchback,Toyota
2023,6,120000,49.1,SUV,Audi
2023,6,70000,19.3,Sedan,Tesla
2023,6,100000,37.1,SUV,Tesla
2023,6,100000,26.0,Sedan,Mercedes
2023,6,100000,41.8,Sedan,BMW
2023,6,120000,23.4,SUV,Audi
2023,6,30000,15.4,SUV,Kia
2023,6,80000,42.4,Hatchback,BMW
2023,6,25000,25.6,Sedan,Toyota
2023,6,55000,38.6,Sedan,Honda
2023,6,50000,25.4,Hatchback,Toyota
2023,6,30000,38.1,Hatchback,Hyundai
2023,6,45000,41.1,SUV,Audi
2023,6,30000,34.0,Sedan,Hyundai
2023,6,70000,18.1,Sedan,BMW
2023,6,30000,25.2,Pickup,Toyota
2023,6,30000,31.7,Hatchback,Honda
2023,6,75000,40.9,Pickup,Audi
2023,6,48000,23.1,SUV,Toyota
2023,6,30000,36.6,SUV,Honda
2023,6,55000,40.0,Sedan,Audi
2023,6,100000,31.0,Hatchback,Mercedes
2023,6,15000,23.9,SUV,Ford
2023,6,30000,21.8,Hatchback,Kia
2023,6,28000,26.1,Coupe,BMW
2023,6,38000,32.6,Hatchback,Honda
2023,6,60000,24.1,Sedan,Toyota
2023,6,20000,29.5,Sedan,Toyota
2023,6,48000,28.2,Convertible,Toyota
2023,6,32000,38.3,Sedan,Hyundai
2023,6,32000,39.7,Hatchback,Toyota
2023,6,20000,45.6,Convertible,Mazda
2023,6,40000,44.8,Hatchback,Kia
2023,6,70000,28.2,SUV,Mercedes
2023,6,48000,33.2,Hatchback,Honda
2023,6,55000,17.6,Sedan,BMW
2023,7,28000,19.8,Sedan,Hyundai
2023,7,30000,40.1,Sedan,Kia
2023,7,48000,26.2,SUV,BMW
2023,7,80000,31.4,Hatchback,Tesla
2023,7,65000,19.0,Coupe,Honda
2023,7,75000,15.5,Convertible,BMW
2023,7,40000,27.0,Coupe,BMW
2023,7,32000,30.9,Sedan,Volkswagen
2023,7,120000,29.7,Pickup,Audi
2023,7,18000,43.0,SUV,Hyundai
2023,7,75000,18.9,Sedan,Audi
2023,7,80000,23.0,SUV,BMW
2023,7,90000,44.2,Coupe,BMW
2023,7,35000,45.4,SUV,Kia
2023,7,42000,32.6,Sedan,Toyota
2023,7,40000,35.7,SUV,Toyota
2023,7,80000,18.1,SUV,Mercedes
2023,7,75000,21.7,Coupe,Audi
2023,7,120000,27.9,Convertible,Mercedes
2023,7,75000,17.4,SUV,Mercedes
2023,7,48000,25.5,Sedan,Toyota
2023,7,75000,33.4,Sedan,BMW
2023,7,35000,27.6,SUV,Nissan
2023,7,20000,28.5,Sedan,Honda
2023,7,20000,27.1,Hatchback,Honda
2023,7,42000,39.4,Pickup,Toyota
2023,7,15000,15.1,Sedan,Kia
2023,7,50000,16.8,SUV,BMW
2023,7,35000,39.1,SUV,Hyundai
2023,7,25000,16.2,Pickup,Chevrolet
2023,7,48000,45.0,Sedan,Toyota
2023,7,60000,24.4,Sedan,Toyota
2023,7,35000,43.2,Sedan,Kia
2023,7,25000,32.4,Pickup,Ford
2023,7,18000,29.1,Hatchback,Honda
2023,7,65000,33.2,Coupe,Toyota
2023,7,20000,27.4,SUV,Kia
2023,7,55000,48.6,SUV,Honda
2023,7,35000,23.8,Pickup,Toyota
2023,7,48000,46.9,Hatchback,BMW
2023,7,32000,28.4,Coupe,Audi
2023,7,20000,29.0,Coupe,Audi
2023,7,15000,31.0,SUV,Toyota
2023,7,42000,26.3,SUV,Nissan
2023,7,65000,24.1,SUV,Audi
2023,7,42000,32.0,Coupe,Toyota
2023,7,100000,26.9,Coupe,Audi
2023,7,38000,34.3,Sedan,Toyota
2023,7,70000,15.8,SUV,BMW
2023,7,100000,40.5,SUV,Audi
2023,7,70000,48.0,Hatchback,Tesla
2023,7,65000,44.9,SUV,Toyota
2023,7,32000,49.8,Sedan,Hyundai
2023,7,42000,30.9,Pickup,Ford
2023,7,55000,18.6,SUV,BMW
2023,7,28000,48.9,Hatchback,Volkswagen
2023,7,65000,39.7,SUV,Honda
2023,7,80000,15.4,Sedan,Tesla
2023,7,90000,30.5,Pickup,Mercedes
2023,7,40000,45.6,Sedan,Toyota
2023,7,28000,18.4,Sedan,Hyundai
2023,7,70000,31.1,SUV,BMW
2023,7,80000,25.7,SUV,BMW
2023,7,30000,27.2,Convertible,BMW
2023,7,45000,16.0,Sedan,Audi
2023,7,45000,42.1,Sedan,Audi
2023,7,35000,22.6,SUV,Nissan
2023,7,25000,35.6,Sedan,Toyota
2023,7,80000,23.3,Sedan,Mercedes
2023,7,40000,26.5,Coupe,BMW
2023,7,38000,19.9,Coupe,BMW
2023,7,80000,43.8,SUV,Audi
2023,7,48000,31.8,Pickup,Toyota
2023,7,30000,46.1,Hatchback,Toyota
2023,7,28000,47.3,SUV,Nissan
2023,7,120000,26.5,Pickup,BMW
2023,7,28000,24.4,Coupe,BMW
2023,7,100000,30.8,Coupe,Mercedes
2023,7,28000,40.6,Convertible,BMW
2023,7,100000,47.3,Sedan,BMW
2023,8,30000,21.7,SUV,Hyundai
2023,8,80000,19.2,Sedan,Audi
2023,8,80000,45.7,SUV,Audi
2023,8,120000,19.2,Coupe,Mercedes
2023,8,80000,26.0,Coupe,Mercedes
2023,8,18000,30.1,Sedan,Honda
2023,8,25000,40.5,Sedan,Kia
2023,8,22000,31.1,Pickup,Toyota
2023,8,50000,45.5,SUV,Subaru
2023,8,120000,49.3,SUV,BMW
2023,8,42000,39.8,Convertible,BMW
2023,8,40000,15.7,Pickup,Ford
2023,8,25000,17.7,SUV,Toyota
2023,8,60000,20.7,SUV,BMW
2023,8,22000,15.4,Hatchback,Kia
2023,8,48000,15.2,Sedan,Audi
2023,8,15000,35.5,SUV,Nissan
2023,8,100000,42.7,SUV,BMW
2023,8,75000,40.7,SUV,BMW
2023,8,40000,29.8,Convertible,BMW
2023,8,20000,25.8,Coupe,Audi
2023,8,45000,39.2,Pickup,Toyota
2023,8,30000,30.0,Sedan,Hyundai
2023,8,120000,35.2,SUV,Audi
2023,8,60000,29.3,SUV,Honda
2023,8,20000,47.2,Pickup,Chevrolet
2023,8,50000,46.8,Sedan,Audi
2023,8,22000,38.4,SUV,Honda
2023,8,35000,25.9,Pickup,Ford
2023,8,15000,20.2,Sedan,Hyundai
2023,8,28000,36.7,Pickup,Ford
2023,8,100000,30.0,SUV,Mercedes
2023,8,75000,21.7,SUV,Tesla
2023,8,25000,49.8,Pickup,Toyota
2023,8,70000,42.1,Coupe,BMW
2023,8,70000,36.6,Convertible,Audi
2023,8,25000,47.7,Sedan,Volkswagen
2023,8,15000,31.4,Convertible,Mazda
2023,8,70000,23.8,SUV,Audi
2023,8,42000,44.8,SUV,Toyota
2023,8,22000,23.7,Convertible,Mazda
2023,8,70000,44.3,Coupe,Mercedes
2023,8,32000,47.8,Coupe,Audi
2023,8,32000,21.8,Pickup,Ford
2023,8,70000,30.8,SUV,Mercedes
2023,8,20000,35.7,Pickup,Chevrolet
2023,8,22000,40.8,SUV,Toyota
2023,8,40000,28.5,SUV,Honda
2023,8,15000,40.0,SUV,Nissan
2023,8,75000,31.0,SUV,BMW
2023,8,120000,22.4,Sedan,Audi
2023,8,20000,20.1,Sedan,Volkswagen
2023,8,18000,24.3,SUV,Hyundai
2023,8,42000,36.0,SUV,Kia
2023,8,48000,29.3,Sedan,Audi
2023,8,60000,29.9,SUV,Audi
2023,8,60000,34.8,Coupe,Toyota
2023,8,38000,39.2,Convertible,Ford
2023,8,65000,40.1,SUV,Audi
2023,8,65000,36.5,SUV,BMW
2023,8,22000,47.9,Pickup,Ford
2023,8,35000,31.7,Hatchback,Toyota
2023,8,22000,34.5,Sedan,Honda
2023,8,38000,48.5,Pickup,Ford
2023,8,50000,22.4,Convertible,Subaru
2023,8,45000,21.4,Sedan,BMW
2023,8,28000,45.1,SUV,Honda
2023,8,22000,30.7,SUV,Honda
2023,8,28000,38.6,Convertible,Mazda
2023,8,18000,44.0,SUV,Hyundai
2023,8,45000,49.4,Sedan,Toyota
2023,8,42000,43.6,SUV,Nissan
2023,8,70000,20.4,Pickup,BMW
2023,8,75000,15.1,Sedan,BMW
2023,8,55000,23.6,SUV,Toyota
2023,8,55000,41.6,Hatchback,BMW
2023,8,32000,41.4,Sedan,Toyota
2023,8,30000,49.4,Sedan,Kia
2023,8,90000,27.4,SUV,Tesla
2023,8,18000,17.7,Sedan,Kia
2023,9,70000,25.0,SUV,Tesla
2023,9,18000,43.2,Sedan,Nissan
2023,9,80000,40.0,Hatchback,Mercedes
2023,9,25000,23.1,Sedan,Hyundai
2023,9,80000,21.7,SUV,Mercedes
2023,9,18000,43.6,SUV,Ford
2023,9,22000,25.1,Sedan,Honda
2023,9,45000,43.1,Pickup,BMW
2023,9,32000,45.7,SUV,Ford
2023,9,28000,26.2,Pickup,Ford
2023,9,22000,30.2,Sedan,Nissan
2023,9,28000,43.6,Pickup,Chevrolet
2023,9,120000,20.8,Hatchback,Tesla
2023,9,80000,36.2,Pickup,BMW
2023,9,25000,46.5,SUV,Hyundai
2023,9,45000,41.6,Hatchback,Honda
2023,9,70000,32.6,Sedan,Audi
2023,9,20000,37.8,Sedan,Nissan
2023,9,15000,46.8,SUV,Toyota
2023,9,60000,21.3,Sedan,BMW
2023,9,28000,35.9,Sedan,Nissan
2023,9,50000,30.4,Convertible,Toyota
2023,9,75000,21.9,SUV,BMW
2023,9,38000,18.9,Sedan,Kia
2023,9,65000,19.4,SUV,BMW
2023,9,32000,20.7,Coupe,Hyundai
2023,9,45000,36.7,Coupe,Audi
2023,9,22000,49.6,Pickup,Chevrolet
2023,9,45000,40.0,Sedan,Audi
2023,9,65000,36.3,Coupe,Honda
2023,9,18000,32.1,Pickup,Ford
2023,9,15000,38.7,Sedan,Hyundai
2023,9,75000,38.8,SUV,Tesla
2023,9,55000,23.6,Sedan,Toyota
2023,9,65000,26.2,Sedan,BMW
2023,9,18000,32.9,Sedan,Hyundai
2023,9,20000,49.3,Pickup,Toyota
2023,9,120000,38.6,Hatchback,Audi
2023,9,45000,35.2,Convertible,Toyota
2023,9,50000,34.0,SUV,Audi
2023,9,22000,15.0,Sedan,Honda
2023,9,100000,46.9,SUV,Mercedes
2023,9,70000,31.9,SUV,Audi
2023,9,75000,47.9,SUV,BMW
2023,9,22000,49.5,Sedan,Toyota
2023,9,35000,38.0,Sedan,Kia
2023,9,70000,45.9,Sedan,Mercedes
2023,9,18000,35.1,SUV,Toyota
2023,9,32000,26.1,SUV,Honda
2023,9,30000,30.9,SUV,Toyota
2023,9,15000,26.3,Sedan,Hyundai
2023,9,40000,49.2,Convertible,Mazda
2023,9,90000,47.3,Sedan,Tesla
2023,9,75000,39.3,Pickup,Tesla
2023,9,65000,18.0,SUV,BMW
2023,9,38000,38.8,Hatchback,Kia
2023,9,100000,19.2,SUV,Tesla
2023,9,42000,24.8,Sedan,Hyundai
2023,9,45000,40.6,Sedan,Honda
2023,9,30000,43.5,Coupe,Toyota
2023,9,75000,49.0,Pickup,Mercedes
2023,9,60000,18.2,SUV,Subaru
2023,9,35000,31.3,SUV,Honda
2023,9,25000,39.0,Sedan,Hyundai
2023,9,28000,34.3,Pickup,Chevrolet
2023,9,50000,31.2,Hatchback,Toyota
2023,9,20000,47.3,SUV,Toyota
2023,9,35000,19.3,Sedan,Hyundai
2023,9,80000,49.9,Sedan,Tesla
2023,9,48000,20.7,Convertible,Toyota
2023,9,20000,40.2,SUV,Toyota
2023,9,20000,25.8,SUV,Kia
2023,9,120000,20.1,Sedan,BMW
2023,9,50000,43.8,Sedan,BMW
2023,9,90000,46.0,Sedan,Tesla
2023,9,42000,30.7,SUV,Nissan
2023,9,80000,43.8,Pickup,Mercedes
2023,9,75000,25.1,SUV,Mercedes
2023,9,15000,40.2,SUV,Nissan
2023,9,18000,16.2,Coupe,Toyota
2023,10,30000,44.8,Pickup,Ford
2023,10,15000,41.9,Pickup,Chevrolet
2023,10,18000,38.0,SUV,Toyota
2023,10,18000,19.6,Sedan,Nissan
2023,10,38000,39.5,SUV,Ford
2023,10,35000,37.8,SUV,Hyundai
2023,10,70000,40.0,Coupe,Mercedes
2023,10,18000,47.9,Coupe,Hyundai
2023,10,75000,41.8,SUV,Audi
2023,10,48000,16.5,SUV,BMW
2023,10,32000,22.3,SUV,Kia
2023,10,28000,40.5,Pickup,Ford
2023,10,60000,41.5,Pickup,Honda
2023,10,80000,17.1,Pickup,Mercedes
2023,10,50000,43.6,Pickup,Toyota
2023,10,100000,20.5,Coupe,Audi
2023,10,38000,30.4,SUV,Honda
2023,10,70000,48.3,Hatchback,Audi
2023,10,55000,45.6,Sedan,Subaru
2023,10,90000,27.4,Convertible,Audi
2023,10,18000,42.3,Sedan,Kia
2023,10,75000,21.8,SUV,Audi
2023,10,75000,35.8,Coupe,Tesla
2023,10,45000,44.3,Coupe,Honda
2023,10,30000,32.5,SUV,Honda
2023,10,120000,45.8,Pickup,BMW
2023,10,70000,40.6,Coupe,BMW
2023,10,30000,15.6,SUV,Toyota
2023,10,38000,47.1,Sedan,Toyota
2023,10,38000,19.5,Convertible,Mazda
2023,10,48000,36.8,Pickup,BMW
2023,10,30000,37.6,Coupe,Toyota
2023,10,70000,23.1,Pickup,BMW
2023,10,50000,45.0,Sedan,Audi
2023,10,48000,27.6,Sedan,BMW
2023,10,20000,40.2,SUV,Hyundai
2023,10,45000,22.6,SUV,Honda
2023,10,25000,43.6,Sedan,Kia
2023,10,35000,33.3,SUV,Hyundai
2023,10,60000,39.5,Sedan,Audi
2023,10,20000,35.5,SUV,Honda
2023,10,38000,40.1,Coupe,Hyundai
2023,10,60000,30.9,SUV,Audi
2023,10,38000,34.5,Coupe,BMW
2023,10,120000,45.8,SUV,Mercedes
2023,10,28000,20.8,Coupe,BMW
2023,10,48000,43.3,SUV,Audi
2023,10,42000,49.3,Sedan,Honda
2023,10,28000,30.7,Sedan,Hyundai
2023,10,28000,27.1,Sedan,Hyundai
2023,10,80000,22.5,Pickup,Audi
2023,10,25000,24.6,Hatchback,Nissan
2023,10,32000,24.9,SUV,Toyota
2023,10,65000,47.1,SUV,Toyota
2023,10,55000,37.6,SUV,Toyota
2023,10,20000,17.6,Hatchback,Honda
2023,10,38000,41.7,SUV,Honda
2023,10,100000,23.9,Sedan,Audi
2023,10,60000,17.3,Sedan,Toyota
2023,10,48000,37.6,Sedan,BMW
2023,10,18000,22.1,SUV,Toyota
2023,10,50000,44.0,SUV,Audi
2023,10,50000,42.9,Pickup,BMW
2023,10,90000,19.3,Hatchback,Tesla
2023,10,18000,18.7,SUV,Hyundai
2023,10,15000,43.0,Hatchback,Toyota
2023,10,25000,46.0,Coupe,Toyota
2023,10,25000,25.0,SUV,Kia
2023,10,40000,47.7,Convertible,Ford
2023,10,65000,44.4,SUV,BMW
2023,10,50000,49.3,Pickup,BMW
2023,10,35000,17.7,SUV,Ford
2023,10,45000,22.5,Coupe,Honda
2023,10,28000,28.2,Sedan,Kia
2023,10,25000,23.2,SUV,Honda
2023,10,32000,22.8,SUV,Hyundai
2023,10,45000,36.9,SUV,Subaru
2023,10,80000,44.6,SUV,Mercedes
2023,10,65000,38.4,Convertible,BMW
2023,10,75000,18.9,SUV,Mercedes
2023,11,80000,42.8,SUV,BMW
2023,11,100000,48.1,Pickup,BMW
2023,11,22000,40.9,Hatchback,Kia
2023,11,22000,15.9,Pickup,Toyota
2023,11,22000,46.8,Sedan,Volkswagen
2023,11,25000,42.7,Convertible,Mazda
2023,11,75000,48.9,Coupe,Mercedes
2023,11,90000,35.0,Hatchback,Tesla
2023,11,35000,21.0,Convertible,Mazda
2023,11,28000,41.0,Hatchback,Hyundai
2023,11,65000,25.4,SUV,Toyota
2023,11,35000,37.5,SUV,Kia
2023,11,18000,43.0,SUV,Toyota
2023,11,100000,41.6,SUV,BMW
2023,11,38000,34.4,Convertible,Mazda
2023,11,120000,41.3,Coupe,BMW
2023,11,48000,16.4,Sedan,Honda
2023,11,22000,20.0,Coupe,BMW
2023,11,120000,26.1,SUV,Tesla
2023,11,32000,47.9,Coupe,BMW
2023,11,18000,16.2,Sedan,Volkswagen
2023,11,38000,41.5,Sedan,Hyundai
2023,11,22000,26.3,SUV,Ford
2023,11,50000,43.8,Sedan,Subaru
2023,11,28000,31.7,SUV,Toyota
2023,11,30000,44.9,SUV,Hyundai
2023,11,18000,35.8,SUV,Nissan
2023,11,65000,24.9,SUV,BMW
2023,11,65000,28.6,SUV,Subaru
2023,11,50000,17.8,SUV,Audi
2023,11,22000,31.9,Hatchback,Hyundai
2023,11,120000,44.7,Sedan,BMW
2023,11,120000,34.8,Sedan,Mercedes
2023,11,28000,26.7,Sedan,Volkswagen
2023,11,60000,21.4,SUV,Audi
2023,11,100000,29.4,Sedan,Mercedes
2023,11,100000,29.8,Sedan,Mercedes
2023,11,55000,30.1,Hatchback,Toyota
2023,11,55000,28.7,Sedan,Subaru
2023,11,45000,25.6,Sedan,Subaru
2023,11,28000,16.5,Pickup,Chevrolet
2023,11,15000,48.0,Coupe,Audi
2023,11,70000,31.7,SUV,Tesla
2023,11,28000,29.5,Sedan,Honda
2023,11,30000,35.5,SUV,Toyota
2023,11,65000,23.3,SUV,Subaru
2023,11,45000,42.9,Sedan,Toyota
2023,11,55000,48.3,Pickup,BMW
2023,11,15000,45.9,Sedan,Hyundai
2023,11,65000,44.9,Sedan,Audi
2023,11,55000,21.4,Sedan,Subaru
2023,11,55000,19.9,Pickup,Honda
2023,11,65000,19.9,Hatchback,Toyota
2023,11,20000,30.4,Convertible,Mazda
2023,11,38000,26.7,Sedan,Kia
2023,11,30000,15.9,SUV,Toyota
2023,11,25000,42.1,SUV,Ford
2023,11,32000,18.6,SUV,Toyota
2023,11,25000,25.3,Coupe,Hyundai
2023,11,48000,21.2,Convertible,Audi
2023,11,60000,40.6,SUV,BMW
2023,11,48000,30.7,SUV,Audi
2023,11,30000,46.4,Hatchback,Toyota
2023,11,50000,28.7,SUV,BMW
2023,11,30000,36.4,SUV,Nissan
2023,11,120000,32.4,SUV,BMW
2023,11,25000,50.0,Convertible,Ford
2023,11,30000,41.8,SUV,Toyota
2023,11,22000,15.9,Pickup,Chevrolet
2023,11,45000,22.4,SUV,Audi
2023,11,40000,43.0,SUV,Hyundai
2023,11,50000,27.9,Hatchback,Honda
2023,11,38000,43.3,Hatchback,Hyundai
2023,11,75000,39.3,Sedan,Mercedes
2023,11,75000,23.4,Hatchback,Tesla
2023,11,38000,16.8,Sedan,Toyota
2023,11,50000,32.7,SUV,Honda
2023,11,100000,31.5,Sedan,BMW
2023,11,30000,19.4,SUV,Hyundai
2023,11,18000,25.8,Sedan,Kia
2023,12,38000,31.8,Convertible,BMW
2023,12,20000,48.5,SUV,Toyota
2023,12,20000,37.5,Sedan,Toyota
2023,12,70000,24.9,Sedan,BMW
2023,12,20000,21.3,Sedan,Kia
2023,12,90000,48.6,Convertible,BMW
2023,12,25000,29.5,Pickup,Toyota
2023,12,65000,38.1,SUV,Toyota
2023,12,30000,42.8,Sedan,Kia
2023,12,55000,39.1,Sedan,Audi
2023,12,42000,46.7,Sedan,Hyundai
2023,12,65000,32.7,Convertible,Honda
2023,12,48000,32.8,Coupe,Toyota
2023,12,45000,41.0,SUV,BMW
2023,12,35000,35.4,Convertible,Mazda
2023,12,48000,36.2,Sedan,Toyota
2023,12,18000,16.5,SUV,Honda
2023,12,100000,32.2,Pickup,Mercedes
2023,12,42000,37.4,SUV,Honda
2023,12,28000,32.3,Coupe,BMW
2023,12,38000,49.2,Sedan,Toyota
2023,12,25000,27.0,Pickup,Chevrolet
2023,12,70000,21.0,Convertible,BMW
2023,12,42000,32.0,Pickup,Chevrolet
2023,12,18000,26.6,Sedan,Honda
2023,12,42000,35.9,SUV,Honda
2023,12,35000,39.1,Hatchback,Kia
2023,12,38000,24.9,Sedan,Hyundai
2023,12,32000,39.1,SUV,Ford
2023,12,38000,24.2,Pickup,Toyota
2023,12,18000,42.7,Sedan,Toyota
2023,12,38000,24.1,Convertible,Ford
2023,12,60000,34.6,Convertible,Toyota
2023,12,45000,38.4,SUV,Audi
2023,12,15000,15.9,Sedan,Honda
2023,12,45000,37.4,Hatchback,BMW
2023,12,65000,34.2,Convertible,BMW
2023,12,40000,26.5,SUV,Honda
2023,12,25000,30.9,Sedan,Toyota
2023,12,28000,48.7,Coupe,BMW
2023,12,35000,21.4,SUV,Toyota
2023,12,70000,27.1,SUV,Audi
2023,12,18000,28.4,Sedan,Hyundai
2023,12,30000,44.8,Convertible,Mazda
2023,12,32000,37.6,SUV,Nissan
2023,12,120000,31.8,Hatchback,Tesla
2023,12,38000,21.3,SUV,Kia
2023,12,45000,35.2,Hatchback,Toyota
2023,12,18000,47.6,Sedan,Volkswagen
2023,12,18000,43.5,SUV,Toyota
2023,12,22000,15.6,SUV,Toyota
2023,12,55000,34.7,SUV,Subaru
2023,12,22000,20.7,Sedan,Honda
2023,12,42000,17.5,Sedan,Hyundai
2023,12,55000,17.9,SUV,Subaru
2023,12,35000,31.0,SUV,Nissan
2023,12,70000,43.3,SUV,Mercedes
2023,12,75000,25.0,SUV,Audi
2023,12,15000,21.5,SUV,Hyundai
2023,12,48000,33.0,SUV,Audi
2023,12,18000,16.5,SUV,Ford
2023,12,70000,21.3,Pickup,BMW
2023,12,90000,36.8,SUV,BMW
2023,12,20000,17.5,SUV,Toyota
2023,12,40000,41.6,Coupe,BMW
2023,12,45000,39.4,Hatchback,Honda
2023,12,30000,16.2,Sedan,Honda
2023,12,100000,29.9,SUV,Audi
2023,12,55000,30.5,SUV,BMW
2023,12,90000,37.7,Sedan,Mercedes
2023,12,48000,28.1,SUV,Toyota
2023,12,25000,17.7,Sedan,Volkswagen
2023,12,20000,42.0,Sedan,Toyota
2023,12,32000,43.3,SUV,Kia
2023,12,22000,16.2,Hatchback,Hyundai
2023,12,50000,25.5,SUV,Audi
2023,12,48000,25.5,Sedan,Audi
2023,12,35000,15.0,SUV,Honda
2023,12,80000,21.8,Sedan,Tesla
2023,12,120000,21.9,SUV,BMW
2024,1,60000,34.0,Coupe,Subaru
2024,1,35000,24.2,Pickup,Chevrolet
2024,1,15000,49.5,Pickup,Ford
2024,1,42000,29.0,SUV,Toyota
2024,1,70000,43.5,Pickup,Tesla
2024,1,30000,28.3,Sedan,Honda
2024,1,15000,20.4,Sedan,Toyota
2024,1,120000,37.1,SUV,BMW
2024,1,30000,33.3,Hatchback,Honda
2024,1,65000,45.8,Sedan,Audi
2024,1,50000,28.9,SUV,Toyota
2024,1,70000,36.5,SUV,Audi
2024,1,60000,43.9,Convertible,Audi
2024,1,100000,40.2,Coupe,Audi
2024,1,55000,21.5,Sedan,BMW
2024,1,45000,38.1,SUV,Subaru
2024,1,35000,39.0,Hatchback,Hyundai
2024,1,20000,31.9,Sedan,Kia
2024,1,45000,48.4,Sedan,Audi
2024,1,55000,48.8,SUV,Toyota
2024,1,22000,32.0,SUV,Honda
2024,1,55000,36.8,SUV,Toyota
2024,1,120000,22.7,SUV,Tesla
2024,1,38000,20.0,Coupe,Hyundai
2024,1,50000,39.5,Sedan,Audi
2024,1,28000,40.7,SUV,Toyota
2024,1,20000,48.7,Sedan,Kia
2024,1,65000,18.6,Sedan,BMW
2024,1,35000,25.8,SUV,Toyota
2024,1,25000,24.1,SUV,Kia
2024,1,80000,44.3,SUV,Audi
2024,1,30000,42.3,Sedan,Toyota
2024,1,40000,27.0,Coupe,Audi
2024,1,70000,19.1,Sedan,Mercedes
2024,1,18000,39.5,Pickup,Chevrolet
2024,1,25000,31.9,Hatchback,Kia
2024,1,32000,23.2,Sedan,Toyota
2024,1,42000,24.2,Sedan,Volkswagen
2024,1,25000,31.3,SUV,Honda
2024,1,32000,24.6,Pickup,Ford
2024,1,55000,21.7,Sedan,Toyota
2024,1,32000,16.4,Sedan,Volkswagen
2024,1,42000,43.4,SUV,Hyundai
2024,1,15000,19.6,SUV,Kia
2024,1,48000,35.2,Sedan,Audi
2024,1,42000,35.1,SUV,Honda
2024,1,48000,23.9,SUV,BMW
2024,1,40000,47.8,SUV,Toyota
2024,1,20000,45.2,Pickup,Ford
2024,1,28000,19.9,Pickup,Chevrolet
2024,1,20000,20.3,Pickup,Toyota
2024,1,65000,15.9,Convertible,BMW
2024,1,90000,31.5,Coupe,Audi
2024,1,15000,28.9,Sedan,Honda
2024,1,48000,45.6,Convertible,Honda
2024,1,20000,42.7,SUV,Ford
2024,1,70000,21.9,SUV,Audi
2024,1,38000,28.9,Hatchback,Honda
2024,1,32000,20.5,Convertible,Mazda
2024,1,25000,16.1,SUV,Nissan
2024,1,80000,42.2,SUV,BMW
2024,1,22000,34.0,Convertible,Mazda
2024,1,35000,49.5,Sedan,Kia
2024,1,120000,16.7,SUV,Audi
2024,1,90000,43.8,Hatchback,Mercedes
2024,1,20000,44.5,Sedan,Volkswagen
2024,1,22000,42.8,Pickup,Ford
2024,1,100000,18.3,Sedan,Audi
2024,1,45000,30.6,Coupe,Toyota
2024,1,120000,20.5,Sedan,Mercedes
2024,1,75000,37.6,Coupe,Mercedes
2024,1,38000,18.5,Hatchback,Kia
2024,1,35000,43.3,SUV,Toyota
2024,1,22000,23.4,SUV,Kia
2024,1,120000,16.2,SUV,Tesla
2024,1,40000,25.5,Convertible,Ford
2024,1,22000,37.5,Sedan,Hyundai
2024,1,45000,39.3,SUV,Honda
2024,1,60000,39.0,Pickup,Toyota
2024,1,70000,43.2,Pickup,BMW
2024,2,50000,42.3,Coupe,Subaru
2024,2,22000,41.1,SUV,Kia
2024,2,45000,25.9,Coupe,BMW
2024,2,40000,37.5,SUV,Honda
2024,2,120000,24.4,Sedan,Mercedes
2024,2,32000,25.8,SUV,Toyota
2024,2,90000,43.0,Sedan,BMW
2024,2,38000,17.5,SUV,Honda
2024,2,35000,41.4,SUV,Toyota
2024,2,75000,31.1,SUV,BMW
2024,2,30000,29.7,Hatchback,Kia
2024,2,38000,43.9,Sedan,Volkswagen
2024,2,55000,41.3,Sedan,Subaru
2024,2,65000,28.0,SUV,Subaru
2024,2,100000,34.3,Hatchback,BMW
2024,2,70000,44.7,Convertible,Audi
2024,2,22000,19.2,SUV,Hyundai
2024,2,32000,31.2,SUV,Honda
2024,2,90000,20.2,SUV,Mercedes
2024,2,18000,21.6,Sedan,Hyundai
2024,2,18000,29.3,SUV,Kia
2024,2,50000,39.9,Sedan,Audi
2024,2,120000,33.2,Hatchback,Mercedes
2024,2,55000,45.8,Sedan,Subaru
2024,2,45000,36.8,Hatchback,Honda
2024,2,100000,46.0,Convertible,BMW
2024,2,15000,31.0,SUV,Ford
2024,2,40000,42.5,SUV,Ford
2024,2,75000,37.3,Sedan,Audi
2024,2,40000,39.9,Hatchback,Kia
2024,2,100000,30.0,Coupe,Mercedes
2024,2,70000,40.5,Sedan,BMW
2024,2,18000,25.8,SUV,Honda
2024,2,15000,42.9,Sedan,Hyundai
2024,2,70000,18.9,Coupe,BMW
2024,2,40000,21.5,Sedan,Kia
2024,2,60000,25.1,SUV,Subaru
2024,2,40000,16.3,Sedan,Hyundai
2024,2,65000,41.2,Sedan,Subaru
2024,2,38000,44.6,Pickup,Ford
2024,2,35000,45.1,Sedan,Honda
2024,2,90000,45.4,Convertible,BMW
2024,2,120000,39.2,SUV,BMW
2024,2,15000,36.3,Pickup,Ford
2024,2,28000,31.6,Hatchback,Kia
2024,2,80000,30.1,SUV,Mercedes
2024,2,80000,20.5,Hatchback,Audi
2024,2,120000,46.2,Sedan,BMW
2024,2,15000,41.0,SUV,Nissan
2024,2,75000,24.9,Sedan,Tesla
2024,2,90000,36.4,Coupe,Tesla
2024,2,30000,47.5,SUV,Kia
2024,2,60000,15.4,SUV,Honda
2024,2,60000,37.0,SUV,Subaru
2024,2,80000,43.1,Convertible,Audi
2024,2,120000,35.5,Convertible,Audi
2024,2,15000,38.5,Sedan,Toyota
2024,2,80000,16.6,Sedan,Mercedes
2024,2,15000,19.5,Sedan,Hyundai
2024,2,75000,23.3,Sedan,Mercedes
2024,2,100000,29.9,Coupe,BMW
2024,2,32000,33.2,Sedan,Hyundai
2024,2,28000,21.6,SUV,Toyota
2024,2,45000,23.7,Sedan,BMW
2024,2,48000,17.2,Convertible,BMW
2024,2,20000,47.8,Sedan,Honda
2024,2,20000,30.0,Hatchback,Honda
2024,2,38000,32.5,Sedan,Toyota
2024,2,90000,37.1,Sedan,BMW
2024,2,38000,44.7,Pickup,Ford
2024,2,75000,33.7,Convertible,BMW
2024,2,75000,42.9,SUV,Mercedes
2024,2,40000,43.5,SUV,Honda
2024,2,90000,45.2,SUV,Mercedes
2024,2,40000,29.7,SUV,Toyota
2024,2,50000,27.8,Pickup,BMW
2024,2,80000,15.5,Convertible,BMW
2024,2,18000,41.2,Sedan,Volkswagen
2024,2,50000,38.2,SUV,Toyota
2024,2,100000,27.9,Coupe,Mercedes
2024,3,28000,16.2,SUV,Hyundai
2024,3,38000,45.6,Coupe,Hyundai
2024,3,50000,41.4,SUV,Toyota
2024,3,30000,22.9,Hatchback,Nissan
2024,3,65000,32.0,Hatchback,Subaru
2024,3,32000,29.0,SUV,Honda
2024,3,15000,44.0,SUV,Kia
2024,3,30000,16.7,SUV,Honda
2024,3,35000,35.6,Hatchback,Nissan
2024,3,22000,28.6,Sedan,Honda
2024,3,100000,40.2,SUV,Tesla
2024,3,75000,34.4,SUV,Mercedes
2024,3,28000,29.1,SUV,Ford
2024,3,65000,33.8,Pickup,Subaru
2024,3,38000,24.7,SUV,Honda
2024,3,120000,38.9,Sedan,BMW
2024,3,42000,28.1,Sedan,Kia
2024,3,25000,28.6,SUV,Hyundai
2024,3,42000,25.7,Hatchback,Honda
2024,3,100000,34.0,SUV,Tesla
2024,3,48000,39.7,Hatchback,BMW
2024,3,50000,34.3,Sedan,Audi
2024,3,55000,43.8,Hatchback,Toyota
2024,3,28000,43.5,Coupe,Toyota
2024,3,55000,30.6,SUV,BMW
2024,3,100000,44.3,SUV,Audi
2024,3,45000,20.8,SUV,Toyota
2024,3,55000,26.1,Coupe,Honda
2024,3,100000,16.9,Sedan,Tesla
2024,3,35000,46.3,Convertible,Ford
2024,3,70000,15.3,Pickup,Mercedes
2024,3,15000,19.6,SUV,Toyota
2024,3,45000,25.8,Hatchback,Audi
2024,3,48000,41.1,SUV,BMW
2024,3,48000,28.1,Coupe,Honda
2024,3,28000,36.0,Convertible,Mazda
2024,3,60000,18.4,Sedan,Honda
2024,3,32000,24.2,Pickup,Chevrolet
2024,3,70000,46.7,Coupe,BMW
2024,3,15000,20.5,Sedan,Nissan
2024,3,60000,49.5,SUV,Toyota
2024,3,60000,30.8,Sedan,Subaru
2024,3,38000,40.9,Hatchback,Toyota
2024,3,120000,38.9,Pickup,BMW
2024,3,35000,39.1,Sedan,Nissan
2024,3,48000,38.6,Pickup,Toyota
2024,3,35000,22.3,Sedan,Toyota
2024,3,80000,34.7,Convertible,Audi
2024,3,48000,34.7,SUV,BMW
2024,3,38000,44.3,Pickup,Ford
2024,3,20000,33.5,SUV,Hyundai
2024,3,30000,39.6,Pickup,Chevrolet
2024,3,60000,40.9,SUV,BMW
2024,3,25000,18.8,Coupe,Hyundai
2024,3,80000,28.5,SUV,Mercedes
2024,3,90000,24.9,Pickup,Mercedes
2024,3,60000,36.5,Sedan,BMW
2024,3,35000,25.7,SUV,Ford
2024,3,80000,39.5,Hatchback,BMW
2024,3,90000,28.0,SUV,BMW
2024,3,90000,29.2,Sedan,Mercedes
2024,3,32000,17.1,Sedan,Kia
2024,3,40000,48.0,SUV,Nissan
2024,3,55000,41.4,Sedan,Subaru
2024,3,55000,47.7,Sedan,Audi
2024,3,90000,21.8,Coupe,Audi
2024,3,25000,42.5,Sedan,Kia
2024,3,40000,48.3,Pickup,Toyota
2024,3,75000,36.1,SUV,Tesla
2024,3,18000,37.9,Pickup,Toyota
2024,3,45000,44.6,Sedan,Subaru
2024,3,120000,34.4,Sedan,BMW
2024,3,55000,27.5,Hatchback,BMW
2024,3,30000,41.1,Sedan,Hyundai
2024,3,120000,42.4,Sedan,Audi
2024,3,120000,44.9,Pickup,BMW
2024,3,55000,28.4,SUV,Subaru
2024,3,50000,38.8,Sedan,Subaru
2024,3,28000,49.3,SUV,Toyota
2024,3,15000,40.7,Pickup,Ford
2024,4,75000,20.3,SUV,Audi
2024,4,60000,16.7,SUV,BMW
2024,4,32000,16.4,SUV,Kia
2024,4,35000,32.0,Sedan,Hyundai
2024,4,55000,15.1,Pickup,Audi
2024,4,75000,18.3,Hatchback,Tesla
2024,4,90000,18.1,Sedan,Mercedes
2024,4,38000,30.9,Sedan,Nissan
2024,4,20000,15.4,Convertible,Mazda
2024,4,22000,46.0,Pickup,Chevrolet
2024,4,55000,30.5,Convertible,Toyota
2024,4,60000,48.2,SUV,Subaru
2024,4,25000,36.2,Coupe,BMW
2024,4,28000,25.8,Coupe,Toyota
2024,4,120000,45.1,SUV,BMW
2024,4,70000,22.5,Coupe,Mercedes
2024,4,48000,21.5,Sedan,Toyota
2024,4,120000,37.4,Hatchback,Audi
2024,4,15000,27.6,SUV,Nissan
2024,4,65000,28.5,Sedan,BMW
2024,4,65000,43.8,SUV,BMW
2024,4,100000,35.8,Hatchback,BMW
2024,4,32000,28.2,Pickup,Ford
2024,4,75000,15.7,Sedan,Mercedes
2024,4,35000,31.9,Sedan,Hyundai
2024,4,20000,37.7,Coupe,BMW
2024,4,40000,20.1,SUV,Toyota
2024,4,28000,26.3,Sedan,Honda
2024,4,38000,18.6,Pickup,Toyota
2024,4,35000,21.2,Coupe,Toyota
2024,4,50000,41.7,SUV,BMW
2024,4,60000,27.8,SUV,Subaru
2024,4,38000,38.3,Coupe,BMW
2024,4,35000,48.2,SUV,Ford
2024,4,25000,37.8,Sedan,Kia
2024,4,40000,31.4,SUV,Kia
2024,4,120000,15.1,SUV,BMW
2024,4,100000,20.8,Hatchback,Tesla
2024,4,45000,32.9,SUV,BMW
2024,4,120000,40.4,SUV,BMW
2024,4,18000,23.8,SUV,Kia
2024,4,35000,46.3,SUV,Kia
2024,4,45000,49.2,Sedan,Honda
2024,4,25000,46.6,SUV,Toyota
2024,4,42000,36.1,SUV,Nissan
2024,4,42000,15.9,Convertible,BMW
2024,4,32000,33.7,Sedan,Honda
2024,4,48000,46.2,Sedan,Toyota
2024,4,55000,39.2,Sedan,BMW
2024,4,38000,36.0,Coupe,BMW
2024,4,20000,24.9,Coupe,BMW
2024,4,25000,17.4,SUV,Toyota
2024,4,48000,18.1,SUV,Audi
2024,4,32000,37.5,Hatchback,Kia
2024,4,15000,35.0,Sedan,Kia
2024,4,30000,34.5,SUV,Honda
2024,4,48000,22.3,Pickup,Honda
2024,4,100000,48.9,Pickup,BMW
2024,4,18000,41.5,SUV,Nissan
2024,4,25000,15.2,Hatchback,Toyota
2024,4,18000,28.8,SUV,Honda
2024,4,48000,29.7,SUV,BMW
2024,4,22000,29.1,Sedan,Honda
2024,4,30000,34.2,Convertible,Mazda
2024,4,48000,15.2,Pickup,BMW
2024,4,48000,49.2,Convertible,Subaru
2024,4,70000,37.6,SUV,Tesla
2024,4,65000,43.7,SUV,BMW
2024,4,25000,22.7,Pickup,Ford
2024,4,22000,38.7,SUV,Nissan
2024,4,32000,44.6,SUV,Ford
2024,4,42000,41.6,Pickup,Ford
2024,4,45000,19.6,Convertible,Subaru
2024,4,100000,20.7,Hatchback,Tesla
2024,4,45000,46.9,Hatchback,Toyota
2024,4,20000,37.8,Sedan,Kia
2024,4,100000,39.2,SUV,Audi
2024,4,50000,42.4,Sedan,Subaru
2024,4,32000,33.1,SUV,Ford
2024,4,80000,17.1,SUV,BMW
2024,5,15000,41.9,SUV,Hyundai
2024,5,32000,45.5,SUV,Toyota
2024,5,40000,42.4,Hatchback,Volkswagen
2024,5,25000,18.5,Sedan,Kia
2024,5,28000,33.2,Convertible,Mazda
2024,5,90000,22.3,Sedan,Mercedes
2024,5,65000,17.5,Convertible,Subaru
2024,5,38000,40.1,SUV,Honda
2024,5,80000,34.2,Hatchback,BMW
2024,5,42000,20.8,SUV,Toyota
2024,5,15000,21.5,Convertible,BMW
2024,5,20000,15.7,SUV,Honda
2024,5,15000,28.3,Sedan,Hyundai
2024,5,25000,19.5,SUV,Hyundai
2024,5,40000,20.1,Sedan,Hyundai
2024,5,60000,19.4,Sedan,BMW
2024,5,50000,37.8,Hatchback,BMW
2024,5,65000,24.2,Hatchback,Subaru
2024,5,60000,25.0,Sedan,BMW
2024,5,42000,15.7,Convertible,BMW
2024,5,30000,35.4,Convertible,Ford
2024,5,15000,18.1,SUV,Kia
2024,5,35000,18.7,Sedan,Toyota
2024,5,120000,42.6,Pickup,BMW
2024,5,48000,34.0,Coupe,Honda
2024,5,42000,28.4,Hatchback,Kia
2024,5,35000,16.0,Sedan,Volkswagen
2024,5,80000,43.5,SUV,Mercedes
2024,5,70000,16.5,SUV,Mercedes
2024,5,40000,20.9,Convertible,BMW
2024,5,70000,46.3,Sedan,Mercedes
2024,5,48000,38.6,Sedan,Audi
2024,5,40000,44.6,SUV,Toyota
2024,5,50000,40.9,Sedan,Honda
2024,5,25000,48.5,Sedan,Volkswagen
2024,5,22000,32.5,SUV,Toyota
2024,5,20000,44.3,Sedan,Hyundai
2024,5,90000,30.8,Sedan,BMW
2024,5,55000,29.8,Sedan,Subaru
2024,5,15000,27.2,Pickup,Chevrolet
2024,5,38000,24.1,Convertible,Mazda
2024,5,15000,40.8,SUV,Nissan
2024,5,28000,38.7,Sedan,Honda
2024,5,25000,25.9,Sedan,Kia
2024,5,48000,47.6,Sedan,Toyota
2024,5,80000,43.9,Sedan,Tesla
2024,5,20000,33.9,Sedan,Toyota
2024,5,45000,16.4,Coupe,Audi
2024,5,70000,15.6,Coupe,Audi
2024,5,25000,35.0,Coupe,Toyota
2024,5,32000,18.5,Pickup,Chevrolet
2024,5,100000,42.4,SUV,Audi
2024,5,40000,19.3,SUV,Ford
2024,5,38000,33.1,SUV,Ford
2024,5,25000,42.7,Sedan,Volkswagen
2024,5,100000,29.3,Coupe,Tesla
2024,5,38000,25.1,Sedan,Hyundai
2024,5,120000,22.8,Sedan,Mercedes
2024,5,15000,22.9,SUV,Ford
2024,5,55000,34.6,Hatchback,Subaru
2024,5,18000,45.3,SUV,Kia
2024,5,50000,39.8,Hatchback,Honda
2024,5,90000,46.9,Coupe,Mercedes
2024,5,120000,43.1,SUV,Mercedes
2024,5,32000,33.0,Convertible,Mazda
2024,5,100000,19.0,SUV,Audi
2024,5,20000,24.8,Pickup,Toyota
2024,5,32000,42.3,Sedan,Toyota
2024,5,50000,45.0,Hatchback,Toyota
2024,5,48000,35.3,Hatchback,Toyota
2024,5,120000,46.5,Pickup,BMW
2024,5,100000,28.4,Convertible,Tesla
2024,5,90000,48.4,Convertible,Audi
2024,5,75000,49.3,SUV,BMW
2024,5,32000,37.8,Sedan,Volkswagen
2024,5,70000,31.0,Sedan,Mercedes
2024,5,15000,31.5,SUV,Hyundai
2024,5,100000,22.8,Sedan,Tesla
2024,5,90000,21.1,Sedan,Mercedes
2024,5,55000,33.4,SUV,Subaru
2024,6,48000,25.6,Coupe,Toyota
2024,6,32000,33.1,Sedan,Honda
2024,6,42000,31.7,Sedan,Toyota
2024,6,28000,43.7,SUV,Kia
2024,6,18000,23.6,Hatchback,Toyota
2024,6,75000,24.3,SUV,Mercedes
2024,6,60000,47.9,SUV,BMW
2024,6,70000,27.1,SUV,Audi
2024,6,40000,43.5,SUV,Hyundai
2024,6,70000,38.3,Hatchback,Mercedes
2024,6,90000,15.2,Sedan,Mercedes
2024,6,42000,19.8,SUV,Toyota
2024,6,15000,41.4,SUV,Nissan
2024,6,40000,45.1,Hatchback,Kia
2024,6,30000,43.2,Sedan,Toyota
2024,6,60000,16.5,SUV,Toyota
2024,6,35000,23.0,SUV,Kia
2024,6,45000,22.7,SUV,Audi
2024,6,100000,41.9,Sedan,Mercedes
2024,6,15000,35.7,Hatchback,Toyota
2024,6,20000,31.2,SUV,Toyota
2024,6,32000,31.9,Sedan,Kia
2024,6,70000,41.7,SUV,Audi
2024,6,20000,41.6,Sedan,Hyundai
2024,6,70000,24.8,Hatchback,Tesla
2024,6,25000,18.4,Sedan,Toyota
2024,6,90000,22.7,Sedan,Tesla
2024,6,50000,34.2,SUV,Honda
2024,6,38000,44.8,Pickup,Ford
2024,6,32000,33.4,Hatchback,Hyundai
2024,6,40000,21.4,Sedan,Toyota
2024,6,22000,16.6,Pickup,Ford
2024,6,22000,15.3,Sedan,Kia
2024,6,35000,26.0,SUV,Honda
2024,6,48000,22.0,Sedan,Honda
2024,6,30000,26.9,Sedan,Honda
2024,6,38000,27.7,Sedan,Volkswagen
2024,6,28000,33.3,SUV,Hyundai
2024,6,42000,26.0,SUV,Kia
2024,6,100000,19.7,Sedan,Audi
2024,6,50000,44.4,SUV,Subaru
2024,6,60000,18.9,Convertible,Honda
2024,6,70000,46.6,SUV,Tesla
2024,6,45000,19.1,Pickup,Audi
2024,6,25000,36.4,Sedan,Volkswagen
2024,6,22000,42.3,Convertible,BMW
2024,6,28000,34.3,Sedan,Toyota
2024,6,20000,47.6,Coupe,BMW
2024,6,20000,49.1,Sedan,Toyota
2024,6,42000,29.4,SUV,Toyota
2024,6,38000,17.2,Sedan,Hyundai
2024,6,90000,22.4,Pickup,Tesla
2024,6,70000,37.9,SUV,Audi
2024,6,65000,28.2,Pickup,BMW
2024,6,25000,40.5,SUV,Nissan
2024,6,45000,42.7,Hatchback,Subaru
2024,6,22000,33.4,SUV,Kia
2024,6,32000,25.8,SUV,Hyundai
2024,6,45000,15.3,Sedan,BMW
2024,6,22000,18.1,Convertible,BMW
2024,6,40000,42.2,SUV,Hyundai
2024,6,70000,23.2,SUV,Tesla
2024,6,70000,33.6,Sedan,Audi
2024,6,25000,35.7,SUV,Ford
2024,6,120000,32.1,Sedan,Tesla
2024,6,20000,48.3,Sedan,Hyundai
2024,6,15000,34.4,Convertible,Mazda
2024,6,120000,20.1,SUV,Audi
2024,6,42000,24.4,SUV,Hyundai
2024,6,32000,42.2,Coupe,Audi
2024,6,32000,33.2,Sedan,Volkswagen
2024,6,20000,39.6,Pickup,Toyota
2024,6,40000,29.3,Hatchback,Hyundai
2024,6,65000,23.0,Pickup,Toyota
2024,6,60000,32.4,SUV,BMW
2024,6,60000,41.2,SUV,BMW
2024,6,48000,33.9,Sedan,Audi
2024,6,40000,24.2,Sedan,Volkswagen
2024,6,30000,18.9,Coupe,Toyota
2024,6,90000,32.2,SUV,BMW
2024,7,120000,23.0,Coupe,Audi
2024,7,100000,37.8,Convertible,Audi
2024,7,45000,17.0,Coupe,Honda
2024,7,30000,49.7,Sedan,Hyundai
2024,7,120000,21.1,SUV,Mercedes
2024,7,65000,24.3,Sedan,Honda
2024,7,75000,37.8,Pickup,BMW
2024,7,65000,22.0,Sedan,Honda
2024,7,120000,25.7,Convertible,Tesla
2024,7,30000,18.0,Coupe,Toyota
2024,7,75000,33.7,SUV,Tesla
2024,7,15000,15.9,Pickup,Chevrolet
2024,7,30000,38.1,Convertible,Mazda
2024,7,65000,38.6,Sedan,Honda
2024,7,30000,44.6,SUV,Nissan
2024,7,32000,33.9,Coupe,BMW
2024,7,75000,21.5,Hatchback,Audi
2024,7,90000,23.1,Hatchback,BMW
2024,7,45000,22.6,Hatchback,BMW
2024,7,55000,34.8,Sedan,BMW
2024,7,15000,36.6,Sedan,Kia
2024,7,22000,29.5,Pickup,Toyota
2024,7,90000,34.3,Sedan,Audi
2024,7,25000,20.9,Sedan,Toyota
2024,7,20000,36.7,Sedan,Toyota
2024,7,50000,36.0,Sedan,Honda
2024,7,40000,50.0,Sedan,Hyundai
2024,7,100000,19.1,SUV,Mercedes
2024,7,55000,30.4,Pickup,Toyota
2024,7,40000,36.7,SUV,Toyota
2024,7,75000,31.1,SUV,Mercedes
2024,7,65000,36.6,Pickup,Honda
2024,7,70000,43.6,Hatchback,BMW
2024,7,55000,36.2,Sedan,Audi
2024,7,60000,43.9,SUV,Audi
2024,7,48000,18.8,SUV,Audi
2024,7,60000,21.8,Sedan,Audi
2024,7,38000,28.5,SUV,Ford
2024,7,90000,36.1,SUV,Tesla
2024,7,40000,38.8,Pickup,Toyota
2024,7,75000,38.7,SUV,Mercedes
2024,7,75000,46.3,Sedan,Tesla
2024,7,80000,47.7,Hatchback,Mercedes
2024,7,42000,22.7,Coupe,Audi
2024,7,25000,30.7,Sedan,Toyota
2024,7,40000,33.4,SUV,Nissan
2024,7,90000,47.1,Coupe,Tesla
2024,7,28000,15.2,Sedan,Volkswagen
2024,7,28000,36.7,Sedan,Honda
2024,7,50000,26.6,SUV,Honda
2024,7,90000,39.9,SUV,Mercedes
2024,7,40000,37.3,SUV,Kia
2024,7,55000,44.0,SUV,Honda
2024,7,75000,46.7,Sedan,BMW
2024,7,28000,40.7,SUV,Ford
2024,7,25000,32.2,Convertible,Mazda
2024,7,65000,17.6,Sedan,Subaru
2024,7,80000,31.5,Convertible,Tesla
2024,7,32000,44.8,SUV,Honda
2024,7,100000,24.5,Sedan,Mercedes
2024,7,40000,44.4,Convertible,Mazda
2024,7,28000,15.2,Sedan,Hyundai
2024,7,50000,28.1,SUV,BMW
2024,7,22000,28.8,SUV,Toyota
2024,7,22000,41.2,Convertible,Mazda
2024,7,38000,26.2,SUV,Hyundai
2024,7,22000,25.5,Coupe,Hyundai
2024,7,15000,28.3,Hatchback,Honda
2024,7,80000,27.4,Sedan,Audi
2024,7,25000,17.8,SUV,Toyota
2024,7,38000,33.0,Convertible,Mazda
2024,7,100000,40.7,Pickup,Tesla
2024,7,100000,24.5,Convertible,Mercedes
2024,7,32000,37.9,Convertible,BMW
2024,7,18000,39.7,SUV,Hyundai
2024,7,60000,32.5,Hatchback,Toyota
2024,7,35000,41.3,Pickup,Ford
2024,7,75000,42.1,SUV,Mercedes
2024,7,70000,40.7,Sedan,Tesla
2024,7,75000,45.1,SUV,Mercedes
2024,8,22000,40.7,SUV,Nissan
2024,8,90000,37.1,Pickup,Mercedes
2024,8,55000,18.2,SUV,Subaru
2024,8,100000,20.5,Pickup,Mercedes
2024,8,60000,39.6,SUV,BMW
2024,8,38000,32.8,Sedan,Toyota
2024,8,32000,20.2,SUV,Hyundai
2024,8,20000,45.9,Sedan,Toyota
2024,8,120000,48.6,Sedan,Tesla
2024,8,75000,40.6,SUV,Audi
2024,8,42000,26.9,SUV,Honda
2024,8,48000,28.0,SUV,Audi
2024,8,120000,26.6,Sedan,Tesla
2024,8,20000,21.4,SUV,Nissan
2024,8,25000,37.3,Coupe,Audi
2024,8,80000,19.9,SUV,Tesla
2024,8,42000,31.8,Sedan,Volkswagen
2024,8,25000,21.7,SUV,Nissan
2024,8,22000,29.8,Sedan,Toyota
2024,8,30000,35.0,SUV,Hyundai
2024,8,45000,24.3,Coupe,Honda
2024,8,35000,34.1,SUV,Hyundai
2024,8,28000,44.9,Sedan,Hyundai
2024,8,35000,26.0,Sedan,Hyundai
2024,8,48000,46.5,Pickup,BMW
2024,8,20000,42.7,Sedan,Hyundai
2024,8,28000,23.7,Hatchback,Kia
2024,8,100000,44.1,Coupe,Mercedes
2024,8,35000,17.3,Sedan,Toyota
2024,8,35000,47.2,SUV,Honda
2024,8,60000,40.0,Coupe,Subaru
2024,8,40000,29.2,SUV,Toyota
2024,8,38000,36.9,Sedan,Kia
2024,8,48000,21.8,SUV,Toyota
2024,8,45000,49.5,SUV,BMW
2024,8,120000,42.9,SUV,Tesla
2024,8,48000,30.0,SUV,Honda
2024,8,15000,49.2,Hatchback,Hyundai
2024,8,50000,17.9,Sedan,Toyota
2024,8,38000,30.8,SUV,Hyundai
2024,8,48000,45.7,SUV,Subaru
2024,8,18000,41.9,SUV,Toyota
2024,8,75000,15.4,SUV,Mercedes
2024,8,32000,23.9,Convertible,BMW
2024,8,75000,29.8,Coupe,Audi
2024,8,45000,39.5,SUV,Audi
2024,8,60000,21.0,Sedan,BMW
2024,8,65000,41.8,SUV,Honda
2024,8,50000,30.3,Hatchback,BMW
2024,8,48000,40.0,Sedan,Subaru
2024,8,90000,37.7,Hatchback,BMW
2024,8,55000,48.2,Coupe,BMW
2024,8,50000,29.7,Pickup,Honda
2024,8,25000,45.8,SUV,Kia
2024,8,32000,25.1,Coupe,Toyota
2024,8,60000,19.0,SUV,Audi
2024,8,40000,19.9,Convertible,Mazda
2024,8,100000,18.5,SUV,Audi
2024,8,120000,17.5,Pickup,BMW
2024,8,30000,41.9,Sedan,Honda
2024,8,15000,45.9,Coupe,Audi
2024,8,42000,20.8,Sedan,Toyota
2024,8,32000,29.4,SUV,Honda
2024,8,55000,31.8,Sedan,BMW
2024,8,25000,15.4,Convertible,BMW
2024,8,100000,48.2,Pickup,Audi
2024,8,90000,47.3,Coupe,BMW
2024,8,60000,16.3,Coupe,BMW
2024,8,40000,36.1,Pickup,Toyota
2024,8,120000,42.7,Pickup,Mercedes
2024,8,45000,44.6,Sedan,BMW
2024,8,38000,45.7,SUV,Nissan
2024,8,38000,40.6,Sedan,Kia
2024,8,20000,40.4,Sedan,Honda
2024,8,40000,32.2,Hatchback,Toyota
2024,8,120000,45.0,Sedan,Tesla
2024,8,30000,20.4,SUV,Hyundai
2024,8,45000,15.8,Convertible,Subaru
2024,8,45000,40.5,Coupe,Toyota
2024,8,28000,24.5,Sedan,Toyota
2024,9,40000,40.6,SUV,Nissan
2024,9,90000,25.2,Pickup,Tesla
2024,9,28000,37.2,SUV,Toyota
2024,9,42000,36.4,Hatchback,Kia
2024,9,45000,22.5,Sedan,Audi
2024,9,30000,49.5,SUV,Honda
2024,9,60000,29.8,Sedan,Audi
2024,9,55000,37.7,Sedan,BMW
2024,9,70000,42.7,Sedan,Mercedes
2024,9,100000,20.2,Sedan,Mercedes
2024,9,40000,16.0,Sedan,Honda
2024,9,28000,37.5,Sedan,Hyundai
2024,9,75000,43.5,Sedan,Mercedes
2024,9,55000,16.7,SUV,Toyota
2024,9,120000,36.9,SUV,Audi
2024,9,22000,19.3,SUV,Honda
2024,9,42000,30.3,SUV,Toyota
2024,9,32000,46.2,Sedan,Toyota
2024,9,38000,41.4,Hatchback,Hyundai
2024,9,42000,26.6,Sedan,Nissan
2024,9,22000,35.7,SUV,Hyundai
2024,9,22000,40.1,Sedan,Honda
2024,9,80000,21.5,Sedan,Tesla
2024,9,38000,23.9,SUV,Toyota
2024,9,20000,44.3,Hatchback,Toyota
2024,9,60000,39.1,SUV,Audi
2024,9,80000,34.4,Sedan,Audi
2024,9,65000,35.8,Coupe,Audi
2024,9,90000,26.5,SUV,BMW
2024,9,120000,39.9,SUV,Mercedes
2024,9,55000,27.9,SUV,BMW
2024,9,35000,40.9,SUV,Toyota
2024,9,90000,20.2,Hatchback,Tesla
2024,9,50000,27.2,Coupe,Audi
2024,9,90000,45.7,Pickup,BMW
2024,9,42000,43.4,Coupe,Hyundai
2024,9,38000,24.0,SUV,Toyota
2024,9,30000,24.6,Pickup,Ford
2024,9,38000,36.2,Sedan,Nissan
2024,9,45000,19.7,Sedan,Honda
2024,9,100000,43.4,Convertible,Tesla
2024,9,45000,29.3,SUV,Honda
2024,9,75000,43.8,Convertible,BMW
2024,9,20000,21.4,SUV,Honda
2024,9,120000,24.5,SUV,Mercedes
2024,9,48000,20.6,SUV,Audi
2024,9,22000,33.9,Sedan,Nissan
2024,9,35000,39.2,Coupe,Hyundai
2024,9,40000,34.0,Sedan,Honda
2024,9,20000,42.1,Pickup,Toyota
2024,9,22000,44.3,SUV,Nissan
2024,9,22000,28.0,Coupe,BMW
2024,9,50000,21.8,SUV,Honda
2024,9,38000,20.9,SUV,Honda
2024,9,48000,39.8,Coupe,Toyota
2024,9,40000,44.2,Convertible,Mazda
2024,9,20000,44.4,Convertible,BMW
2024,9,60000,47.1,Sedan,Toyota
2024,9,30000,29.8,Sedan,Toyota
2024,9,38000,24.4,SUV,Kia
2024,9,48000,23.7,Convertible,BMW
2024,9,75000,45.9,Hatchback,Tesla
2024,9,35000,16.7,SUV,Toyota
2024,9,100000,38.3,Sedan,Tesla
2024,9,75000,33.8,SUV,Mercedes
2024,9,15000,25.2,Convertible,Mazda
2024,9,20000,37.3,Pickup,Ford
2024,9,35000,29.9,Pickup,Toyota
2024,9,22000,31.9,Sedan,Hyundai
2024,9,70000,38.0,SUV,Mercedes
2024,9,22000,29.1,SUV,Toyota
2024,9,100000,21.0,Convertible,Mercedes
2024,9,50000,23.8,SUV,Subaru
2024,9,42000,48.4,Coupe,Audi
2024,9,42000,16.7,Pickup,Chevrolet
2024,9,28000,43.1,Convertible,Ford
2024,9,65000,16.6,SUV,Subaru
2024,9,38000,19.2,Pickup,Toyota
2024,9,15000,37.8,SUV,Honda
2024,9,90000,15.0,Sedan,Tesla
2024,10,65000,42.2,Sedan,BMW
2024,10,65000,29.5,SUV,Audi
2024,10,90000,22.9,Coupe,BMW
2024,10,25000,28.9,Sedan,Toyota
2024,10,100000,46.6,SUV,BMW
2024,10,50000,37.8,Convertible,Toyota
2024,10,15000,37.5,SUV,Toyota
2024,10,30000,38.2,Pickup,Chevrolet
2024,10,100000,23.6,Sedan,Mercedes
2024,10,20000,29.1,Sedan,Honda
2024,10,42000,36.4,Coupe,Audi
2024,10,65000,15.5,Hatchback,Subaru
2024,10,80000,32.8,Sedan,Tesla
2024,10,75000,29.1,Hatchback,Tesla
2024,10,32000,42.0,Pickup,Chevrolet
2024,10,30000,32.2,SUV,Toyota
2024,10,60000,38.0,SUV,Subaru
2024,10,15000,47.6,Sedan,Honda
2024,10,48000,15.6,Sedan,Audi
2024,10,42000,17.0,Convertible,Mazda
2024,10,28000,50.0,Pickup,Ford
2024,10,30000,17.9,SUV,Hyundai
2024,10,32000,38.5,SUV,Nissan
2024,10,120000,17.3,SUV,Audi
2024,10,75000,33.6,Sedan,BMW
2024,10,40000,19.5,Sedan,Nissan
2024,10,20000,22.7,Sedan,Honda
2024,10,18000,33.6,Sedan,Nissan
2024,10,28000,27.6,Hatchback,Toyota
2024,10,28000,18.8,SUV,Toyota
2024,10,48000,31.3,SUV,Subaru
2024,10,65000,23.0,Sedan,BMW
2024,10,30000,31.5,Pickup,Ford
2024,10,22000,15.3,Hatchback,Toyota
2024,10,50000,22.0,Sedan,Subaru
2024,10,45000,46.8,SUV,Audi
2024,10,70000,43.9,SUV,Tesla
2024,10,48000,41.9,Pickup,BMW
2024,10,55000,35.7,Pickup,Honda
2024,10,70000,25.7,SUV,BMW
2024,10,20000,24.4,Sedan,Toyota
2024,10,48000,28.3,SUV,Honda
2024,10,75000,45.9,Sedan,BMW
2024,10,45000,30.7,Hatchback,Honda
2024,10,20000,21.8,SUV,Ford
2024,10,40000,20.2,SUV,Kia
2024,10,18000,48.8,Hatchback,Kia
2024,10,55000,30.0,Sedan,Honda
2024,10,100000,31.4,SUV,BMW
2024,10,30000,38.2,Sedan,Honda
2024,10,50000,27.5,Coupe,Toyota
2024,10,28000,43.2,SUV,Hyundai
2024,10,75000,30.4,Sedan,BMW
2024,10,70000,41.3,Coupe,Audi
2024,10,45000,24.0,Convertible,Toyota
2024,10,18000,32.9,SUV,Kia
2024,10,25000,28.1,SUV,Hyundai
2024,10,50000,18.3,Convertible,Honda
2024,10,80000,18.7,Sedan,Mercedes
2024,10,38000,18.0,Sedan,Toyota
2024,10,70000,27.3,Sedan,BMW
2024,10,18000,44.8,SUV,Hyundai
2024,10,100000,21.7,Sedan,BMW
2024,10,100000,44.8,SUV,BMW
2024,10,50000,23.8,Convertible,Toyota
2024,10,65000,27.6,SUV,Subaru
2024,10,20000,23.1,Coupe,Toyota
2024,10,48000,44.2,Coupe,Toyota
2024,10,55000,39.0,Sedan,Audi
2024,10,55000,29.8,SUV,Subaru
2024,10,45000,40.8,Hatchback,Audi
2024,10,40000,40.6,Sedan,Hyundai
2024,10,40000,26.6,Pickup,Toyota
2024,10,28000,16.6,SUV,Ford
2024,10,28000,45.7,Sedan,Hyundai
2024,10,32000,29.2,Sedan,Hyundai
2024,10,22000,27.0,Sedan,Nissan
2024,10,42000,33.8,SUV,Kia
2024,10,15000,45.7,SUV,Toyota
2024,10,60000,42.9,SUV,Audi
2024,11,60000,21.8,Hatchback,BMW
2024,11,15000,20.2,Sedan,Hyundai
2024,11,75000,48.3,Sedan,BMW
2024,11,120000,32.4,Sedan,Mercedes
2024,11,40000,36.6,SUV,Nissan
2024,11,20000,15.6,Sedan,Kia
2024,11,28000,36.5,Coupe,Audi
2024,11,20000,40.1,Sedan,Kia
2024,11,32000,33.2,SUV,Toyota
2024,11,35000,18.6,Convertible,BMW
2024,11,45000,34.5,Sedan,Toyota
2024,11,38000,23.5,Pickup,Ford
2024,11,50000,29.0,Sedan,Toyota
2024,11,30000,26.0,Sedan,Toyota
2024,11,70000,33.2,Hatchback,Tesla
2024,11,60000,47.9,Coupe,Audi
2024,11,38000,43.4,SUV,Honda
2024,11,40000,17.1,SUV,Nissan
2024,11,55000,44.0,Convertible,Honda
2024,11,45000,27.1,SUV,Audi
2024,11,35000,23.2,Convertible,BMW
2024,11,35000,31.0,Hatchback,Honda
2024,11,120000,45.5,SUV,Tesla
2024,11,32000,32.1,SUV,Nissan
2024,11,120000,27.5,Sedan,Mercedes
2024,11,55000,25.2,SUV,BMW
2024,11,28000,22.5,Pickup,Ford
2024,11,40000,17.2,Convertible,Mazda
2024,11,90000,29.0,Pickup,BMW
2024,11,35000,35.8,Sedan,Kia
2024,11,25000,37.1,Sedan,Toyota
2024,11,50000,22.9,Sedan,Audi
2024,11,70000,44.7,Coupe,Audi
2024,11,120000,43.9,SUV,BMW
2024,11,42000,48.0,Coupe,BMW
2024,11,100000,43.1,Sedan,Audi
2024,11,42000,27.2,SUV,Kia
2024,11,18000,15.9,Convertible,BMW
2024,11,90000,28.8,Hatchback,BMW
2024,11,100000,40.4,SUV,BMW
2024,11,30000,31.0,SUV,Honda
2024,11,55000,23.9,Convertible,Audi
2024,11,75000,26.8,SUV,Mercedes
2024,11,30000,46.7,Hatchback,Honda
2024,11,80000,38.1,Sedan,BMW
2024,11,70000,31.1,Coupe,BMW
2024,11,55000,40.9,SUV,Subaru
2024,11,25000,24.4,Hatchback,Volkswagen
2024,11,80000,40.1,SUV,Audi
2024,11,100000,15.2,Coupe,Audi
2024,11,28000,47.5,SUV,Honda
2024,11,48000,45.0,Pickup,BMW
2024,11,48000,24.2,Convertible,Subaru
2024,11,22000,43.8,Sedan,Hyundai
2024,11,48000,42.1,Coupe,Subaru
2024,11,35000,48.7,SUV,Kia
2024,11,32000,24.7,SUV,Ford
2024,11,65000,19.8,Sedan,Audi
2024,11,65000,16.1,Coupe,BMW
2024,11,55000,47.0,SUV,BMW
2024,11,40000,38.5,Sedan,Volkswagen
2024,11,40000,29.5,Sedan,Hyundai
2024,11,25000,31.8,SUV,Hyundai
2024,11,15000,48.5,Sedan,Hyundai
2024,11,35000,46.1,Pickup,Chevrolet
2024,11,22000,45.0,Sedan,Toyota
2024,11,55000,28.8,Sedan,BMW
2024,11,45000,47.0,Sedan,Toyota
2024,11,65000,42.1,SUV,BMW
2024,11,55000,34.1,SUV,Audi
2024,11,120000,36.8,Pickup,Mercedes
2024,11,75000,39.7,SUV,Mercedes
2024,11,40000,46.8,SUV,Honda
2024,11,15000,45.3,Hatchback,Honda
2024,11,80000,36.8,Hatchback,Tesla
2024,11,75000,26.9,SUV,Mercedes
2024,11,35000,30.9,Hatchback,Volkswagen
2024,11,40000,15.4,Convertible,Ford
2024,11,50000,25.6,Convertible,BMW
2024,11,50000,21.0,Sedan,Honda
2024,12,70000,33.1,Coupe,Tesla
2024,12,120000,36.9,Sedan,Mercedes
2024,12,60000,43.1,Hatchback,Audi
2024,12,55000,47.3,SUV,Subaru
2024,12,28000,37.6,Sedan,Toyota
2024,12,22000,26.8,Coupe,Toyota
2024,12,25000,30.5,Coupe,Audi
2024,12,40000,25.6,SUV,Honda
2024,12,65000,29.0,Sedan,Toyota
2024,12,38000,34.3,Sedan,Toyota
2024,12,55000,17.0,Sedan,Honda
2024,12,42000,40.4,Sedan,Hyundai
2024,12,25000,18.4,SUV,Toyota
2024,12,50000,30.8,SUV,Subaru
2024,12,90000,36.8,Hatchback,Audi
2024,12,40000,48.3,Hatchback,Honda
2024,12,75000,22.0,Hatchback,Tesla
2024,12,90000,41.6,SUV,Mercedes
2024,12,32000,23.5,SUV,Honda
2024,12,70000,20.9,SUV,BMW
2024,12,30000,26.9,SUV,Hyundai
2024,12,38000,16.1,Coupe,Hyundai
2024,12,100000,41.5,Pickup,Audi
2024,12,15000,27.3,Pickup,Chevrolet
2024,12,15000,42.1,Convertible,Mazda
2024,12,120000,32.7,Coupe,Audi
2024,12,18000,47.6,SUV,Hyundai
2024,12,100000,24.3,Sedan,BMW
2024,12,18000,26.8,Sedan,Toyota
2024,12,42000,17.8,SUV,Honda
2024,12,35000,30.4,SUV,Honda
2024,12,38000,44.9,Sedan,Toyota
2024,12,75000,20.2,Sedan,BMW
2024,12,35000,32.5,Sedan,Volkswagen
2024,12,65000,28.1,Convertible,Audi
2024,12,35000,43.9,Hatchback,Kia
2024,12,70000,35.3,Hatchback,BMW
2024,12,120000,27.7,Sedan,Mercedes
2024,12,25000,30.3,Pickup,Ford
2024,12,55000,25.3,Sedan,Audi
2024,12,80000,28.2,Convertible,BMW
2024,12,65000,33.8,Sedan,Subaru
2024,12,100000,17.2,SUV,Audi
2024,12,20000,46.8,Sedan,Hyundai
2024,12,25000,47.7,SUV,Toyota
2024,12,120000,49.5,SUV,BMW
2024,12,80000,26.0,SUV,Audi
2024,12,120000,39.9,Sedan,Mercedes
2024,12,70000,28.4,Hatchback,BMW
2024,12,30000,29.3,Sedan,Kia
2024,12,60000,18.0,Sedan,Subaru
2024,12,70000,34.1,Sedan,Tesla
2024,12,100000,22.8,Hatchback,Mercedes
2024,12,28000,44.4,SUV,Kia
2024,12,35000,44.1,Sedan,Kia
2024,12,15000,49.8,Sedan,Volkswagen
2024,12,28000,17.3,SUV,Toyota
2024,12,20000,31.8,Sedan,Kia
2024,12,55000,15.1,Pickup,BMW
2024,12,70000,27.5,SUV,BMW
2024,12,55000,25.0,Pickup,Audi
2024,12,15000,34.0,SUV,Nissan
2024,12,90000,28.2,Hatchback,Tesla
2024,12,32000,49.3,Sedan,Hyundai
2024,12,100000,45.2,Coupe,Tesla
2024,12,42000,49.5,Pickup,Chevrolet
2024,12,42000,36.6,Hatchback,Kia
2024,12,25000,47.3,SUV,Toyota
2024,12,32000,44.3,Sedan,Toyota
2024,12,38000,23.5,SUV,Hyundai
2024,12,60000,22.7,Coupe,Audi
2024,12,25000,20.6,SUV,Toyota
2024,12,50000,25.4,Convertible,Audi
2024,12,75000,22.2,SUV,Tesla
2024,12,75000,15.5,SUV,Tesla
2024,12,60000,42.3,Sedan,Toyota
2024,12,45000,31.6,Sedan,Toyota
2024,12,38000,50.0,SUV,Toyota
2024,12,22000,25.2,SUV,Honda
2024,12,100000,38.2,Sedan,Audi
2025,1,35000,19.6,Convertible,Ford
2025,1,22000,35.0,Sedan,Hyundai
2025,1,32000,24.8,Sedan,Hyundai
2025,1,32000,26.4,SUV,Toyota
2025,1,75000,33.1,SUV,Mercedes
2025,1,30000,27.1,Sedan,Toyota
2025,1,42000,25.5,Coupe,Audi
2025,1,70000,28.8,Sedan,Mercedes
2025,1,45000,44.3,SUV,Toyota
2025,1,45000,34.0,Sedan,Toyota
2025,1,60000,41.2,Coupe,Audi
2025,1,75000,32.1,Sedan,Tesla
2025,1,15000,18.0,Sedan,Honda
2025,1,100000,43.7,SUV,Tesla
2025,1,70000,27.6,SUV,BMW
2025,1,75000,24.7,Hatchback,BMW
2025,1,22000,43.2,SUV,Honda
2025,1,38000,21.6,Pickup,Chevrolet
2025,1,60000,37.1,Sedan,Toyota
2025,1,48000,48.3,SUV,Toyota
2025,1,18000,31.7,SUV,Honda
2025,1,65000,41.7,SUV,BMW
2025,1,22000,21.7,SUV,Hyundai
2025,1,15000,20.7,Sedan,Toyota
2025,1,50000,32.7,SUV,Toyota
2025,1,65000,41.6,SUV,Toyota
2025,1,90000,15.2,SUV,Mercedes
2025,1,48000,30.3,SUV,BMW
2025,1,45000,46.4,SUV,Subaru
2025,1,75000,42.1,SUV,BMW
2025,1,70000,36.5,SUV,Mercedes
2025,1,28000,39.3,SUV,Nissan
2025,1,42000,23.7,Convertible,BMW
2025,1,20000,48.9,Convertible,Mazda
2025,1,28000,32.5,SUV,Nissan
2025,1,15000,31.6,SUV,Ford
2025,1,28000,34.6,SUV,Hyundai
2025,1,38000,31.4,Convertible,BMW
2025,1,50000,36.8,SUV,BMW
2025,1,45000,21.3,SUV,Honda
2025,1,28000,25.9,Convertible,BMW
2025,1,38000,40.4,Coupe,Hyundai
2025,1,18000,23.9,SUV,Toyota
2025,1,25000,17.2,Hatchback,Toyota
2025,1,25000,44.8,SUV,Honda
2025,1,45000,21.5,Sedan,Toyota
2025,1,25000,38.5,Pickup,Toyota
2025,1,28000,34.7,SUV,Ford
2025,1,38000,15.7,Coupe,Hyundai
2025,1,50000,31.9,Coupe,BMW
2025,1,20000,35.0,SUV,Kia
2025,1,100000,39.6,Convertible,Audi
2025,1,48000,38.8,SUV,Honda
2025,1,38000,25.0,Pickup,Chevrolet
2025,1,42000,29.7,Pickup,Toyota
2025,1,120000,29.2,SUV,Tesla
2025,1,48000,18.1,SUV,Subaru
2025,1,32000,48.9,SUV,Honda
2025,1,22000,39.3,SUV,Toyota
2025,1,100000,15.2,Convertible,Tesla
2025,1,70000,49.4,Sedan,Tesla
2025,1,80000,42.3,Sedan,Tesla
2025,1,90000,26.5,Sedan,Tesla
2025,1,20000,15.2,Coupe,BMW
2025,1,100000,21.0,Pickup,Audi
2025,1,75000,21.5,Convertible,Mercedes
2025,1,30000,22.9,Pickup,Chevrolet
2025,1,50000,31.3,Sedan,Toyota
2025,1,60000,31.4,SUV,Subaru
2025,1,28000,37.5,Pickup,Toyota
2025,1,18000,45.9,Hatchback,Hyundai
2025,1,48000,46.7,Sedan,Honda
2025,1,90000,21.2,Convertible,Audi
2025,1,40000,28.7,SUV,Honda
2025,1,55000,40.0,Hatchback,Audi
2025,1,45000,49.5,SUV,BMW
2025,1,25000,31.2,Convertible,Ford
2025,1,65000,43.8,Convertible,Subaru
2025,1,35000,19.8,Pickup,Ford
2025,1,15000,17.6,SUV,Hyundai
2025,2,45000,26.8,Convertible,BMW
2025,2,30000,42.4,Sedan,Hyundai
2025,2,15000,38.0,SUV,Ford
2025,2,90000,19.8,Convertible,Tesla
2025,2,48000,25.3,SUV,Toyota
2025,2,42000,19.2,Sedan,Hyundai
2025,2,18000,29.2,SUV,Hyundai
2025,2,30000,35.3,Hatchback,Hyundai
2025,2,100000,31.4,Hatchback,Mercedes
2025,2,35000,17.1,Coupe,Audi
2025,2,42000,38.0,Hatchback,Kia
2025,2,75000,39.4,SUV,Audi
2025,2,35000,23.8,SUV,Kia
2025,2,100000,41.0,SUV,Mercedes
2025,2,65000,44.9,Sedan,Toyota
2025,2,22000,32.3,Sedan,Hyundai
2025,2,30000,27.4,SUV,Hyundai
2025,2,18000,31.9,SUV,Toyota
2025,2,28000,40.6,Hatchback,Toyota
2025,2,70000,40.1,Sedan,Mercedes
2025,2,30000,34.4,Convertible,Mazda
2025,2,55000,29.5,Sedan,Toyota
2025,2,120000,42.6,Pickup,Mercedes
2025,2,120000,21.1,Hatchback,BMW
2025,2,100000,21.1,Coupe,BMW
2025,2,28000,49.8,SUV,Kia
2025,2,38000,37.8,Sedan,Honda
2025,2,120000,34.0,Sedan,Audi
2025,2,15000,28.0,Sedan,Toyota
2025,2,100000,41.7,SUV,Mercedes
2025,2,65000,20.1,Sedan,Toyota
2025,2,42000,39.8,Sedan,Toyota
2025,2,30000,34.7,Sedan,Hyundai
2025,2,50000,31.3,Convertible,Subaru
2025,2,70000,42.7,Pickup,Mercedes
2025,2,65000,35.2,SUV,Toyota
2025,2,25000,41.4,SUV,Ford
2025,2,65000,28.1,Sedan,Toyota
2025,2,60000,38.8,Sedan,Audi
2025,2,60000,36.1,SUV,Toyota
2025,2,15000,41.5,SUV,Nissan
2025,2,75000,18.1,SUV,Audi
2025,2,55000,30.7,Convertible,Honda
2025,2,25000,43.4,Sedan,Hyundai
2025,2,22000,36.5,Sedan,Kia
2025,2,32000,27.4,Hatchback,Kia
2025,2,42000,48.8,Sedan,Kia
2025,2,40000,49.2,Coupe,Toyota
2025,2,90000,20.8,Sedan,BMW
2025,2,48000,21.2,SUV,Subaru
2025,2,32000,34.5,Sedan,Volkswagen
2025,2,48000,42.2,Sedan,Honda
2025,2,120000,22.4,Coupe,Tesla
2025,2,120000,21.6,Hatchback,Mercedes
2025,2,20000,30.2,SUV,Nissan
2025,2,70000,37.4,Hatchback,Tesla
2025,2,90000,49.0,Pickup,BMW
2025,2,20000,46.5,SUV,Honda
2025,2,32000,46.8,Sedan,Hyundai
2025,2,35000,20.5,Hatchback,Volkswagen
2025,2,38000,21.1,SUV,Ford
2025,2,70000,19.1,Coupe,BMW
2025,2,42000,19.6,Convertible,Mazda
2025,2,55000,21.6,Sedan,Audi
2025,2,15000,43.5,SUV,Hyundai
2025,2,55000,48.8,Sedan,Audi
2025,2,60000,17.8,Coupe,Audi
2025,2,40000,45.0,Pickup,Toyota
2025,2,42000,27.3,SUV,Honda
2025,2,32000,43.7,SUV,Toyota
2025,2,32000,31.6,Hatchback,Hyundai
2025,2,18000,16.5,Sedan,Volkswagen
2025,2,42000,22.2,Sedan,Honda
2025,2,60000,45.6,Sedan,Toyota
2025,2,65000,39.3,Sedan,Toyota
2025,2,32000,16.7,Sedan,Volkswagen
2025,2,22000,15.7,SUV,Kia
2025,2,90000,47.9,Sedan,Mercedes
2025,2,35000,19.2,Hatchback,Toyota
2025,2,70000,25.7,Coupe,BMW
2025,3,55000,36.8,SUV,Toyota
2025,3,70000,46.7,Hatchback,Audi
2025,3,28000,22.5,SUV,Hyundai
2025,3,50000,41.9,Sedan,BMW
2025,3,45000,34.3,SUV,BMW
2025,3,75000,20.1,Convertible,Tesla
2025,3,50000,27.0,SUV,Honda
2025,3,25000,16.1,SUV,Kia
2025,3,40000,29.7,Sedan,Nissan
2025,3,32000,34.4,SUV,Honda
2025,3,28000,39.8,SUV,Nissan
2025,3,65000,48.2,Sedan,Honda
2025,3,32000,44.6,SUV,Ford
2025,3,100000,26.6,SUV,Mercedes
2025,3,20000,37.1,SUV,Kia
2025,3,35000,21.3,SUV,Toyota
2025,3,90000,24.2,Sedan,Audi
2025,3,20000,38.9,Sedan,Honda
2025,3,75000,17.9,SUV,BMW
2025,3,100000,41.2,Sedan,Audi
2025,3,55000,36.7,SUV,Honda
2025,3,25000,17.2,SUV,Toyota
2025,3,15000,41.7,SUV,Toyota
2025,3,55000,36.7,SUV,Honda
2025,3,70000,17.3,Coupe,Tesla
2025,3,35000,26.8,Convertible,Ford
2025,3,40000,24.7,SUV,Kia
2025,3,100000,28.1,Pickup,Audi
2025,3,48000,47.1,Hatchback,Subaru
2025,3,28000,16.4,Coupe,Toyota
2025,3,30000,48.0,Sedan,Hyundai
2025,3,22000,21.8,Hatchback,Honda
2025,3,38000,48.3,SUV,Hyundai
2025,3,25000,41.2,SUV,Ford
2025,3,15000,28.5,SUV,Kia
2025,3,60000,39.0,SUV,Toyota
2025,3,120000,35.7,SUV,Tesla
2025,3,90000,17.8,SUV,Audi
2025,3,60000,27.6,Coupe,BMW
2025,3,70000,37.0,SUV,BMW
2025,3,48000,49.8,SUV,Honda
2025,3,18000,32.8,Sedan,Nissan
2025,3,120000,47.6,Coupe,Tesla
2025,3,28000,48.8,SUV,Ford
2025,3,90000,24.0,Hatchback,Mercedes
2025,3,75000,17.2,Hatchback,BMW
2025,3,28000,32.6,Sedan,Honda
2025,3,45000,46.7,SUV,BMW
2025,3,100000,32.7,SUV,Tesla
2025,3,80000,39.6,SUV,BMW
2025,3,55000,15.8,Hatchback,Honda
2025,3,25000,31.5,SUV,Honda
2025,3,100000,49.9,SUV,Audi
2025,3,75000,48.0,Sedan,BMW
2025,3,70000,30.6,Sedan,BMW
2025,3,38000,49.0,SUV,Hyundai
2025,3,18000,39.0,Pickup,Chevrolet
2025,3,45000,38.1,Sedan,Subaru
2025,3,48000,45.2,SUV,Honda
2025,3,28000,42.1,Hatchback,Honda
2025,3,30000,45.7,Sedan,Hyundai
2025,3,18000,46.6,Sedan,Hyundai
2025,3,55000,18.5,Pickup,Toyota
2025,3,75000,35.9,SUV,Mercedes
2025,3,25000,40.8,Sedan,Kia
2025,3,30000,21.3,Pickup,Toyota
2025,3,65000,50.0,Sedan,Honda
2025,3,22000,39.1,SUV,Kia
2025,3,28000,31.7,Pickup,Chevrolet
2025,3,65000,16.6,SUV,Audi
2025,3,25000,40.4,Pickup,Chevrolet
2025,3,120000,35.7,SUV,Audi
2025,3,20000,45.1,SUV,Kia
2025,3,20000,15.9,SUV,Ford
2025,3,20000,31.7,Pickup,Ford
2025,3,90000,17.2,Sedan,Mercedes
2025,3,20000,49.1,Pickup,Chevrolet
2025,3,40000,26.1,Sedan,Kia
2025,3,30000,41.4,Sedan,Nissan
2025,3,28000,35.7,Sedan,Honda
2025,4,50000,37.2,SUV,Honda
2025,4,32000,35.9,Sedan,Honda
2025,4,32000,39.9,Sedan,Nissan
2025,4,65000,47.5,SUV,Toyota
2025,4,42000,36.6,Coupe,Hyundai
2025,4,120000,16.0,Sedan,Mercedes
2025,4,90000,48.9,Convertible,Audi
2025,4,40000,22.7,Coupe,Toyota
2025,4,90000,31.8,SUV,BMW
2025,4,40000,47.3,Hatchback,Nissan
2025,4,90000,39.4,SUV,Tesla
2025,4,30000,28.8,Sedan,Hyundai
2025,4,35000,21.1,Sedan,Honda
2025,4,25000,37.9,Sedan,Hyundai
2025,4,38000,26.6,SUV,Honda
2025,4,30000,42.8,Pickup,Chevrolet
2025,4,120000,27.4,SUV,Tesla
2025,4,80000,46.8,Sedan,Audi
2025,4,30000,41.5,SUV,Kia
2025,4,80000,33.4,Convertible,BMW
2025,4,28000,42.7,SUV,Hyundai
2025,4,38000,38.2,Pickup,Toyota
2025,4,120000,46.9,Sedan,Tesla
2025,4,90000,41.3,Sedan,BMW
2025,4,120000,36.0,Pickup,Mercedes
2025,4,32000,23.9,Coupe,BMW
2025,4,80000,18.7,Sedan,Tesla
2025,4,55000,18.8,Pickup,BMW
2025,4,25000,45.6,Pickup,Chevrolet
2025,4,100000,44.4,Sedan,Tesla
2025,4,75000,27.8,SUV,Mercedes
2025,4,45000,30.2,Sedan,Audi
2025,4,18000,25.0,Sedan,Hyundai
2025,4,100000,31.4,SUV,Mercedes
2025,4,30000,36.5,SUV,Toyota
2025,4,55000,31.2,Hatchback,BMW
2025,4,48000,29.9,Hatchback,Toyota
2025,4,120000,15.1,SUV,Tesla
2025,4,50000,30.4,SUV,Toyota
2025,4,60000,40.5,Coupe,Audi
2025,4,55000,45.6,Sedan,Honda
2025,4,60000,32.7,Sedan,BMW
2025,4,45000,40.5,SUV,Toyota
2025,4,25000,16.2,Hatchback,Hyundai
2025,4,18000,47.7,SUV,Toyota
2025,4,42000,37.0,SUV,Ford
2025,4,48000,42.8,Hatchback,BMW
2025,4,25000,26.4,SUV,Kia
2025,4,20000,27.2,Sedan,Honda
2025,4,50000,47.5,Hatchback,Toyota
2025,4,70000,18.6,Sedan,BMW
2025,4,70000,33.0,Pickup,Mercedes
2025,4,15000,27.3,Hatchback,Toyota
2025,4,32000,25.5,Sedan,Kia
2025,4,20000,15.1,Sedan,Toyota
2025,4,48000,49.9,SUV,Toyota
2025,4,100000,21.8,Sedan,Mercedes
2025,4,45000,25.5,SUV,Audi
2025,4,75000,26.9,SUV,BMW
2025,4,38000,15.2,SUV,Toyota
2025,4,22000,22.1,SUV,Nissan
2025,4,15000,37.0,Hatchback,Hyundai
2025,4,22000,18.1,Coupe,Audi
2025,4,18000,29.2,Coupe,BMW
2025,4,45000,36.5,SUV,Toyota
2025,4,45000,21.9,SUV,Subaru
2025,4,90000,20.0,Sedan,BMW
2025,4,38000,47.4,SUV,Nissan
2025,4,60000,20.9,Pickup,Audi
2025,4,45000,21.6,SUV,BMW
2025,4,32000,46.6,SUV,Nissan
2025,4,32000,41.6,Coupe,Toyota
2025,4,65000,43.2,Convertible,BMW
2025,4,120000,47.3,SUV,BMW
2025,4,32000,17.0,Sedan,Honda
2025,4,28000,49.6,Sedan,Hyundai
2025,4,25000,48.9,Sedan,Nissan
2025,4,90000,42.1,Hatchback,Audi
2025,4,55000,19.7,Sedan,Audi
2025,4,20000,17.8,Sedan,Hyundai
2025,5,30000,28.4,Pickup,Toyota
2025,5,35000,38.1,Sedan,Kia
2025,5,48000,48.2,Hatchback,Audi
2025,5,25000,43.5,Sedan,Hyundai
2025,5,42000,33.9,Sedan,Kia
2025,5,45000,40.7,Sedan,Subaru
2025,5,22000,32.6,Sedan,Hyundai
2025,5,50000,35.1,Coupe,Audi
2025,5,20000,47.4,Hatchback,Toyota
2025,5,42000,42.2,Convertible,BMW
2025,5,120000,20.9,SUV,Audi
2025,5,75000,43.0,Sedan,BMW
2025,5,20000,38.1,Sedan,Honda
2025,5,100000,21.5,SUV,BMW
2025,5,15000,38.0,SUV,Kia
2025,5,120000,43.4,SUV,Tesla
2025,5,90000,19.0,Sedan,Audi
2025,5,28000,44.5,SUV,Kia
2025,5,28000,18.2,Coupe,Audi
2025,5,48000,40.9,SUV,Honda
2025,5,70000,48.6,SUV,Tesla
2025,5,32000,29.1,SUV,Hyundai
2025,5,48000,33.0,Sedan,Honda
2025,5,40000,20.4,SUV,Toyota
2025,5,120000,47.0,Sedan,Tesla
2025,5,35000,28.3,Coupe,BMW
2025,5,90000,46.4,SUV,BMW
2025,5,38000,49.4,Hatchback,Toyota
2025,5,32000,28.5,Convertible,Mazda
2025,5,55000,27.2,SUV,BMW
2025,5,120000,20.4,Hatchback,Mercedes
2025,5,22000,39.2,Sedan,Toyota
2025,5,48000,32.8,Sedan,Toyota
2025,5,60000,29.2,Convertible,Toyota
2025,5,120000,37.0,Convertible,Audi
2025,5,32000,49.7,SUV,Toyota
2025,5,45000,33.2,Hatchback,Honda
2025,5,60000,37.8,Pickup,BMW
2025,5,45000,15.9,SUV,Toyota
2025,5,30000,20.2,SUV,Ford
2025,5,20000,18.6,SUV,Hyundai
2025,5,60000,48.7,SUV,BMW
2025,5,65000,29.5,Hatchback,BMW
2025,5,25000,31.0,Sedan,Toyota
2025,5,48000,42.9,Sedan,Toyota
2025,5,35000,40.4,Sedan,Hyundai
2025,5,22000,31.4,SUV,Honda
2025,5,90000,49.5,Sedan,Tesla
2025,5,20000,34.5,SUV,Honda
2025,5,55000,39.4,Sedan,BMW
2025,5,70000,17.9,Sedan,Audi
2025,5,35000,17.7,Sedan,Honda
2025,5,45000,30.2,SUV,BMW
2025,5,65000,29.7,Sedan,Toyota
2025,5,38000,38.8,SUV,Ford
2025,5,20000,42.9,Pickup,Toyota
2025,5,20000,29.7,Sedan,Toyota
2025,5,22000,17.1,SUV,Toyota
2025,5,48000,24.6,SUV,BMW
2025,5,15000,44.6,Hatchback,Hyundai
2025,5,75000,20.9,SUV,BMW
2025,5,45000,40.4,Sedan,Audi
2025,5,28000,31.2,Coupe,BMW
2025,5,40000,28.2,SUV,Nissan
2025,5,30000,23.2,Hatchback,Toyota
2025,5,120000,29.6,SUV,Tesla
2025,5,22000,37.5,Sedan,Kia
2025,5,50000,15.4,SUV,Subaru
2025,5,45000,41.3,Sedan,Audi
2025,5,20000,28.6,Hatchback,Kia
2025,5,70000,17.9,Sedan,BMW
2025,5,18000,15.2,Hatchback,Toyota
2025,5,120000,30.5,SUV,Mercedes
2025,5,15000,47.6,Coupe,BMW
2025,5,42000,49.9,Coupe,BMW
2025,5,70000,41.9,Sedan,BMW
2025,5,42000,31.3,Sedan,Toyota
2025,5,45000,28.9,SUV,Honda
2025,5,42000,28.8,SUV,Honda
2025,5,20000,30.0,Sedan,Volkswagen
2025,6,28000,29.7,SUV,Honda
2025,6,20000,49.4,Coupe,BMW
2025,6,70000,16.3,Hatchback,Audi
2025,6,120000,48.9,SUV,Audi
2025,6,42000,48.1,Sedan,Hyundai
2025,6,15000,40.9,SUV,Ford
2025,6,28000,44.6,SUV,Hyundai
2025,6,15000,20.0,SUV,Toyota
2025,6,48000,37.7,Hatchback,Subaru
2025,6,15000,21.3,Sedan,Hyundai
2025,6,90000,47.2,Convertible,Mercedes
2025,6,70000,45.9,Sedan,Tesla
2025,6,50000,15.9,Hatchback,Toyota
2025,6,42000,44.2,SUV,Toyota
2025,6,22000,40.6,Convertible,Mazda
2025,6,70000,29.2,Hatchback,Mercedes
2025,6,28000,46.5,Sedan,Hyundai
2025,6,42000,31.5,Sedan,Toyota
2025,6,22000,32.8,Hatchback,Honda
2025,6,30000,47.1,Sedan,Volkswagen
2025,6,120000,29.3,Hatchback,Tesla
2025,6,22000,31.7,Sedan,Toyota
2025,6,55000,25.2,Pickup,BMW
2025,6,42000,26.4,SUV,Kia
2025,6,28000,15.4,Convertible,Mazda
2025,6,32000,40.0,Coupe,BMW
2025,6,25000,25.2,Convertible,Mazda
2025,6,20000,15.8,SUV,Hyundai
2025,6,40000,37.0,Hatchback,Toyota
2025,6,55000,36.6,Sedan,Audi
2025,6,100000,49.6,SUV,BMW
2025,6,20000,31.8,Sedan,Honda
2025,6,42000,35.1,SUV,Hyundai
2025,6,22000,48.0,Convertible,BMW
2025,6,18000,36.4,Sedan,Volkswagen
2025,6,50000,39.4,Sedan,Toyota
2025,6,40000,45.9,Sedan,Volkswagen
2025,6,32000,27.3,Sedan,Honda
2025,6,42000,40.6,Coupe,Toyota
2025,6,32000,42.4,Hatchback,Toyota
2025,6,75000,46.1,Sedan,BMW
2025,6,25000,32.0,Pickup,Ford
2025,6,42000,17.9,Hatchback,Hyundai
2025,6,32000,36.2,SUV,Kia
2025,6,22000,38.7,Convertible,Ford
2025,6,60000,32.7,Sedan,Honda
2025,6,35000,27.9,Sedan,Honda
2025,6,65000,25.8,Sedan,Honda
2025,6,80000,19.5,Hatchback,Mercedes
2025,6,30000,38.4,Pickup,Ford
2025,6,55000,26.6,SUV,BMW
2025,6,32000,44.0,Coupe,Audi
2025,6,65000,43.3,Coupe,BMW
2025,6,38000,24.0,Hatchback,Kia
2025,6,18000,23.4,SUV,Kia
2025,6,20000,30.9,Pickup,Chevrolet
2025,6,75000,42.5,SUV,Audi
2025,6,32000,23.6,Pickup,Chevrolet
2025,6,70000,49.2,SUV,Audi
2025,6,90000,37.8,SUV,Tesla
2025,6,40000,29.7,SUV,Toyota
2025,6,65000,28.6,Sedan,Audi
2025,6,60000,35.0,Sedan,Audi
2025,6,30000,22.2,Sedan,Hyundai
2025,6,30000,37.2,Hatchback,Kia
2025,6,100000,15.2,Sedan,BMW
2025,6,80000,23.6,SUV,Tesla
2025,6,100000,25.2,Pickup,BMW
2025,6,15000,37.7,SUV,Toyota
2025,6,20000,20.7,SUV,Toyota
2025,6,35000,26.0,Sedan,Honda
2025,6,50000,29.6,SUV,Honda
2025,6,40000,22.2,SUV,Kia
2025,6,55000,24.1,Sedan,Audi
2025,6,32000,44.4,SUV,Kia
2025,6,32000,17.6,Pickup,Ford
2025,6,35000,22.7,Hatchback,Toyota
2025,6,22000,32.3,Hatchback,Honda
2025,6,48000,22.9,SUV,Toyota
2025,6,80000,34.0,SUV,Mercedes
2025,7,25000,27.2,Sedan,Hyundai
2025,7,45000,42.2,SUV,Audi
2025,7,48000,40.9,SUV,Audi
2025,7,65000,26.6,Sedan,Toyota
2025,7,30000,28.8,SUV,Honda
2025,7,70000,17.4,SUV,Tesla
2025,7,90000,35.7,SUV,Mercedes
2025,7,40000,22.9,SUV,Honda
2025,7,28000,35.7,Convertible,Ford
2025,7,20000,16.9,Sedan,Honda
2025,7,25000,32.9,Convertible,Mazda
2025,7,90000,26.0,SUV,Audi
2025,7,40000,18.4,Coupe,BMW
2025,7,22000,31.5,Coupe,BMW
2025,7,25000,22.6,SUV,Hyundai
2025,7,32000,39.3,Convertible,Ford
2025,7,38000,40.9,Convertible,BMW
2025,7,120000,38.7,Pickup,Mercedes
2025,7,75000,16.1,Sedan,BMW
2025,7,45000,45.4,Sedan,BMW
2025,7,70000,25.3,SUV,Mercedes
2025,7,42000,22.5,Hatchback,Kia
2025,7,45000,26.5,SUV,BMW
2025,7,22000,36.1,Sedan,Toyota
2025,7,22000,35.9,Convertible,Mazda
2025,7,20000,47.8,Sedan,Kia
2025,7,35000,44.9,Hatchback,Honda
2025,7,20000,29.5,Pickup,Ford
2025,7,55000,40.2,SUV,Subaru
2025,7,70000,39.7,Coupe,BMW
2025,7,40000,21.7,SUV,Ford
2025,7,30000,22.2,Hatchback,Toyota
2025,7,40000,34.5,Sedan,Volkswagen
2025,7,22000,21.9,Pickup,Toyota
2025,7,120000,23.3,Hatchback,Mercedes
2025,7,55000,34.3,SUV,BMW
2025,7,120000,34.5,Convertible,Tesla
2025,7,15000,28.5,Sedan,Volkswagen
2025,7,30000,21.6,Pickup,Chevrolet
2025,7,80000,25.8,Hatchback,BMW
2025,7,15000,19.2,Sedan,Volkswagen
2025,7,65000,21.6,Sedan,Honda
2025,7,100000,25.6,SUV,Mercedes
2025,7,35000,38.1,Sedan,Hyundai
2025,7,65000,42.4,Sedan,Audi
2025,7,40000,32.8,Sedan,Hyundai
2025,7,15000,20.7,Sedan,Hyundai
2025,7,60000,19.4,Coupe,Honda
2025,7,35000,17.4,Convertible,BMW
2025,7,35000,22.7,Sedan,Kia
2025,7,25000,27.2,Convertible,Mazda
2025,7,65000,42.1,SUV,Toyota
2025,7,35000,30.2,Convertible,Ford
2025,7,32000,39.9,Hatchback,Hyundai
2025,7,50000,43.2,SUV,BMW
2025,7,50000,36.2,Hatchback,Audi
2025,7,120000,31.2,SUV,BMW
2025,7,80000,28.1,SUV,BMW
2025,7,35000,30.7,Coupe,Toyota
2025,7,38000,40.1,SUV,Toyota
2025,7,28000,15.6,SUV,Hyundai
2025,7,32000,21.5,Sedan,Kia
2025,7,30000,45.3,Sedan,Kia
2025,7,40000,23.6,Hatchback,Volkswagen
2025,7,22000,20.5,Sedan,Honda
2025,7,38000,36.7,Sedan,Kia
2025,7,35000,24.9,Sedan,Honda
2025,7,30000,19.2,Sedan,Hyundai
2025,7,120000,23.4,Sedan,Audi
2025,7,20000,25.1,Pickup,Toyota
2025,7,18000,41.9,SUV,Kia
2025,7,30000,26.1,Sedan,Hyundai
2025,7,28000,34.1,Pickup,Ford
2025,7,100000,40.9,Hatchback,Audi
2025,7,35000,48.5,SUV,Toyota
2025,7,120000,26.9,Pickup,Mercedes
2025,7,70000,27.4,SUV,Audi
2025,7,50000,20.5,SUV,Toyota
2025,7,20000,32.5,SUV,Honda
2025,7,70000,35.4,SUV,BMW
2025,8,50000,32.3,Sedan,Toyota
2025,8,65000,41.2,SUV,Honda
2025,8,20000,42.6,Sedan,Toyota
2025,8,55000,40.5,Coupe,Subaru
2025,8,90000,42.5,SUV,BMW
2025,8,100000,42.8,SUV,Mercedes
2025,8,15000,49.0,Pickup,Chevrolet
2025,8,50000,26.4,SUV,Audi
2025,8,35000,37.2,Sedan,Hyundai
2025,8,100000,17.7,Sedan,Audi
2025,8,100000,23.0,Convertible,Mercedes
2025,8,55000,28.7,Convertible,Audi
2025,8,20000,48.0,Coupe,BMW
2025,8,48000,18.9,SUV,BMW
2025,8,18000,37.8,SUV,Honda
2025,8,100000,43.9,SUV,Audi
2025,8,22000,18.8,Convertible,Mazda
2025,8,20000,43.9,SUV,Kia
2025,8,120000,46.9,SUV,BMW
2025,8,80000,21.2,Sedan,Audi
2025,8,120000,40.5,SUV,Mercedes
2025,8,42000,47.2,Coupe,Toyota
2025,8,20000,42.4,SUV,Honda
2025,8,75000,50.0,SUV,BMW
2025,8,65000,38.6,Pickup,BMW
2025,8,42000,27.7,Sedan,Hyundai
2025,8,30000,35.3,Convertible,Ford
2025,8,75000,34.0,SUV,Audi
2025,8,120000,42.6,Sedan,Mercedes
2025,8,20000,41.8,Hatchback,Hyundai
2025,8,28000,37.9,Sedan,Honda
2025,8,18000,24.1,Sedan,Honda
2025,8,20000,35.8,Convertible,BMW
2025,8,20000,21.3,Sedan,Hyundai
2025,8,18000,33.1,Coupe,Toyota
2025,8,15000,39.4,Hatchback,Honda
2025,8,75000,45.7,SUV,Tesla
2025,8,40000,42.1,Hatchback,Volkswagen
2025,8,38000,17.6,SUV,Hyundai
2025,8,100000,28.4,Sedan,BMW
2025,8,45000,33.6,Pickup,Audi
2025,8,90000,48.6,SUV,BMW
2025,8,70000,48.1,Sedan,BMW
2025,8,70000,17.5,Sedan,Audi
2025,8,42000,47.7,Sedan,Kia
2025,8,90000,27.4,Sedan,Mercedes
2025,8,100000,48.3,Sedan,BMW
2025,8,80000,41.6,Pickup,Tesla
2025,8,45000,42.3,Sedan,Honda
2025,8,60000,36.5,SUV,Honda
2025,8,50000,39.3,Pickup,BMW
2025,8,42000,22.7,SUV,Toyota
2025,8,75000,33.6,Sedan,Audi
2025,8,100000,49.8,Sedan,Mercedes
2025,8,65000,29.6,Hatchback,Toyota
2025,8,20000,28.3,Coupe,Hyundai
2025,8,60000,48.0,SUV,Toyota
2025,8,60000,46.4,SUV,Subaru
2025,8,15000,15.8,SUV,Ford
2025,8,100000,20.7,Sedan,Audi
2025,8,42000,36.1,Pickup,Toyota
2025,8,60000,44.5,SUV,BMW
2025,8,15000,43.7,SUV,Hyundai
2025,8,30000,26.3,Convertible,Mazda
2025,8,100000,47.1,SUV,BMW
2025,8,40000,41.6,Coupe,Audi
2025,8,120000,26.4,Sedan,BMW
2025,8,15000,22.8,Sedan,Hyundai
2025,8,60000,43.5,SUV,BMW
2025,8,18000,42.8,Pickup,Chevrolet
2025,8,50000,16.6,Coupe,Audi
2025,8,42000,25.6,SUV,Honda
2025,8,25000,38.3,SUV,Hyundai
2025,8,35000,24.3,SUV,Toyota
2025,8,30000,48.8,Sedan,Toyota
2025,8,15000,17.6,SUV,Honda
2025,8,75000,23.6,SUV,BMW
2025,8,20000,32.2,Sedan,Toyota
2025,8,45000,19.8,Sedan,Subaru
2025,8,120000,17.2,SUV,Mercedes
2025,9,38000,27.9,Sedan,Hyundai
2025,9,100000,22.2,Hatchback,Mercedes
2025,9,45000,37.4,Hatchback,Subaru
2025,9,28000,16.8,Hatchback,Toyota
2025,9,75000,17.9,SUV,BMW
2025,9,42000,22.5,Hatchback,Nissan
2025,9,100000,44.2,Pickup,Mercedes
2025,9,28000,22.0,Pickup,Ford
2025,9,20000,22.1,Coupe,Audi
2025,9,25000,33.6,Coupe,Audi
2025,9,48000,33.5,Sedan,Toyota
2025,9,65000,29.6,Coupe,Toyota
2025,9,55000,21.8,Sedan,Subaru
2025,9,100000,33.2,SUV,Mercedes
2025,9,75000,39.6,Coupe,BMW
2025,9,80000,31.1,Sedan,Audi
2025,9,32000,31.0,Pickup,Chevrolet
2025,9,35000,17.5,Hatchback,Honda
2025,9,100000,25.7,SUV,Tesla
2025,9,90000,32.1,Coupe,BMW
2025,9,38000,16.9,Convertible,BMW
2025,9,80000,41.8,SUV,BMW
2025,9,38000,41.0,Pickup,Ford
2025,9,18000,39.6,SUV,Kia
2025,9,15000,49.6,Hatchback,Kia
2025,9,48000,28.5,SUV,Toyota
2025,9,18000,16.3,SUV,Ford
2025,9,120000,41.8,SUV,Tesla
2025,9,25000,16.8,Hatchback,Kia
2025,9,15000,37.4,Coupe,Audi
2025,9,35000,46.4,Sedan,Toyota
2025,9,18000,19.6,SUV,Nissan
2025,9,28000,49.1,Hatchback,Hyundai
2025,9,15000,26.9,Sedan,Hyundai
2025,9,20000,15.2,SUV,Hyundai
2025,9,22000,26.3,Hatchback,Toyota
2025,9,20000,18.6,SUV,Toyota
2025,9,25000,26.8,Convertible,BMW
2025,9,120000,18.9,Hatchback,Mercedes
2025,9,32000,43.6,SUV,Toyota
2025,9,42000,36.1,Coupe,Audi
2025,9,22000,45.0,SUV,Hyundai
2025,9,38000,28.1,Coupe,Hyundai
2025,9,50000,35.2,Sedan,Toyota
2025,9,120000,31.0,Convertible,Mercedes
2025,9,25000,34.6,SUV,Toyota
2025,9,70000,44.6,Convertible,Mercedes
2025,9,48000,22.3,SUV,Toyota
2025,9,120000,30.9,SUV,Audi
2025,9,90000,26.5,Hatchback,Audi
2025,9,40000,35.0,Pickup,Chevrolet
2025,9,120000,23.7,SUV,BMW
2025,9,100000,16.8,Coupe,BMW
2025,9,80000,27.0,SUV,BMW
2025,9,32000,38.1,Convertible,BMW
2025,9,100000,45.9,Sedan,BMW
2025,9,38000,36.9,Sedan,Hyundai
2025,9,15000,26.3,SUV,Hyundai
2025,9,48000,15.2,Coupe,Audi
2025,9,65000,35.0,Hatchback,Toyota
2025,9,50000,46.4,Sedan,Audi
2025,9,55000,19.4,Coupe,BMW
2025,9,18000,26.3,SUV,Toyota
2025,9,22000,24.0,Hatchback,Kia
2025,9,15000,44.6,Sedan,Honda
2025,9,45000,26.8,Hatchback,BMW
2025,9,32000,30.8,SUV,Toyota
2025,9,38000,30.2,SUV,Nissan
2025,9,28000,40.7,Sedan,Nissan
2025,9,22000,45.8,Sedan,Hyundai
2025,9,32000,42.5,Coupe,BMW
2025,9,45000,36.3,SUV,Subaru
2025,9,28000,41.4,Sedan,Nissan
2025,9,18000,18.4,SUV,Hyundai
2025,9,65000,18.2,SUV,Subaru
2025,9,42000,48.7,Hatchback,Nissan
2025,9,70000,42.9,SUV,Tesla
2025,9,65000,38.9,Coupe,Honda
2025,9,30000,42.2,Sedan,Honda
2025,9,70000,38.2,Hatchback,BMW
2025,10,65000,34.5,SUV,Toyota
2025,10,75000,48.9,Convertible,Mercedes
2025,10,80000,41.4,SUV,BMW
2025,10,22000,20.8,SUV,Toyota
2025,10,45000,28.5,SUV,Subaru
2025,10,65000,40.6,SUV,Subaru
2025,10,30000,34.7,Convertible,Ford
2025,10,100000,21.4,Coupe,Tesla
2025,10,90000,46.6,SUV,Mercedes
2025,10,18000,34.8,Sedan,Toyota
2025,10,22000,17.0,Coupe,Audi
2025,10,38000,24.1,SUV,Ford
2025,10,100000,37.7,Pickup,Tesla
2025,10,42000,22.0,SUV,Toyota
2025,10,40000,26.4,SUV,Toyota
2025,10,25000,34.9,Pickup,Chevrolet
2025,10,15000,43.1,Coupe,BMW
2025,10,18000,46.4,Hatchback,Toyota
2025,10,15000,40.8,Sedan,Hyundai
2025,10,40000,30.2,Sedan,Toyota
2025,10,30000,40.6,Sedan,Hyundai
2025,10,28000,27.8,Sedan,Toyota
2025,10,35000,36.6,SUV,Honda
2025,10,60000,46.8,Sedan,Subaru
2025,10,90000,33.0,Coupe,BMW
2025,10,15000,41.9,Pickup,Chevrolet
2025,10,70000,17.3,SUV,BMW
2025,10,70000,30.4,Pickup,Audi
2025,10,50000,33.8,SUV,Subaru
2025,10,30000,16.6,Hatchback,Honda
2025,10,55000,31.5,SUV,Subaru
2025,10,75000,25.0,Convertible,BMW
2025,10,100000,16.2,Hatchback,Tesla
2025,10,70000,49.1,SUV,Audi
2025,10,32000,18.6,SUV,Hyundai
2025,10,28000,21.6,Pickup,Toyota
2025,10,42000,41.5,Hatchback,Toyota
2025,10,70000,30.1,Sedan,BMW
2025,10,40000,25.8,Convertible,Ford
2025,10,120000,19.7,Sedan,Tesla
2025,10,25000,20.9,Sedan,Honda
2025,10,30000,22.0,SUV,Ford
2025,10,60000,34.9,Sedan,Toyota
2025,10,38000,33.1,Pickup,Chevrolet
2025,10,40000,40.9,Hatchback,Hyundai
2025,10,100000,40.6,Sedan,Audi
2025,10,55000,27.0,Pickup,BMW
2025,10,38000,25.5,Hatchback,Toyota
2025,10,48000,49.7,Coupe,BMW
2025,10,60000,36.2,Sedan,Honda
2025,10,50000,33.8,Convertible,Subaru
2025,10,18000,35.5,SUV,Toyota
2025,10,65000,19.4,Sedan,Toyota
2025,10,15000,45.5,Coupe,Toyota
2025,10,22000,49.9,Hatchback,Nissan
2025,10,35000,41.1,Convertible,Mazda
2025,10,65000,15.4,Sedan,BMW
2025,10,25000,23.7,Coupe,BMW
2025,10,45000,39.0,Convertible,Honda
2025,10,100000,20.2,Convertible,BMW
2025,10,28000,37.3,SUV,Honda
2025,10,60000,18.3,Sedan,Toyota
2025,10,120000,28.7,Coupe,BMW
2025,10,60000,38.3,SUV,BMW
2025,10,70000,29.0,Coupe,Tesla
2025,10,60000,36.3,SUV,Toyota
2025,10,60000,39.5,Sedan,Honda
2025,10,32000,21.9,Coupe,BMW
2025,10,35000,44.5,Convertible,Ford
2025,10,35000,25.7,Sedan,Nissan
2025,10,100000,41.0,Sedan,Audi
2025,10,80000,45.1,Sedan,BMW
2025,10,42000,48.6,Pickup,Chevrolet
2025,10,28000,35.7,Hatchback,Honda
2025,10,30000,39.7,Sedan,Honda
2025,10,25000,35.6,SUV,Toyota
2025,10,70000,40.5,Pickup,Tesla
2025,10,55000,24.3,SUV,Audi
2025,10,22000,48.9,SUV,Toyota
2025,10,30000,20.0,SUV,Ford
2025,11,80000,18.2,Pickup,BMW
2025,11,20000,39.5,SUV,Toyota
2025,11,22000,35.2,Sedan,Kia
2025,11,40000,45.0,SUV,Honda
2025,11,18000,30.3,SUV,Toyota
2025,11,42000,27.8,Sedan,Hyundai
2025,11,80000,36.5,Sedan,Tesla
2025,11,45000,38.2,Pickup,Subaru
2025,11,48000,19.1,SUV,Honda
2025,11,100000,35.9,Sedan,Mercedes
2025,11,38000,19.0,Hatchback,Hyundai
2025,11,50000,31.7,Sedan,Toyota
2025,11,120000,30.3,SUV,BMW
2025,11,20000,21.2,Sedan,Kia
2025,11,65000,39.5,Coupe,BMW
2025,11,80000,44.1,Pickup,BMW
2025,11,80000,24.4,SUV,BMW
2025,11,50000,47.7,SUV,Subaru
2025,11,15000,33.6,SUV,Toyota
2025,11,90000,28.0,SUV,Tesla
2025,11,70000,44.8,Sedan,Audi
2025,11,40000,19.1,Pickup,Ford
2025,11,30000,27.5,Coupe,Audi
2025,11,65000,32.7,Sedan,Audi
2025,11,15000,20.7,Sedan,Hyundai
2025,11,32000,23.2,Pickup,Toyota
2025,11,20000,16.1,Convertible,Mazda
2025,11,70000,35.7,Sedan,Tesla
2025,11,70000,25.6,SUV,Tesla
2025,11,45000,29.9,SUV,Audi
2025,11,120000,31.5,Coupe,BMW
2025,11,40000,49.6,SUV,Toyota
2025,11,20000,45.8,Coupe,Hyundai
2025,11,75000,19.1,Coupe,Audi
2025,11,50000,45.2,Sedan,Subaru
2025,11,32000,21.5,SUV,Nissan
2025,11,42000,16.2,Sedan,Toyota
2025,11,45000,41.0,Hatchback,Audi
2025,11,48000,33.3,Coupe,Audi
2025,11,38000,46.4,Coupe,BMW
2025,11,90000,19.3,Hatchback,Mercedes
2025,11,65000,46.7,SUV,Toyota
2025,11,90000,18.4,Hatchback,Tesla
2025,11,20000,19.5,SUV,Nissan
2025,11,100000,34.8,Hatchback,Tesla
2025,11,38000,31.8,Convertible,BMW
2025,11,35000,17.0,Convertible,Mazda
2025,11,15000,35.0,Pickup,Ford
2025,11,20000,24.2,Sedan,Hyundai
2025,11,22000,24.5,Hatchback,Honda
2025,11,38000,35.6,Sedan,Hyundai
2025,11,28000,28.0,Sedan,Hyundai
2025,11,20000,46.2,Coupe,Hyundai
2025,11,60000,48.1,Coupe,Honda
2025,11,70000,49.1,Hatchback,BMW
2025,11,75000,41.1,Hatchback,Mercedes
2025,11,25000,33.6,Sedan,Kia
2025,11,90000,41.4,Convertible,Mercedes
2025,11,55000,23.4,Convertible,BMW
2025,11,35000,37.0,Sedan,Honda
2025,11,22000,27.7,Hatchback,Volkswagen
2025,11,20000,30.8,Hatchback,Toyota
2025,11,75000,40.5,Pickup,Audi
2025,11,70000,32.9,Sedan,BMW
2025,11,20000,20.9,Sedan,Honda
2025,11,32000,25.1,SUV,Hyundai
2025,11,100000,15.3,Convertible,BMW
2025,11,80000,49.5,Coupe,Tesla
2025,11,32000,43.3,Sedan,Kia
2025,11,35000,35.1,Convertible,Mazda
2025,11,35000,38.2,Hatchback,Hyundai
2025,11,22000,26.4,SUV,Nissan
2025,11,28000,36.4,Pickup,Chevrolet
2025,11,35000,46.8,Hatchback,Hyundai
2025,11,120000,49.1,SUV,Tesla
2025,11,18000,30.3,Hatchback,Kia
2025,11,40000,42.9,Convertible,Mazda
2025,11,32000,21.3,SUV,Hyundai
2025,11,70000,15.9,Sedan,Audi
2025,11,90000,44.8,Coupe,Tesla
2025,12,70000,35.2,Sedan,Mercedes
2025,12,100000,42.2,Sedan,Mercedes
2025,12,32000,32.5,Sedan,Kia
2025,12,70000,49.8,Sedan,Mercedes
2025,12,32000,35.9,Sedan,Honda
2025,12,25000,20.0,Coupe,Hyundai
2025,12,35000,34.3,SUV,Toyota
2025,12,55000,35.9,Hatchback,Subaru
2025,12,90000,19.5,Sedan,BMW
2025,12,50000,16.6,SUV,Toyota
2025,12,28000,48.6,SUV,Hyundai
2025,12,90000,35.3,Sedan,Audi
2025,12,70000,48.0,Sedan,Mercedes
2025,12,18000,49.7,Sedan,Honda
2025,12,38000,21.6,SUV,Hyundai
2025,12,75000,21.6,Sedan,Audi
2025,12,42000,36.6,Hatchback,Hyundai
2025,12,20000,17.1,Sedan,Honda
2025,12,42000,24.8,SUV,Honda
2025,12,38000,31.9,Sedan,Kia
2025,12,75000,16.1,Sedan,Mercedes
2025,12,40000,18.9,Sedan,Volkswagen
2025,12,18000,30.8,Coupe,BMW
2025,12,65000,34.7,SUV,Audi
2025,12,18000,49.4,Sedan,Toyota
2025,12,30000,44.9,Sedan,Kia
2025,12,18000,24.3,SUV,Kia
2025,12,20000,43.6,Hatchback,Honda
2025,12,80000,28.0,SUV,BMW
2025,12,38000,48.9,SUV,Toyota
2025,12,45000,44.7,SUV,Audi
2025,12,28000,46.6,Sedan,Volkswagen
2025,12,45000,33.2,Hatchback,Subaru
2025,12,90000,20.2,Hatchback,BMW
2025,12,100000,26.6,Convertible,Mercedes
2025,12,30000,24.1,Sedan,Honda
2025,12,60000,32.3,SUV,Audi
2025,12,32000,23.8,Sedan,Honda
2025,12,22000,16.9,Hatchback,Kia
2025,12,90000,35.3,Sedan,BMW
2025,12,100000,26.1,Sedan,Tesla
2025,12,30000,30.2,Sedan,Toyota
2025,12,60000,44.7,SUV,Toyota
2025,12,65000,40.9,Sedan,BMW
2025,12,18000,16.1,Sedan,Hyundai
2025,12,60000,34.4,Sedan,Honda
2025,12,15000,25.6,Hatchback,Kia
2025,12,90000,30.7,Coupe,BMW
2025,12,70000,25.1,SUV,Tesla
2025,12,65000,42.0,Sedan,Audi
2025,12,50000,25.0,Sedan,BMW
2025,12,32000,19.2,Coupe,Toyota
2025,12,120000,38.2,Pickup,BMW
2025,12,35000,18.1,SUV,Toyota
2025,12,48000,33.2,Sedan,Audi
2025,12,55000,45.6,Sedan,BMW
2025,12,40000,35.7,SUV,Toyota
2025,12,60000,45.6,SUV,Toyota
2025,12,55000,39.8,Pickup,Subaru
2025,12,22000,29.7,Sedan,Kia
2025,12,42000,15.4,SUV,Hyundai
2025,12,90000,42.0,Hatchback,Mercedes
2025,12,25000,45.9,SUV,Toyota
2025,12,20000,48.0,SUV,Nissan
2025,12,15000,28.8,SUV,Ford
2025,12,40000,46.0,SUV,Kia
2025,12,55000,23.2,Sedan,Toyota
2025,12,38000,45.5,SUV,Honda
2025,12,60000,34.6,Pickup,Subaru
2025,12,15000,34.7,SUV,Kia
2025,12,80000,39.2,Convertible,Mercedes
2025,12,90000,20.4,Hatchback,BMW
2025,12,50000,30.3,Coupe,BMW
2025,12,55000,33.1,Sedan,Toyota
2025,12,45000,49.4,Sedan,Toyota
2025,12,25000,40.7,SUV,Toyota
2025,12,42000,31.1,SUV,Kia
2025,12,15000,37.0,Hatchback,Volkswagen
2025,12,48000,39.0,Sedan,Audi
2025,12,55000,31.0,SUV,Audi
